vsg ,M0:vdsat vsd 0 ,M0:vdsat vsd 0.1 ,M0:vdsat vsd 0.2 ,M0:vdsat vsd 0.3 ,M0:vdsat vsd 0.4 ,M0:vdsat vsd 0.5 ,M0:vdsat vsd 0.6 ,M0:vdsat vsd 0.7 ,M0:vdsat vsd 0.8 ,M0:vdsat vsd 0.9 ,M0:vdsat vsd 1 ,M0:vdsat vsd 1.1 ,M0:vdsat vsd 1.2 ,M0:self_gain vsd 0 ,M0:self_gain vsd 0.1 ,M0:self_gain vsd 0.2 ,M0:self_gain vsd 0.3 ,M0:self_gain vsd 0.4 ,M0:self_gain vsd 0.5 ,M0:self_gain vsd 0.6 ,M0:self_gain vsd 0.7 ,M0:self_gain vsd 0.8 ,M0:self_gain vsd 0.9 ,M0:self_gain vsd 1 ,M0:self_gain vsd 1.1 ,M0:self_gain vsd 1.2 ,M0:gmoverid vsd 0 ,M0:gmoverid vsd 0.1 ,M0:gmoverid vsd 0.2 ,M0:gmoverid vsd 0.3 ,M0:gmoverid vsd 0.4 ,M0:gmoverid vsd 0.5 ,M0:gmoverid vsd 0.6 ,M0:gmoverid vsd 0.7 ,M0:gmoverid vsd 0.8 ,M0:gmoverid vsd 0.9 ,M0:gmoverid vsd 1 ,M0:gmoverid vsd 1.1 ,M0:gmoverid vsd 1.2 ,M0:id vsd 0 ,M0:id vsd 0.1 ,M0:id vsd 0.2 ,M0:id vsd 0.3 ,M0:id vsd 0.4 ,M0:id vsd 0.5 ,M0:id vsd 0.6 ,M0:id vsd 0.7 ,M0:id vsd 0.8 ,M0:id vsd 0.9 ,M0:id vsd 1 ,M0:id vsd 1.1 ,M0:id vsd 1.2 ,M0:region vsd 0 ,M0:region vsd 0.1 ,M0:region vsd 0.2 ,M0:region vsd 0.3 ,M0:region vsd 0.4 ,M0:region vsd 0.5 ,M0:region vsd 0.6 ,M0:region vsd 0.7 ,M0:region vsd 0.8 ,M0:region vsd 0.9 ,M0:region vsd 1 ,M0:region vsd 1.1 ,M0:region vsd 1.2 ,M0:gmbs vsd 0 ,M0:gmbs vsd 0.1 ,M0:gmbs vsd 0.2 ,M0:gmbs vsd 0.3 ,M0:gmbs vsd 0.4 ,M0:gmbs vsd 0.5 ,M0:gmbs vsd 0.6 ,M0:gmbs vsd 0.7 ,M0:gmbs vsd 0.8 ,M0:gmbs vsd 0.9 ,M0:gmbs vsd 1 ,M0:gmbs vsd 1.1 ,M0:gmbs vsd 1.2 ,M0:gm vsd 0 ,M0:gm vsd 0.1 ,M0:gm vsd 0.2 ,M0:gm vsd 0.3 ,M0:gm vsd 0.4 ,M0:gm vsd 0.5 ,M0:gm vsd 0.6 ,M0:gm vsd 0.7 ,M0:gm vsd 0.8 ,M0:gm vsd 0.9 ,M0:gm vsd 1 ,M0:gm vsd 1.1 ,M0:gm vsd 1.2 ,M0:gds vsd 0 ,M0:gds vsd 0.1 ,M0:gds vsd 0.2 ,M0:gds vsd 0.3 ,M0:gds vsd 0.4 ,M0:gds vsd 0.5 ,M0:gds vsd 0.6 ,M0:gds vsd 0.7 ,M0:gds vsd 0.8 ,M0:gds vsd 0.9 ,M0:gds vsd 1 ,M0:gds vsd 1.1 ,M0:gds vsd 1.2 ,M0:ft vsd 0 ,M0:ft vsd 0.1 ,M0:ft vsd 0.2 ,M0:ft vsd 0.3 ,M0:ft vsd 0.4 ,M0:ft vsd 0.5 ,M0:ft vsd 0.6 ,M0:ft vsd 0.7 ,M0:ft vsd 0.8 ,M0:ft vsd 0.9 ,M0:ft vsd 1 ,M0:ft vsd 1.1 ,M0:ft vsd 1.2 ,M0:csb vsd 0 ,M0:csb vsd 0.1 ,M0:csb vsd 0.2 ,M0:csb vsd 0.3 ,M0:csb vsd 0.4 ,M0:csb vsd 0.5 ,M0:csb vsd 0.6 ,M0:csb vsd 0.7 ,M0:csb vsd 0.8 ,M0:csb vsd 0.9 ,M0:csb vsd 1 ,M0:csb vsd 1.1 ,M0:csb vsd 1.2 ,M0:cgs vsd 0 ,M0:cgs vsd 0.1 ,M0:cgs vsd 0.2 ,M0:cgs vsd 0.3 ,M0:cgs vsd 0.4 ,M0:cgs vsd 0.5 ,M0:cgs vsd 0.6 ,M0:cgs vsd 0.7 ,M0:cgs vsd 0.8 ,M0:cgs vsd 0.9 ,M0:cgs vsd 1 ,M0:cgs vsd 1.1 ,M0:cgs vsd 1.2 ,M0:cgd vsd 0 ,M0:cgd vsd 0.1 ,M0:cgd vsd 0.2 ,M0:cgd vsd 0.3 ,M0:cgd vsd 0.4 ,M0:cgd vsd 0.5 ,M0:cgd vsd 0.6 ,M0:cgd vsd 0.7 ,M0:cgd vsd 0.8 ,M0:cgd vsd 0.9 ,M0:cgd vsd 1 ,M0:cgd vsd 1.1 ,M0:cgd vsd 1.2 ,M0:cdb vsd 0 ,M0:cdb vsd 0.1 ,M0:cdb vsd 0.2 ,M0:cdb vsd 0.3 ,M0:cdb vsd 0.4 ,M0:cdb vsd 0.5 ,M0:cdb vsd 0.6 ,M0:cdb vsd 0.7 ,M0:cdb vsd 0.8 ,M0:cdb vsd 0.9 ,M0:cdb vsd 1 ,M0:cdb vsd 1.1 ,M0:cdb vsd 1.2 
0.000,-84.02E-3,-84.08E-3,-84.09E-3,-84.10E-3,-84.11E-3,-84.12E-3,-84.13E-3,-84.14E-3,-84.15E-3,-84.16E-3,-84.17E-3,-84.18E-3,-84.19E-3,0.000,9.710,15.79,16.86,17.45,17.82,18.07,18.25,18.39,18.50,18.58,18.65,18.71,0.000,29.85,29.85,29.86,29.87,29.88,29.89,29.90,29.90,29.91,29.92,29.93,29.93,-1.947E-12,-28.30E-12,-36.83E-12,-46.70E-12,-59.07E-12,-74.64E-12,-94.21E-12,-118.7E-12,-149.2E-12,-188.0E-12,-240.7E-12,-322.8E-12,-470.5E-12,0.000,0.000,0.000,0.000,0.000,0.000,0.000,0.000,0.000,0.000,0.000,0.000,0.000,0.000,69.73E-12,85.26E-12,100.6E-12,117.6E-12,136.8E-12,158.6E-12,183.6E-12,212.1E-12,244.7E-12,282.0E-12,324.6E-12,373.4E-12,0.000,738.2E-12,917.9E-12,1.102E-9,1.311E-9,1.554E-9,1.836E-9,2.164E-9,2.549E-9,2.998E-9,3.524E-9,4.140E-9,4.860E-9,602.1E-12,76.02E-12,58.13E-12,65.35E-12,75.16E-12,87.19E-12,101.6E-12,118.6E-12,138.6E-12,162.1E-12,189.7E-12,222.0E-12,259.8E-12,0.000,110.8E3,139.1E3,168.2E3,201.5E3,239.9E3,284.5E3,336.6E3,397.4E3,468.6E3,551.9E3,649.5E3,763.7E3,761.7E-18,761.7E-18,761.7E-18,761.7E-18,761.7E-18,761.7E-18,761.7E-18,761.7E-18,761.7E-18,761.7E-18,761.7E-18,761.7E-18,761.7E-18,413.3E-18,413.3E-18,413.3E-18,413.3E-18,413.3E-18,413.3E-18,413.3E-18,413.3E-18,413.3E-18,413.3E-18,413.3E-18,413.3E-18,413.3E-18,413.3E-18,402.7E-18,392.7E-18,384.6E-18,378.2E-18,373.2E-18,369.2E-18,365.8E-18,363.1E-18,360.7E-18,358.7E-18,356.9E-18,355.3E-18,761.7E-18,724.3E-18,692.4E-18,664.9E-18,641.0E-18,619.9E-18,601.2E-18,584.5E-18,569.5E-18,555.9E-18,543.6E-18,532.3E-18,521.9E-18
50.00E-3,-84.09E-3,-84.15E-3,-84.17E-3,-84.18E-3,-84.19E-3,-84.20E-3,-84.21E-3,-84.22E-3,-84.23E-3,-84.23E-3,-84.24E-3,-84.25E-3,-84.26E-3,0.000,9.748,15.82,16.87,17.46,17.83,18.08,18.26,18.40,18.51,18.59,18.66,18.72,0.000,29.95,29.95,29.95,29.96,29.97,29.98,29.98,29.99,30.00,30.01,30.01,30.02,-1.947E-12,-113.8E-12,-143.2E-12,-174.3E-12,-210.9E-12,-254.6E-12,-306.8E-12,-369.3E-12,-444.2E-12,-534.1E-12,-643.8E-12,-784.6E-12,-982.6E-12,0.000,0.000,0.000,0.000,0.000,0.000,0.000,0.000,0.000,0.000,0.000,0.000,0.000,0.000,306.8E-12,375.2E-12,442.7E-12,517.8E-12,602.6E-12,699.2E-12,809.4E-12,935.4E-12,1.080E-9,1.244E-9,1.433E-9,1.649E-9,0.000,3.302E-9,4.106E-9,4.930E-9,5.870E-9,6.958E-9,8.223E-9,9.700E-9,11.43E-9,13.45E-9,15.81E-9,18.58E-9,21.82E-9,2.688E-9,338.8E-12,259.6E-12,292.2E-12,336.2E-12,390.2E-12,454.7E-12,531.1E-12,621.0E-12,726.6E-12,850.4E-12,995.6E-12,1.166E-9,0.000,493.5E3,619.9E3,750.7E3,900.0E3,1.073E6,1.273E6,1.507E6,1.781E6,2.101E6,2.476E6,2.914E6,3.429E6,761.7E-18,761.7E-18,761.7E-18,761.7E-18,761.7E-18,761.7E-18,761.7E-18,761.7E-18,761.7E-18,761.7E-18,761.7E-18,761.7E-18,761.7E-18,417.9E-18,417.9E-18,417.9E-18,417.9E-18,417.9E-18,417.9E-18,417.9E-18,417.9E-18,417.9E-18,417.9E-18,417.9E-18,417.9E-18,417.9E-18,417.9E-18,408.1E-18,397.5E-18,388.4E-18,381.2E-18,375.6E-18,371.1E-18,367.4E-18,364.4E-18,361.8E-18,359.6E-18,357.7E-18,356.1E-18,761.7E-18,724.3E-18,692.4E-18,664.9E-18,641.0E-18,619.9E-18,601.2E-18,584.5E-18,569.5E-18,555.9E-18,543.6E-18,532.3E-18,521.9E-18
100.0E-3,-84.17E-3,-84.22E-3,-84.24E-3,-84.25E-3,-84.26E-3,-84.27E-3,-84.28E-3,-84.29E-3,-84.30E-3,-84.31E-3,-84.32E-3,-84.33E-3,-84.34E-3,0.000,9.783,15.84,16.89,17.47,17.84,18.09,18.27,18.41,18.52,18.60,18.67,18.73,0.000,30.03,30.03,30.04,30.04,30.05,30.06,30.06,30.07,30.08,30.08,30.09,30.10,-1.938E-12,-497.5E-12,-620.2E-12,-747.1E-12,-893.1E-12,-1.063E-9,-1.263E-9,-1.497E-9,-1.773E-9,-2.097E-9,-2.480E-9,-2.936E-9,-3.491E-9,0.000,0.000,0.000,0.000,0.000,0.000,0.000,0.000,0.000,0.000,0.000,0.000,0.000,0.000,1.360E-9,1.662E-9,1.962E-9,2.296E-9,2.673E-9,3.102E-9,3.593E-9,4.154E-9,4.795E-9,5.530E-9,6.370E-9,7.331E-9,0.000,14.83E-9,18.45E-9,22.15E-9,26.39E-9,31.28E-9,36.99E-9,43.64E-9,51.43E-9,60.54E-9,71.20E-9,83.69E-9,98.32E-9,12.06E-9,1.516E-9,1.165E-9,1.312E-9,1.510E-9,1.753E-9,2.044E-9,2.388E-9,2.793E-9,3.269E-9,3.828E-9,4.483E-9,5.251E-9,0.000,2.209E6,2.774E6,3.363E6,4.037E6,4.816E6,5.722E6,6.778E6,8.013E6,9.458E6,11.15E6,13.13E6,15.46E6,761.7E-18,761.7E-18,761.7E-18,761.7E-18,761.7E-18,761.7E-18,761.7E-18,761.7E-18,761.7E-18,761.7E-18,761.7E-18,761.7E-18,761.7E-18,421.8E-18,421.8E-18,421.8E-18,421.8E-18,421.8E-18,421.8E-18,421.8E-18,421.8E-18,421.8E-18,421.8E-18,421.8E-18,421.8E-18,421.8E-18,421.8E-18,413.3E-18,402.7E-18,392.7E-18,384.6E-18,378.2E-18,373.2E-18,369.2E-18,365.8E-18,363.1E-18,360.7E-18,358.7E-18,356.9E-18,761.7E-18,724.3E-18,692.4E-18,664.9E-18,641.0E-18,619.9E-18,601.2E-18,584.5E-18,569.5E-18,555.9E-18,543.6E-18,532.3E-18,521.9E-18
150.0E-3,-84.24E-3,-84.30E-3,-84.31E-3,-84.33E-3,-84.34E-3,-84.34E-3,-84.35E-3,-84.36E-3,-84.37E-3,-84.38E-3,-84.39E-3,-84.40E-3,-84.41E-3,0.000,9.817,15.86,16.90,17.48,17.85,18.10,18.28,18.42,18.53,18.61,18.68,18.74,0.000,30.11,30.11,30.11,30.12,30.12,30.13,30.13,30.14,30.14,30.15,30.15,30.16,-1.920E-12,-2.225E-9,-2.768E-9,-3.327E-9,-3.967E-9,-4.708E-9,-5.573E-9,-6.584E-9,-7.767E-9,-9.155E-9,-10.78E-9,-12.69E-9,-14.94E-9,0.000,0.000,0.000,0.000,0.000,0.000,0.000,0.000,0.000,0.000,0.000,0.000,0.000,0.000,6.062E-9,7.412E-9,8.751E-9,10.24E-9,11.93E-9,13.85E-9,16.04E-9,18.55E-9,21.42E-9,24.71E-9,28.47E-9,32.78E-9,0.000,66.88E-9,83.17E-9,99.91E-9,119.0E-9,141.2E-9,166.9E-9,197.0E-9,232.2E-9,273.4E-9,321.7E-9,378.2E-9,444.4E-9,54.29E-9,6.813E-9,5.244E-9,5.912E-9,6.809E-9,7.907E-9,9.222E-9,10.78E-9,12.61E-9,14.76E-9,17.28E-9,20.25E-9,23.72E-9,0.000,9.930E6,12.46E6,15.12E6,18.17E6,21.70E6,25.81E6,30.59E6,36.18E6,42.73E6,50.40E6,59.38E6,69.90E6,761.8E-18,761.7E-18,761.7E-18,761.7E-18,761.7E-18,761.7E-18,761.7E-18,761.7E-18,761.7E-18,761.7E-18,761.7E-18,761.7E-18,761.7E-18,425.1E-18,425.1E-18,425.1E-18,425.1E-18,425.1E-18,425.1E-18,425.1E-18,425.1E-18,425.1E-18,425.1E-18,425.1E-18,425.1E-18,425.1E-18,425.1E-18,417.9E-18,408.1E-18,397.5E-18,388.4E-18,381.2E-18,375.6E-18,371.1E-18,367.4E-18,364.4E-18,361.8E-18,359.6E-18,357.7E-18,761.8E-18,724.3E-18,692.4E-18,664.9E-18,641.0E-18,619.9E-18,601.2E-18,584.5E-18,569.5E-18,555.9E-18,543.6E-18,532.3E-18,521.9E-18
200.0E-3,-84.32E-3,-84.37E-3,-84.39E-3,-84.40E-3,-84.41E-3,-84.42E-3,-84.43E-3,-84.44E-3,-84.45E-3,-84.47E-3,-84.48E-3,-84.49E-3,-84.50E-3,0.000,9.847,15.88,16.91,17.49,17.86,18.11,18.29,18.43,18.53,18.62,18.69,18.74,0.000,30.17,30.17,30.17,30.17,30.17,30.18,30.18,30.18,30.17,30.17,30.17,30.16,-1.889E-12,-10.03E-9,-12.47E-9,-14.99E-9,-17.86E-9,-21.18E-9,-25.06E-9,-29.58E-9,-34.88E-9,-41.07E-9,-48.33E-9,-56.83E-9,-66.79E-9,0.000,0.000,0.000,0.000,0.000,0.000,3.000,3.000,3.000,3.000,3.000,3.000,3.000,0.000,27.17E-9,33.22E-9,39.23E-9,45.92E-9,53.49E-9,62.11E-9,71.95E-9,83.21E-9,96.08E-9,110.8E-9,127.7E-9,146.9E-9,0.000,302.5E-9,376.1E-9,451.8E-9,538.4E-9,638.6E-9,755.2E-9,891.4E-9,1.051E-6,1.237E-6,1.455E-6,1.710E-6,2.009E-6,245.3E-9,30.72E-9,23.68E-9,26.72E-9,30.78E-9,35.75E-9,41.70E-9,48.73E-9,57.01E-9,66.73E-9,78.14E-9,91.51E-9,107.2E-9,0.000,44.77E6,56.12E6,68.09E6,81.91E6,97.91E6,116.5E6,138.2E6,163.5E6,193.1E6,227.8E6,268.4E6,315.9E6,761.9E-18,761.9E-18,761.9E-18,761.9E-18,761.9E-18,761.9E-18,761.9E-18,761.9E-18,761.9E-18,761.9E-18,761.9E-18,761.9E-18,761.9E-18,429.1E-18,429.2E-18,429.2E-18,429.2E-18,429.2E-18,429.2E-18,429.2E-18,429.2E-18,429.2E-18,429.2E-18,429.2E-18,429.2E-18,429.2E-18,429.1E-18,421.8E-18,413.3E-18,402.7E-18,392.7E-18,384.6E-18,378.2E-18,373.2E-18,369.2E-18,365.8E-18,363.1E-18,360.7E-18,358.7E-18,761.9E-18,724.3E-18,692.5E-18,665.0E-18,641.1E-18,620.0E-18,601.3E-18,584.6E-18,569.6E-18,556.0E-18,543.6E-18,532.3E-18,522.0E-18
250.0E-3,-84.40E-3,-84.46E-3,-84.48E-3,-84.49E-3,-84.51E-3,-84.52E-3,-84.53E-3,-84.55E-3,-84.56E-3,-84.58E-3,-84.60E-3,-84.62E-3,-84.64E-3,0.000,9.863,15.89,16.92,17.50,17.87,18.12,18.30,18.43,18.54,18.62,18.69,18.74,0.000,30.18,30.18,30.17,30.16,30.15,30.13,30.11,30.09,30.07,30.04,30.00,29.96,-1.843E-12,-45.35E-9,-56.38E-9,-67.73E-9,-80.69E-9,-95.69E-9,-113.1E-9,-133.5E-9,-157.3E-9,-185.1E-9,-217.6E-9,-255.6E-9,-300.0E-9,3.000,3.000,3.000,3.000,3.000,3.000,3.000,3.000,3.000,3.000,3.000,3.000,3.000,0.000,122.1E-9,149.2E-9,176.1E-9,206.1E-9,239.9E-9,278.4E-9,322.2E-9,372.3E-9,429.3E-9,494.4E-9,568.5E-9,652.9E-9,0.000,1.369E-6,1.701E-6,2.043E-6,2.433E-6,2.884E-6,3.408E-6,4.019E-6,4.731E-6,5.562E-6,6.532E-6,7.664E-6,8.982E-6,1.109E-6,138.8E-9,107.0E-9,120.8E-9,139.1E-9,161.4E-9,188.1E-9,219.7E-9,256.7E-9,300.1E-9,350.8E-9,410.1E-9,479.3E-9,0.000,200.7E6,251.0E6,304.2E6,365.9E6,437.5E6,520.5E6,617.2E6,729.7E6,861.0E6,1.014E9,1.193E9,1.401E9,763.0E-18,762.6E-18,762.6E-18,762.6E-18,762.6E-18,762.6E-18,762.6E-18,762.6E-18,762.6E-18,762.6E-18,762.6E-18,762.6E-18,762.6E-18,441.2E-18,441.7E-18,441.7E-18,441.7E-18,441.7E-18,441.7E-18,441.7E-18,441.7E-18,441.7E-18,441.7E-18,441.7E-18,441.7E-18,441.7E-18,441.2E-18,424.9E-18,417.9E-18,408.1E-18,397.5E-18,388.4E-18,381.2E-18,375.6E-18,371.1E-18,367.4E-18,364.4E-18,361.8E-18,359.6E-18,763.0E-18,724.7E-18,692.8E-18,665.4E-18,641.4E-18,620.4E-18,601.7E-18,585.0E-18,569.9E-18,556.4E-18,544.0E-18,532.7E-18,522.4E-18
300.0E-3,-84.53E-3,-84.59E-3,-84.62E-3,-84.65E-3,-84.67E-3,-84.70E-3,-84.73E-3,-84.77E-3,-84.81E-3,-84.85E-3,-84.91E-3,-84.96E-3,-85.03E-3,0.000,9.817,15.88,16.90,17.48,17.85,18.10,18.28,18.41,18.51,18.59,18.66,18.71,0.000,30.01,29.97,29.92,29.86,29.80,29.72,29.63,29.53,29.41,29.28,29.13,28.97,-1.779E-12,-204.5E-9,-254.0E-9,-304.7E-9,-362.5E-9,-429.2E-9,-506.4E-9,-596.2E-9,-700.5E-9,-821.7E-9,-962.5E-9,-1.126E-6,-1.315E-6,3.000,3.000,3.000,3.000,3.000,3.000,3.000,3.000,3.000,3.000,3.000,3.000,3.000,0.000,544.4E-9,664.2E-9,782.0E-9,912.3E-9,1.058E-6,1.223E-6,1.409E-6,1.619E-6,1.856E-6,2.122E-6,2.421E-6,2.755E-6,0.000,6.136E-6,7.612E-6,9.118E-6,10.83E-6,12.79E-6,15.05E-6,17.66E-6,20.68E-6,24.17E-6,28.18E-6,32.80E-6,38.09E-6,4.982E-6,625.0E-9,479.4E-9,539.4E-9,619.3E-9,716.4E-9,831.5E-9,966.4E-9,1.123E-6,1.305E-6,1.516E-6,1.758E-6,2.036E-6,0.000,857.9E6,1.070E9,1.291E9,1.547E9,1.844E9,2.187E9,2.582E9,3.037E9,3.562E9,4.166E9,4.861E9,5.659E9,768.1E-18,766.1E-18,766.1E-18,766.1E-18,766.1E-18,766.1E-18,766.1E-18,766.1E-18,766.1E-18,766.1E-18,766.1E-18,766.1E-18,766.1E-18,497.0E-18,500.4E-18,500.6E-18,500.6E-18,500.6E-18,500.6E-18,500.6E-18,500.6E-18,500.6E-18,500.6E-18,500.6E-18,500.6E-18,500.6E-18,497.0E-18,427.8E-18,421.8E-18,413.3E-18,402.7E-18,392.7E-18,384.6E-18,378.2E-18,373.2E-18,369.2E-18,365.8E-18,363.1E-18,360.7E-18,768.1E-18,726.6E-18,694.7E-18,667.3E-18,643.3E-18,622.2E-18,603.6E-18,586.9E-18,571.8E-18,558.3E-18,545.9E-18,534.6E-18,524.2E-18
350.0E-3,-84.86E-3,-84.94E-3,-85.01E-3,-85.08E-3,-85.17E-3,-85.26E-3,-85.37E-3,-85.49E-3,-85.63E-3,-85.79E-3,-85.96E-3,-86.16E-3,-86.39E-3,0.000,9.530,15.75,16.81,17.39,17.77,18.01,18.19,18.32,18.42,18.50,18.56,18.61,0.000,29.10,28.98,28.80,28.60,28.37,28.12,27.85,27.56,27.25,26.92,26.56,26.19,-1.691E-12,-900.8E-9,-1.115E-6,-1.331E-6,-1.573E-6,-1.850E-6,-2.166E-6,-2.528E-6,-2.943E-6,-3.416E-6,-3.956E-6,-4.570E-6,-5.266E-6,3.000,3.000,3.000,3.000,3.000,3.000,3.000,3.000,3.000,3.000,3.000,3.000,3.000,0.000,2.316E-6,2.807E-6,3.273E-6,3.775E-6,4.325E-6,4.930E-6,5.593E-6,6.320E-6,7.114E-6,7.977E-6,8.913E-6,9.921E-6,0.000,26.21E-6,32.31E-6,38.32E-6,44.99E-6,52.48E-6,60.92E-6,70.42E-6,81.10E-6,93.08E-6,106.5E-6,121.4E-6,137.9E-6,21.51E-6,2.751E-6,2.051E-6,2.280E-6,2.587E-6,2.954E-6,3.382E-6,3.871E-6,4.426E-6,5.052E-6,5.755E-6,6.539E-6,7.412E-6,0.000,3.132E9,3.884E9,4.631E9,5.478E9,6.442E9,7.530E9,8.754E9,10.13E9,11.66E9,13.38E9,15.29E9,17.41E9,785.0E-18,778.4E-18,778.3E-18,778.3E-18,778.3E-18,778.3E-18,778.3E-18,778.3E-18,778.3E-18,778.3E-18,778.3E-18,778.3E-18,778.3E-18,682.8E-18,709.1E-18,709.8E-18,709.7E-18,709.7E-18,709.7E-18,709.7E-18,709.7E-18,709.7E-18,709.7E-18,709.7E-18,709.7E-18,709.7E-18,682.8E-18,433.9E-18,424.8E-18,417.9E-18,408.1E-18,397.5E-18,388.4E-18,381.2E-18,375.6E-18,371.1E-18,367.4E-18,364.4E-18,361.8E-18,785.0E-18,733.8E-18,701.6E-18,674.2E-18,650.2E-18,629.2E-18,610.5E-18,593.8E-18,578.8E-18,565.2E-18,552.8E-18,541.5E-18,531.2E-18
400.0E-3,-86.02E-3,-86.17E-3,-86.38E-3,-86.64E-3,-86.92E-3,-87.25E-3,-87.60E-3,-88.00E-3,-88.44E-3,-88.92E-3,-89.45E-3,-90.03E-3,-90.66E-3,0.000,8.553,15.33,16.51,17.14,17.54,17.80,17.99,18.13,18.24,18.32,18.39,18.44,0.000,26.44,26.24,25.88,25.49,25.08,24.66,24.23,23.78,23.33,22.87,22.39,21.91,-1.568E-12,-3.643E-6,-4.470E-6,-5.261E-6,-6.128E-6,-7.089E-6,-8.159E-6,-9.353E-6,-10.68E-6,-12.16E-6,-13.80E-6,-15.60E-6,-17.60E-6,3.000,3.000,3.000,3.000,3.000,3.000,3.000,3.000,3.000,3.000,3.000,3.000,3.000,0.000,8.477E-6,10.15E-6,11.57E-6,13.04E-6,14.58E-6,16.19E-6,17.89E-6,19.68E-6,21.54E-6,23.48E-6,25.48E-6,27.54E-6,0.000,96.31E-6,117.3E-6,136.1E-6,156.2E-6,177.8E-6,201.2E-6,226.6E-6,254.0E-6,283.7E-6,315.4E-6,349.4E-6,385.6E-6,82.03E-6,11.26E-6,7.649E-6,8.247E-6,9.110E-6,10.14E-6,11.30E-6,12.59E-6,14.01E-6,15.55E-6,17.21E-6,19.00E-6,20.91E-6,0.000,9.165E9,11.34E9,13.21E9,15.23E9,17.45E9,19.87E9,22.49E9,25.32E9,28.36E9,31.62E9,35.10E9,38.80E9,809.3E-18,797.7E-18,797.0E-18,797.0E-18,797.0E-18,797.0E-18,797.0E-18,797.0E-18,797.0E-18,797.0E-18,797.0E-18,797.0E-18,797.0E-18,960.1E-18,1.057E-15,1.061E-15,1.060E-15,1.060E-15,1.060E-15,1.060E-15,1.060E-15,1.060E-15,1.060E-15,1.060E-15,1.060E-15,1.060E-15,960.1E-18,459.0E-18,427.5E-18,421.8E-18,413.3E-18,402.7E-18,392.7E-18,384.6E-18,378.2E-18,373.2E-18,369.2E-18,365.8E-18,363.1E-18,809.3E-18,747.2E-18,713.7E-18,686.2E-18,662.3E-18,641.2E-18,622.5E-18,605.8E-18,590.8E-18,577.2E-18,564.8E-18,553.6E-18,543.2E-18
450.0E-3,-89.79E-3,-90.11E-3,-90.69E-3,-91.36E-3,-92.10E-3,-92.89E-3,-93.73E-3,-94.63E-3,-95.58E-3,-96.59E-3,-97.64E-3,-98.75E-3,-99.91E-3,0.000,6.543,14.44,15.95,16.70,17.16,17.47,17.69,17.85,17.97,18.07,18.15,18.21,0.000,22.03,22.00,21.56,21.08,20.59,20.10,19.60,19.10,18.60,18.11,17.62,17.14,-1.377E-12,-12.30E-6,-14.99E-6,-17.28E-6,-19.69E-6,-22.27E-6,-25.04E-6,-28.03E-6,-31.26E-6,-34.72E-6,-38.45E-6,-42.43E-6,-46.69E-6,3.000,3.000,3.000,3.000,3.000,3.000,3.000,3.000,2.000,2.000,2.000,2.000,2.000,0.000,23.77E-6,28.37E-6,31.49E-6,34.45E-6,37.35E-6,40.23E-6,43.09E-6,45.91E-6,48.70E-6,51.42E-6,54.08E-6,56.65E-6,0.000,271.0E-6,329.8E-6,372.6E-6,415.1E-6,458.5E-6,503.2E-6,549.4E-6,597.0E-6,646.0E-6,696.3E-6,747.7E-6,800.2E-6,249.7E-6,41.42E-6,22.84E-6,23.37E-6,24.86E-6,26.72E-6,28.81E-6,31.07E-6,33.45E-6,35.95E-6,38.53E-6,41.21E-6,43.95E-6,0.000,21.34E9,27.22E9,30.88E9,34.54E9,38.35E9,42.32E9,46.43E9,50.65E9,54.97E9,59.39E9,63.90E9,68.50E9,827.1E-18,814.1E-18,811.5E-18,811.4E-18,811.4E-18,811.4E-18,811.4E-18,811.4E-18,811.4E-18,811.4E-18,811.4E-18,811.4E-18,811.4E-18,1.176E-15,1.345E-15,1.363E-15,1.362E-15,1.362E-15,1.361E-15,1.361E-15,1.361E-15,1.361E-15,1.361E-15,1.361E-15,1.361E-15,1.361E-15,1.176E-15,551.4E-18,432.2E-18,425.1E-18,418.0E-18,408.1E-18,397.5E-18,388.4E-18,381.2E-18,375.6E-18,371.1E-18,367.4E-18,364.4E-18,827.1E-18,762.7E-18,724.6E-18,696.8E-18,672.8E-18,651.8E-18,633.1E-18,616.4E-18,601.3E-18,587.8E-18,575.4E-18,564.1E-18,553.8E-18
500.0E-3,-98.38E-3,-98.94E-3,-99.99E-3,-101.2E-3,-102.4E-3,-103.7E-3,-105.1E-3,-106.5E-3,-107.9E-3,-109.4E-3,-110.9E-3,-112.4E-3,-114.0E-3,0.000,3.975,12.79,15.01,15.98,16.56,16.95,17.23,17.43,17.59,17.71,17.81,17.89,0.000,16.71,17.18,16.79,16.34,15.89,15.45,15.01,14.59,14.17,13.77,13.38,13.00,-1.077E-12,-32.44E-6,-39.92E-6,-45.04E-6,-50.11E-6,-55.31E-6,-60.73E-6,-66.38E-6,-72.29E-6,-78.47E-6,-84.93E-6,-91.67E-6,-98.69E-6,1.000,2.000,2.000,2.000,2.000,2.000,2.000,2.000,2.000,2.000,2.000,2.000,2.000,0.000,47.53E-6,58.65E-6,63.48E-6,67.47E-6,71.07E-6,74.39E-6,77.49E-6,80.37E-6,83.05E-6,85.52E-6,87.78E-6,89.85E-6,0.000,542.2E-6,685.9E-6,756.2E-6,818.8E-6,879.0E-6,938.0E-6,996.4E-6,1.054E-3,1.112E-3,1.169E-3,1.226E-3,1.283E-3,575.4E-6,136.4E-6,53.61E-6,50.39E-6,51.23E-6,53.06E-6,55.34E-6,57.84E-6,60.49E-6,63.23E-6,66.03E-6,68.86E-6,71.73E-6,0.000,36.76E9,51.15E9,56.94E9,61.87E9,66.70E9,71.54E9,76.36E9,81.13E9,85.83E9,90.47E9,95.07E9,99.62E9,838.0E-18,826.7E-18,820.9E-18,820.4E-18,820.3E-18,820.3E-18,820.3E-18,820.3E-18,820.3E-18,820.3E-18,820.3E-18,820.3E-18,820.3E-18,1.315E-15,1.510E-15,1.572E-15,1.569E-15,1.568E-15,1.567E-15,1.567E-15,1.567E-15,1.567E-15,1.567E-15,1.567E-15,1.567E-15,1.567E-15,1.315E-15,740.5E-18,446.9E-18,428.5E-18,422.1E-18,413.3E-18,402.7E-18,392.8E-18,384.6E-18,378.2E-18,373.2E-18,369.2E-18,365.8E-18,838.0E-18,778.7E-18,732.7E-18,704.0E-18,680.0E-18,658.9E-18,640.2E-18,623.5E-18,608.4E-18,594.8E-18,582.5E-18,571.2E-18,560.8E-18
550.0E-3,-111.9E-3,-112.7E-3,-114.1E-3,-115.7E-3,-117.3E-3,-119.0E-3,-120.7E-3,-122.4E-3,-124.1E-3,-125.9E-3,-127.6E-3,-129.5E-3,-131.3E-3,0.000,2.185,10.25,13.63,14.99,15.76,16.27,16.63,16.89,17.10,17.27,17.40,17.50,0.000,11.91,12.91,12.70,12.37,12.04,11.72,11.40,11.09,10.79,10.50,10.22,9.954,-630.1E-15,-65.97E-6,-84.31E-6,-93.67E-6,-102.2E-6,-110.6E-6,-119.1E-6,-127.8E-6,-136.6E-6,-145.7E-6,-155.0E-6,-164.5E-6,-174.3E-6,1.000,1.000,2.000,2.000,2.000,2.000,2.000,2.000,2.000,2.000,2.000,2.000,2.000,0.000,69.42E-6,92.51E-6,99.01E-6,103.3E-6,106.7E-6,109.6E-6,112.1E-6,114.2E-6,116.1E-6,117.6E-6,118.9E-6,120.0E-6,0.000,786.0E-6,1.089E-3,1.189E-3,1.265E-3,1.332E-3,1.396E-3,1.456E-3,1.515E-3,1.572E-3,1.628E-3,1.682E-3,1.735E-3,1.035E-3,359.6E-6,106.2E-6,87.25E-6,84.38E-6,84.53E-6,85.80E-6,87.60E-6,89.69E-6,91.94E-6,94.29E-6,96.70E-6,99.16E-6,0.000,47.85E9,75.12E9,84.06E9,89.81E9,94.96E9,99.95E9,104.8E9,109.5E9,114.0E9,118.3E9,122.5E9,126.6E9,844.8E-18,836.3E-18,827.6E-18,826.2E-18,826.1E-18,826.0E-18,826.0E-18,826.0E-18,826.0E-18,826.0E-18,826.0E-18,826.0E-18,826.0E-18,1.406E-15,1.591E-15,1.715E-15,1.713E-15,1.710E-15,1.709E-15,1.709E-15,1.709E-15,1.709E-15,1.709E-15,1.709E-15,1.709E-15,1.709E-15,1.406E-15,948.5E-18,490.7E-18,434.5E-18,425.8E-18,418.2E-18,408.2E-18,397.6E-18,388.5E-18,381.2E-18,375.6E-18,371.1E-18,367.4E-18,844.8E-18,791.8E-18,740.2E-18,709.2E-18,684.8E-18,663.6E-18,644.9E-18,628.2E-18,613.2E-18,599.6E-18,587.2E-18,575.9E-18,565.6E-18
600.0E-3,-128.9E-3,-129.8E-3,-131.4E-3,-133.2E-3,-135.1E-3,-137.0E-3,-138.9E-3,-140.8E-3,-142.7E-3,-144.7E-3,-146.6E-3,-148.6E-3,-150.6E-3,0.000,1.340,7.298,11.87,13.76,14.79,15.45,15.92,16.26,16.53,16.75,16.92,17.06,0.000,8.579,9.699,9.685,9.486,9.262,9.037,8.816,8.600,8.391,8.189,7.993,7.804,-145.4E-18,-109.4E-6,-147.7E-6,-163.1E-6,-175.7E-6,-187.6E-6,-199.3E-6,-210.9E-6,-222.6E-6,-234.4E-6,-246.4E-6,-258.5E-6,-270.8E-6,1.000,1.000,2.000,2.000,2.000,2.000,2.000,2.000,2.000,2.000,2.000,2.000,2.000,0.000,84.32E-6,121.2E-6,130.4E-6,134.8E-6,137.7E-6,139.9E-6,141.5E-6,142.7E-6,143.5E-6,144.0E-6,144.3E-6,144.2E-6,0.000,938.4E-6,1.432E-3,1.580E-3,1.667E-3,1.737E-3,1.801E-3,1.859E-3,1.914E-3,1.967E-3,2.018E-3,2.066E-3,2.113E-3,1.567E-3,700.2E-6,196.2E-6,133.1E-6,121.1E-6,117.5E-6,116.5E-6,116.8E-6,117.7E-6,119.0E-6,120.5E-6,122.1E-6,123.9E-6,0.000,53.23E9,91.96E9,106.5E9,113.3E9,118.6E9,123.4E9,128.0E9,132.4E9,136.6E9,140.5E9,144.2E9,147.7E9,849.2E-18,842.9E-18,833.4E-18,830.5E-18,830.0E-18,829.9E-18,829.9E-18,829.9E-18,829.9E-18,829.9E-18,829.9E-18,829.9E-18,829.9E-18,1.469E-15,1.633E-15,1.807E-15,1.818E-15,1.814E-15,1.812E-15,1.812E-15,1.811E-15,1.811E-15,1.811E-15,1.811E-15,1.811E-15,1.811E-15,1.469E-15,1.113E-15,585.9E-18,448.4E-18,430.4E-18,422.7E-18,413.6E-18,402.8E-18,392.8E-18,384.6E-18,378.2E-18,373.2E-18,369.2E-18,849.2E-18,800.8E-18,748.6E-18,713.6E-18,688.4E-18,667.1E-18,648.3E-18,631.6E-18,616.5E-18,603.0E-18,590.6E-18,579.3E-18,568.9E-18
650.0E-3,-148.0E-3,-148.9E-3,-150.7E-3,-152.7E-3,-154.7E-3,-156.8E-3,-158.8E-3,-160.9E-3,-163.0E-3,-165.0E-3,-167.1E-3,-169.2E-3,-171.4E-3,0.000,912.9E-3,4.770,9.854,12.36,13.69,14.53,15.12,15.56,15.90,16.17,16.39,16.56,0.000,6.373,7.373,7.541,7.440,7.295,7.141,6.986,6.835,6.686,6.542,6.401,6.265,856.7E-15,-158.3E-6,-225.4E-6,-250.1E-6,-267.3E-6,-282.8E-6,-297.6E-6,-312.1E-6,-326.5E-6,-340.8E-6,-355.1E-6,-369.5E-6,-383.9E-6,1.000,1.000,2.000,2.000,2.000,2.000,2.000,2.000,2.000,2.000,2.000,2.000,2.000,0.000,92.68E-6,140.9E-6,154.5E-6,159.4E-6,161.9E-6,163.4E-6,164.1E-6,164.4E-6,164.3E-6,163.9E-6,163.2E-6,162.1E-6,0.000,1.009E-3,1.662E-3,1.886E-3,1.989E-3,2.063E-3,2.125E-3,2.181E-3,2.231E-3,2.279E-3,2.323E-3,2.365E-3,2.405E-3,2.118E-3,1.105E-3,348.5E-6,191.4E-6,161.0E-6,150.7E-6,146.3E-6,144.2E-6,143.4E-6,143.3E-6,143.7E-6,144.3E-6,145.2E-6,0.000,54.62E9,99.78E9,121.8E9,130.8E9,136.4E9,141.0E9,145.4E9,149.4E9,153.2E9,156.7E9,159.9E9,162.9E9,852.4E-18,847.5E-18,838.8E-18,834.0E-18,833.0E-18,832.8E-18,832.7E-18,832.7E-18,832.7E-18,832.7E-18,832.7E-18,832.7E-18,832.7E-18,1.515E-15,1.659E-15,1.852E-15,1.899E-15,1.894E-15,1.891E-15,1.890E-15,1.889E-15,1.889E-15,1.889E-15,1.888E-15,1.888E-15,1.888E-15,1.515E-15,1.232E-15,727.8E-18,478.6E-18,437.7E-18,427.2E-18,418.8E-18,408.4E-18,397.7E-18,388.5E-18,381.3E-18,375.6E-18,371.1E-18,852.4E-18,806.6E-18,757.3E-18,718.0E-18,691.4E-18,669.8E-18,650.9E-18,634.1E-18,619.1E-18,605.5E-18,593.1E-18,581.8E-18,571.5E-18
700.0E-3,-168.6E-3,-169.6E-3,-171.5E-3,-173.6E-3,-175.8E-3,-177.9E-3,-180.1E-3,-182.3E-3,-184.5E-3,-186.7E-3,-188.9E-3,-191.1E-3,-193.4E-3,0.000,653.2E-3,3.048,7.756,10.81,12.48,13.53,14.25,14.79,15.21,15.54,15.80,16.02,0.000,4.842,5.671,5.982,5.961,5.872,5.767,5.658,5.549,5.441,5.335,5.232,5.131,1.998E-12,-208.9E-6,-311.5E-6,-349.8E-6,-372.9E-6,-392.2E-6,-410.1E-6,-427.3E-6,-444.0E-6,-460.6E-6,-477.0E-6,-493.3E-6,-509.6E-6,1.000,1.000,2.000,2.000,2.000,2.000,2.000,2.000,2.000,2.000,2.000,2.000,2.000,0.000,95.14E-6,151.2E-6,170.7E-6,176.7E-6,179.0E-6,180.0E-6,180.1E-6,179.6E-6,178.7E-6,177.4E-6,175.9E-6,174.1E-6,0.000,1.012E-3,1.767E-3,2.093E-3,2.223E-3,2.303E-3,2.365E-3,2.418E-3,2.464E-3,2.506E-3,2.545E-3,2.581E-3,2.615E-3,2.651E-3,1.549E-3,579.6E-6,269.8E-6,205.7E-6,184.5E-6,174.9E-6,169.6E-6,166.6E-6,164.8E-6,163.8E-6,163.3E-6,163.2E-6,0.000,53.03E9,100.2E9,129.7E9,142.0E9,148.4E9,153.0E9,157.1E9,160.9E9,164.3E9,167.4E9,170.3E9,172.9E9,854.6E-18,850.7E-18,843.5E-18,837.2E-18,835.5E-18,835.0E-18,834.9E-18,834.8E-18,834.8E-18,834.8E-18,834.8E-18,834.8E-18,834.8E-18,1.549E-15,1.677E-15,1.864E-15,1.956E-15,1.958E-15,1.953E-15,1.951E-15,1.950E-15,1.950E-15,1.949E-15,1.949E-15,1.949E-15,1.949E-15,1.549E-15,1.318E-15,882.3E-18,534.1E-18,451.1E-18,432.7E-18,423.8E-18,414.0E-18,403.1E-18,392.9E-18,384.7E-18,378.3E-18,373.2E-18,854.6E-18,810.6E-18,765.0E-18,723.0E-18,694.3E-18,672.1E-18,653.0E-18,636.2E-18,621.1E-18,607.5E-18,595.1E-18,583.8E-18,573.5E-18
750.0E-3,-190.4E-3,-191.5E-3,-193.6E-3,-195.8E-3,-198.0E-3,-200.3E-3,-202.6E-3,-204.9E-3,-207.2E-3,-209.5E-3,-211.8E-3,-214.1E-3,-216.5E-3,0.000,482.2E-3,2.007,5.810,9.173,11.19,12.45,13.32,13.96,14.46,14.85,15.17,15.43,0.000,3.744,4.413,4.808,4.857,4.812,4.742,4.665,4.585,4.505,4.426,4.348,4.272,3.495E-12,-258.4E-6,-400.0E-6,-457.3E-6,-487.9E-6,-511.5E-6,-532.5E-6,-552.2E-6,-571.2E-6,-589.8E-6,-608.0E-6,-626.0E-6,-643.8E-6,1.000,1.000,2.000,2.000,2.000,2.000,2.000,2.000,2.000,2.000,2.000,2.000,2.000,0.000,93.18E-6,153.3E-6,179.0E-6,186.9E-6,189.5E-6,190.1E-6,189.7E-6,188.6E-6,187.1E-6,185.1E-6,182.9E-6,180.4E-6,0.000,967.5E-6,1.765E-3,2.199E-3,2.370E-3,2.461E-3,2.525E-3,2.576E-3,2.619E-3,2.657E-3,2.691E-3,2.722E-3,2.750E-3,3.148E-3,2.007E-3,879.9E-6,378.5E-6,258.3E-6,220.0E-6,202.9E-6,193.4E-6,187.6E-6,183.8E-6,181.2E-6,179.4E-6,178.2E-6,0.000,49.57E9,95.94E9,130.7E9,147.3E9,155.2E9,160.1E9,164.0E9,167.5E9,170.7E9,173.6E9,176.1E9,178.4E9,856.4E-18,853.1E-18,847.2E-18,840.4E-18,837.6E-18,836.9E-18,836.6E-18,836.5E-18,836.5E-18,836.5E-18,836.5E-18,836.5E-18,836.5E-18,1.575E-15,1.690E-15,1.859E-15,1.991E-15,2.008E-15,2.004E-15,2.001E-15,1.999E-15,1.999E-15,1.998E-15,1.998E-15,1.998E-15,1.998E-15,1.575E-15,1.382E-15,1.021E-15,618.5E-18,474.6E-18,440.7E-18,428.9E-18,419.6E-18,408.8E-18,397.9E-18,388.6E-18,381.3E-18,375.6E-18,856.4E-18,813.4E-18,770.9E-18,728.4E-18,697.3E-18,674.2E-18,654.8E-18,637.9E-18,622.8E-18,609.1E-18,596.7E-18,585.4E-18,575.1E-18
800.0E-3,-213.4E-3,-214.5E-3,-216.6E-3,-219.0E-3,-221.3E-3,-223.7E-3,-226.1E-3,-228.4E-3,-230.8E-3,-233.2E-3,-235.6E-3,-238.1E-3,-240.5E-3,0.000,365.4E-3,1.392,4.205,7.535,9.828,11.31,12.33,13.08,13.66,14.12,14.50,14.81,0.000,2.944,3.484,3.897,4.007,3.999,3.956,3.902,3.843,3.783,3.723,3.664,3.605,5.439E-12,-304.9E-6,-486.5E-6,-567.8E-6,-608.2E-6,-636.8E-6,-661.1E-6,-683.4E-6,-704.5E-6,-724.8E-6,-744.6E-6,-764.0E-6,-783.2E-6,1.000,1.000,1.000,2.000,2.000,2.000,2.000,2.000,2.000,2.000,2.000,2.000,2.000,0.000,88.44E-6,149.5E-6,180.0E-6,190.6E-6,193.8E-6,194.4E-6,193.6E-6,192.1E-6,190.0E-6,187.5E-6,184.8E-6,181.7E-6,0.000,897.8E-6,1.695E-3,2.213E-3,2.437E-3,2.546E-3,2.615E-3,2.666E-3,2.707E-3,2.742E-3,2.772E-3,2.799E-3,2.823E-3,3.600E-3,2.457E-3,1.217E-3,526.3E-6,323.4E-6,259.1E-6,231.3E-6,216.3E-6,207.0E-6,200.8E-6,196.3E-6,193.1E-6,190.7E-6,0.000,45.21E9,89.21E9,126.4E9,147.5E9,157.4E9,163.0E9,167.0E9,170.3E9,173.3E9,176.0E9,178.3E9,180.3E9,857.7E-18,854.9E-18,850.0E-18,843.5E-18,839.7E-18,838.4E-18,838.0E-18,837.9E-18,837.8E-18,837.8E-18,837.8E-18,837.8E-18,837.8E-18,1.595E-15,1.699E-15,1.849E-15,2.003E-15,2.047E-15,2.046E-15,2.042E-15,2.040E-15,2.039E-15,2.038E-15,2.037E-15,2.037E-15,2.037E-15,1.595E-15,1.430E-15,1.134E-15,725.1E-18,512.5E-18,453.2E-18,435.1E-18,425.1E-18,414.7E-18,403.4E-18,393.1E-18,384.8E-18,378.4E-18,857.7E-18,815.5E-18,775.3E-18,734.0E-18,700.6E-18,676.2E-18,656.4E-18,639.3E-18,624.1E-18,610.4E-18,598.0E-18,586.7E-18,576.4E-18
850.0E-3,-237.3E-3,-238.5E-3,-240.7E-3,-243.1E-3,-245.5E-3,-248.0E-3,-250.4E-3,-252.9E-3,-255.4E-3,-257.8E-3,-260.3E-3,-262.8E-3,-265.3E-3,0.000,283.1E-3,1.017,3.011,6.003,8.453,10.13,11.30,12.16,12.83,13.36,13.79,14.15,0.000,2.351,2.795,3.179,3.336,3.360,3.339,3.303,3.261,3.216,3.170,3.124,3.078,7.940E-12,-347.6E-6,-568.5E-6,-677.0E-6,-730.1E-6,-764.7E-6,-792.7E-6,-817.5E-6,-840.7E-6,-862.7E-6,-884.0E-6,-904.7E-6,-925.0E-6,1.000,1.000,1.000,2.000,2.000,2.000,2.000,2.000,2.000,2.000,2.000,2.000,2.000,0.000,82.21E-6,141.9E-6,175.0E-6,188.5E-6,192.7E-6,193.4E-6,192.5E-6,190.6E-6,188.2E-6,185.4E-6,182.2E-6,178.8E-6,0.000,817.1E-6,1.589E-3,2.152E-3,2.436E-3,2.569E-3,2.647E-3,2.700E-3,2.741E-3,2.774E-3,2.802E-3,2.826E-3,2.847E-3,4.005E-3,2.886E-3,1.563E-3,714.8E-6,405.7E-6,304.0E-6,261.4E-6,239.0E-6,225.4E-6,216.3E-6,209.8E-6,205.0E-6,201.3E-6,0.000,40.61E9,81.67E9,118.5E9,143.4E9,155.9E9,162.5E9,166.8E9,170.0E9,172.9E9,175.4E9,177.6E9,179.5E9,858.7E-18,856.2E-18,852.2E-18,846.3E-18,841.7E-18,839.9E-18,839.2E-18,839.0E-18,838.9E-18,838.9E-18,838.8E-18,838.8E-18,838.8E-18,1.612E-15,1.706E-15,1.838E-15,1.999E-15,2.072E-15,2.080E-15,2.077E-15,2.074E-15,2.072E-15,2.071E-15,2.070E-15,2.070E-15,2.070E-15,1.612E-15,1.468E-15,1.223E-15,840.2E-18,567.7E-18,472.5E-18,443.2E-18,430.7E-18,420.6E-18,409.4E-18,398.2E-18,388.8E-18,381.5E-18,858.7E-18,817.1E-18,778.4E-18,739.0E-18,704.2E-18,678.4E-18,657.9E-18,640.6E-18,625.3E-18,611.5E-18,599.1E-18,587.8E-18,577.4E-18
900.0E-3,-262.1E-3,-263.3E-3,-265.5E-3,-268.0E-3,-270.5E-3,-273.0E-3,-275.6E-3,-278.1E-3,-280.6E-3,-283.2E-3,-285.7E-3,-288.3E-3,-290.9E-3,0.000,223.6E-3,771.5E-3,2.183,4.672,7.117,8.939,10.25,11.22,11.97,12.56,13.05,13.46,0.000,1.901,2.277,2.611,2.796,2.849,2.847,2.826,2.796,2.763,2.728,2.692,2.656,11.14E-12,-386.2E-6,-644.7E-6,-781.7E-6,-850.4E-6,-892.5E-6,-924.6E-6,-952.3E-6,-977.5E-6,-1.001E-3,-1.024E-3,-1.046E-3,-1.067E-3,1.000,1.000,1.000,2.000,2.000,2.000,2.000,2.000,2.000,2.000,2.000,2.000,2.000,0.000,75.31E-6,132.2E-6,165.5E-6,181.4E-6,187.0E-6,188.1E-6,187.1E-6,185.1E-6,182.5E-6,179.3E-6,175.9E-6,172.1E-6,0.000,734.4E-6,1.468E-3,2.041E-3,2.378E-3,2.542E-3,2.633E-3,2.691E-3,2.733E-3,2.766E-3,2.792E-3,2.815E-3,2.834E-3,4.363E-3,3.284E-3,1.903E-3,935.2E-6,509.0E-6,357.2E-6,294.5E-6,262.6E-6,243.7E-6,231.2E-6,222.3E-6,215.6E-6,210.5E-6,0.000,36.13E9,74.12E9,109.1E9,136.1E9,151.4E9,159.4E9,164.1E9,167.5E9,170.3E9,172.8E9,174.9E9,176.7E9,859.6E-18,857.3E-18,853.9E-18,848.7E-18,843.7E-18,841.2E-18,840.3E-18,840.0E-18,839.8E-18,839.7E-18,839.7E-18,839.7E-18,839.7E-18,1.625E-15,1.711E-15,1.828E-15,1.984E-15,2.084E-15,2.106E-15,2.105E-15,2.102E-15,2.100E-15,2.098E-15,2.097E-15,2.097E-15,2.097E-15,1.625E-15,1.498E-15,1.293E-15,951.1E-18,639.6E-18,501.0E-18,454.8E-18,437.2E-18,426.5E-18,415.6E-18,403.9E-18,393.4E-18,385.0E-18,859.6E-18,818.3E-18,780.8E-18,743.3E-18,708.1E-18,680.7E-18,659.4E-18,641.7E-18,626.3E-18,612.5E-18,600.0E-18,588.7E-18,578.3E-18
950.0E-3,-287.5E-3,-288.8E-3,-291.1E-3,-293.6E-3,-296.2E-3,-298.8E-3,-301.3E-3,-303.9E-3,-306.5E-3,-309.1E-3,-311.7E-3,-314.3E-3,-317.0E-3,0.000,179.4E-3,601.5E-3,1.627,3.593,5.880,7.774,9.192,10.26,11.09,11.76,12.30,12.75,0.000,1.556,1.879,2.165,2.357,2.432,2.448,2.439,2.419,2.395,2.368,2.341,2.312,15.20E-12,-420.7E-6,-714.6E-6,-880.2E-6,-966.8E-6,-1.018E-3,-1.055E-3,-1.086E-3,-1.113E-3,-1.138E-3,-1.162E-3,-1.185E-3,-1.208E-3,1.000,1.000,1.000,2.000,2.000,2.000,2.000,2.000,2.000,2.000,2.000,2.000,2.000,0.000,68.27E-6,121.5E-6,153.3E-6,170.6E-6,177.4E-6,179.1E-6,178.3E-6,176.3E-6,173.5E-6,170.2E-6,166.5E-6,162.6E-6,0.000,654.6E-6,1.342E-3,1.905E-3,2.279E-3,2.476E-3,2.582E-3,2.648E-3,2.693E-3,2.727E-3,2.753E-3,2.774E-3,2.792E-3,4.678E-3,3.649E-3,2.232E-3,1.171E-3,634.2E-6,421.1E-6,332.2E-6,288.0E-6,262.4E-6,245.8E-6,234.2E-6,225.5E-6,218.9E-6,0.000,31.94E9,66.89E9,99.34E9,126.8E9,144.6E9,154.2E9,159.7E9,163.4E9,166.2E9,168.6E9,170.7E9,172.5E9,860.3E-18,858.2E-18,855.2E-18,850.7E-18,845.7E-18,842.6E-18,841.3E-18,840.8E-18,840.6E-18,840.5E-18,840.4E-18,840.4E-18,840.4E-18,1.635E-15,1.716E-15,1.819E-15,1.965E-15,2.084E-15,2.124E-15,2.128E-15,2.126E-15,2.123E-15,2.121E-15,2.120E-15,2.119E-15,2.119E-15,1.635E-15,1.523E-15,1.348E-15,1.050E-15,723.9E-18,540.6E-18,471.2E-18,445.3E-18,432.4E-18,421.8E-18,410.1E-18,398.7E-18,389.1E-18,860.3E-18,819.3E-18,782.6E-18,746.7E-18,711.9E-18,683.2E-18,661.0E-18,642.8E-18,627.2E-18,613.3E-18,600.7E-18,589.4E-18,579.0E-18
1.000,-313.6E-3,-314.8E-3,-317.2E-3,-319.8E-3,-322.4E-3,-325.0E-3,-327.7E-3,-330.3E-3,-332.9E-3,-335.6E-3,-338.2E-3,-340.9E-3,-343.6E-3,0.000,145.7E-3,478.3E-3,1.253,2.766,4.789,6.668,8.159,9.311,10.21,10.94,11.54,12.04,0.000,1.285,1.566,1.816,1.998,2.089,2.119,2.121,2.110,2.093,2.073,2.052,2.029,20.33E-12,-451.4E-6,-778.4E-6,-971.7E-6,-1.077E-3,-1.139E-3,-1.182E-3,-1.216E-3,-1.246E-3,-1.273E-3,-1.298E-3,-1.322E-3,-1.346E-3,1.000,1.000,1.000,1.000,2.000,2.000,2.000,2.000,2.000,2.000,2.000,2.000,2.000,0.000,61.37E-6,110.3E-6,140.0E-6,157.1E-6,165.0E-6,167.3E-6,166.7E-6,164.7E-6,161.9E-6,158.5E-6,154.7E-6,150.6E-6,0.000,580.1E-6,1.219E-3,1.764E-3,2.153E-3,2.380E-3,2.505E-3,2.579E-3,2.629E-3,2.665E-3,2.692E-3,2.713E-3,2.730E-3,4.954E-3,3.980E-3,2.549E-3,1.408E-3,778.4E-6,497.0E-6,375.7E-6,316.1E-6,282.3E-6,260.9E-6,246.0E-6,235.1E-6,226.8E-6,0.000,28.13E9,60.10E9,90.21E9,116.8E9,136.2E9,147.5E9,154.0E9,158.1E9,161.0E9,163.4E9,165.5E9,167.3E9,860.9E-18,858.9E-18,856.2E-18,852.3E-18,847.5E-18,844.0E-18,842.3E-18,841.5E-18,841.2E-18,841.1E-18,841.0E-18,840.9E-18,840.9E-18,1.644E-15,1.719E-15,1.812E-15,1.944E-15,2.074E-15,2.134E-15,2.147E-15,2.146E-15,2.143E-15,2.141E-15,2.139E-15,2.138E-15,2.138E-15,1.644E-15,1.543E-15,1.391E-15,1.135E-15,814.3E-18,591.8E-18,493.9E-18,456.0E-18,439.1E-18,427.9E-18,416.5E-18,404.5E-18,393.8E-18,860.9E-18,820.1E-18,783.9E-18,749.5E-18,715.5E-18,685.9E-18,662.7E-18,643.9E-18,628.0E-18,613.9E-18,601.4E-18,589.9E-18,579.5E-18
1.050,-340.1E-3,-341.4E-3,-343.8E-3,-346.4E-3,-349.1E-3,-351.7E-3,-354.4E-3,-357.1E-3,-359.8E-3,-362.5E-3,-365.2E-3,-367.9E-3,-370.6E-3,0.000,119.7E-3,386.1E-3,993.4E-3,2.154,3.869,5.652,7.170,8.382,9.348,10.13,10.78,11.32,0.000,1.070,1.317,1.541,1.705,1.804,1.845,1.856,1.852,1.842,1.827,1.811,1.793,26.78E-12,-478.5E-6,-836.1E-6,-1.056E-3,-1.181E-3,-1.255E-3,-1.305E-3,-1.343E-3,-1.375E-3,-1.404E-3,-1.431E-3,-1.456E-3,-1.480E-3,1.000,1.000,1.000,1.000,2.000,2.000,2.000,2.000,2.000,2.000,2.000,2.000,2.000,0.000,54.76E-6,99.25E-6,126.5E-6,142.2E-6,150.5E-6,153.3E-6,153.0E-6,151.1E-6,148.3E-6,144.8E-6,141.0E-6,136.9E-6,0.000,512.1E-6,1.101E-3,1.627E-3,2.014E-3,2.264E-3,2.408E-3,2.493E-3,2.548E-3,2.587E-3,2.615E-3,2.637E-3,2.654E-3,5.194E-3,4.279E-3,2.851E-3,1.638E-3,934.8E-6,585.2E-6,426.0E-6,347.7E-6,304.0E-6,276.7E-6,258.1E-6,244.7E-6,234.5E-6,0.000,24.70E9,53.82E9,81.94E9,106.8E9,126.8E9,139.8E9,147.3E9,151.9E9,155.1E9,157.5E9,159.6E9,161.4E9,861.4E-18,859.5E-18,857.1E-18,853.7E-18,849.2E-18,845.3E-18,843.2E-18,842.2E-18,841.8E-18,841.6E-18,841.4E-18,841.4E-18,841.3E-18,1.651E-15,1.721E-15,1.805E-15,1.925E-15,2.057E-15,2.136E-15,2.160E-15,2.162E-15,2.159E-15,2.157E-15,2.155E-15,2.154E-15,2.153E-15,1.651E-15,1.559E-15,1.427E-15,1.207E-15,904.4E-18,653.6E-18,524.2E-18,470.2E-18,447.0E-18,434.0E-18,422.9E-18,410.9E-18,399.2E-18,861.4E-18,820.8E-18,785.0E-18,751.6E-18,718.7E-18,688.7E-18,664.5E-18,645.0E-18,628.8E-18,614.5E-18,601.9E-18,590.4E-18,579.9E-18
1.100,-367.1E-3,-368.4E-3,-370.8E-3,-373.5E-3,-376.2E-3,-378.9E-3,-381.6E-3,-384.3E-3,-387.0E-3,-389.8E-3,-392.5E-3,-395.2E-3,-397.9E-3,0.000,99.11E-3,315.6E-3,804.8E-3,1.711,3.124,4.750,6.243,7.488,8.501,9.331,10.02,10.60,0.000,896.9E-3,1.115,1.321,1.466,1.565,1.615,1.633,1.636,1.631,1.621,1.609,1.595,34.87E-12,-502.4E-6,-888.0E-6,-1.134E-3,-1.278E-3,-1.365E-3,-1.422E-3,-1.465E-3,-1.500E-3,-1.531E-3,-1.560E-3,-1.586E-3,-1.611E-3,1.000,1.000,1.000,1.000,2.000,2.000,2.000,2.000,2.000,2.000,2.000,2.000,2.000,0.000,48.54E-6,88.49E-6,113.2E-6,126.7E-6,134.6E-6,137.7E-6,137.7E-6,135.9E-6,133.1E-6,129.7E-6,125.8E-6,121.6E-6,0.000,450.6E-6,989.8E-6,1.498E-3,1.874E-3,2.136E-3,2.297E-3,2.393E-3,2.455E-3,2.497E-3,2.528E-3,2.551E-3,2.569E-3,5.404E-3,4.546E-3,3.136E-3,1.861E-3,1.095E-3,683.9E-6,483.5E-6,383.3E-6,327.9E-6,293.8E-6,270.9E-6,254.6E-6,242.3E-6,0.000,21.64E9,48.08E9,74.50E9,97.42E9,117.2E9,131.3E9,139.9E9,145.2E9,148.7E9,151.2E9,153.3E9,155.2E9,861.8E-18,860.0E-18,857.8E-18,854.7E-18,850.7E-18,846.7E-18,844.1E-18,842.9E-18,842.3E-18,842.0E-18,841.8E-18,841.7E-18,841.7E-18,1.657E-15,1.722E-15,1.800E-15,1.907E-15,2.036E-15,2.130E-15,2.167E-15,2.174E-15,2.173E-15,2.171E-15,2.169E-15,2.168E-15,2.167E-15,1.657E-15,1.573E-15,1.456E-15,1.265E-15,989.3E-18,723.5E-18,562.9E-18,489.1E-18,456.9E-18,440.7E-18,429.2E-18,417.5E-18,405.2E-18,861.8E-18,821.4E-18,785.9E-18,753.3E-18,721.4E-18,691.5E-18,666.4E-18,646.2E-18,629.5E-18,615.1E-18,602.3E-18,590.8E-18,580.3E-18
1.150,-394.5E-3,-395.7E-3,-398.2E-3,-400.9E-3,-403.6E-3,-406.3E-3,-409.1E-3,-411.8E-3,-414.6E-3,-417.3E-3,-420.1E-3,-422.9E-3,-425.6E-3,0.000,82.66E-3,260.5E-3,661.5E-3,1.389,2.537,3.973,5.397,6.643,7.685,8.551,9.277,9.893,0.000,755.7E-3,948.8E-3,1.141,1.272,1.365,1.419,1.444,1.452,1.451,1.445,1.436,1.426,44.97E-12,-523.4E-6,-934.7E-6,-1.206E-3,-1.368E-3,-1.468E-3,-1.534E-3,-1.582E-3,-1.621E-3,-1.654E-3,-1.683E-3,-1.711E-3,-1.737E-3,1.000,1.000,1.000,1.000,1.000,2.000,2.000,2.000,2.000,2.000,2.000,2.000,2.000,0.000,42.71E-6,78.20E-6,100.3E-6,111.5E-6,118.1E-6,121.0E-6,121.2E-6,119.5E-6,116.8E-6,113.4E-6,109.5E-6,105.3E-6,0.000,395.5E-6,886.8E-6,1.375E-3,1.740E-3,2.004E-3,2.177E-3,2.285E-3,2.353E-3,2.400E-3,2.433E-3,2.458E-3,2.476E-3,5.587E-3,4.785E-3,3.404E-3,2.079E-3,1.253E-3,789.9E-6,548.0E-6,423.3E-6,354.3E-6,312.3E-6,284.5E-6,264.9E-6,250.3E-6,0.000,18.93E9,42.84E9,67.75E9,88.99E9,107.8E9,122.5E9,132.1E9,138.1E9,142.0E9,144.7E9,146.8E9,148.7E9,862.2E-18,860.4E-18,858.4E-18,855.6E-18,851.9E-18,848.0E-18,845.1E-18,843.5E-18,842.7E-18,842.3E-18,842.1E-18,842.0E-18,842.0E-18,1.662E-15,1.723E-15,1.795E-15,1.892E-15,2.014E-15,2.118E-15,2.169E-15,2.183E-15,2.184E-15,2.182E-15,2.180E-15,2.179E-15,2.177E-15,1.662E-15,1.585E-15,1.480E-15,1.314E-15,1.066E-15,798.0E-18,609.8E-18,513.6E-18,469.6E-18,448.3E-18,435.5E-18,424.0E-18,411.7E-18,862.2E-18,821.8E-18,786.6E-18,754.6E-18,723.8E-18,694.2E-18,668.5E-18,647.5E-18,630.3E-18,615.6E-18,602.7E-18,591.0E-18,580.5E-18
1.200,-422.1E-3,-423.4E-3,-425.9E-3,-428.6E-3,-431.3E-3,-434.1E-3,-436.9E-3,-439.7E-3,-442.4E-3,-445.2E-3,-448.0E-3,-450.8E-3,-453.6E-3,0.000,69.31E-3,216.8E-3,549.1E-3,1.150,2.084,3.322,4.642,5.859,6.909,7.799,8.554,9.198,0.000,639.4E-3,811.3E-3,990.4E-3,1.113,1.197,1.253,1.282,1.295,1.297,1.295,1.289,1.281,57.54E-12,-541.7E-6,-976.3E-6,-1.271E-3,-1.452E-3,-1.565E-3,-1.640E-3,-1.693E-3,-1.736E-3,-1.771E-3,-1.803E-3,-1.831E-3,-1.858E-3,1.000,1.000,1.000,1.000,1.000,2.000,2.000,2.000,2.000,2.000,2.000,2.000,2.000,0.000,37.30E-6,68.45E-6,87.84E-6,96.75E-6,101.5E-6,103.9E-6,103.9E-6,102.3E-6,99.59E-6,96.21E-6,92.36E-6,88.20E-6,0.000,346.4E-6,792.1E-6,1.259E-3,1.616E-3,1.873E-3,2.054E-3,2.171E-3,2.247E-3,2.298E-3,2.334E-3,2.360E-3,2.380E-3,5.745E-3,4.997E-3,3.653E-3,2.293E-3,1.405E-3,899.1E-6,618.3E-6,467.7E-6,383.5E-6,332.6E-6,299.2E-6,275.9E-6,258.8E-6,0.000,16.53E9,38.11E9,61.55E9,81.53E9,98.99E9,113.7E9,124.0E9,130.7E9,135.1E9,138.0E9,140.3E9,142.1E9,862.5E-18,860.8E-18,858.8E-18,856.3E-18,853.0E-18,849.2E-18,846.1E-18,844.2E-18,843.2E-18,842.7E-18,842.4E-18,842.3E-18,842.2E-18,1.666E-15,1.724E-15,1.790E-15,1.878E-15,1.992E-15,2.100E-15,2.165E-15,2.188E-15,2.193E-15,2.192E-15,2.190E-15,2.188E-15,2.187E-15,1.666E-15,1.595E-15,1.500E-15,1.355E-15,1.134E-15,873.3E-18,664.2E-18,544.1E-18,485.8E-18,457.6E-18,442.1E-18,430.5E-18,418.4E-18,862.5E-18,822.3E-18,787.2E-18,755.7E-18,725.7E-18,696.7E-18,670.6E-18,649.0E-18,631.2E-18,616.2E-18,603.0E-18,591.3E-18,580.7E-18
