vsg ,M0:vearly vsd 0  (V),M0:vearly vsd 0.1  (V),M0:vearly vsd 0.2  (V),M0:vearly vsd 0.3  (V),M0:vearly vsd 0.4  (V),M0:vearly vsd 0.5  (V),M0:vearly vsd 0.6  (V),M0:vearly vsd 0.7  (V),M0:vearly vsd 0.8  (V),M0:vearly vsd 0.9  (V),M0:vearly vsd 1  (V),M0:vearly vsd 1.1  (V),M0:vearly vsd 1.2  (V),M0:vdsat vsd 0 ,M0:vdsat vsd 0.1 ,M0:vdsat vsd 0.2 ,M0:vdsat vsd 0.3 ,M0:vdsat vsd 0.4 ,M0:vdsat vsd 0.5 ,M0:vdsat vsd 0.6 ,M0:vdsat vsd 0.7 ,M0:vdsat vsd 0.8 ,M0:vdsat vsd 0.9 ,M0:vdsat vsd 1 ,M0:vdsat vsd 1.1 ,M0:vdsat vsd 1.2 ,M0:region vsd 0 ,M0:region vsd 0.1 ,M0:region vsd 0.2 ,M0:region vsd 0.3 ,M0:region vsd 0.4 ,M0:region vsd 0.5 ,M0:region vsd 0.6 ,M0:region vsd 0.7 ,M0:region vsd 0.8 ,M0:region vsd 0.9 ,M0:region vsd 1 ,M0:region vsd 1.1 ,M0:region vsd 1.2 ,M0:self_gain vsd 0 ,M0:self_gain vsd 0.1 ,M0:self_gain vsd 0.2 ,M0:self_gain vsd 0.3 ,M0:self_gain vsd 0.4 ,M0:self_gain vsd 0.5 ,M0:self_gain vsd 0.6 ,M0:self_gain vsd 0.7 ,M0:self_gain vsd 0.8 ,M0:self_gain vsd 0.9 ,M0:self_gain vsd 1 ,M0:self_gain vsd 1.1 ,M0:self_gain vsd 1.2 ,M0:gmoverid vsd 0 ,M0:gmoverid vsd 0.1 ,M0:gmoverid vsd 0.2 ,M0:gmoverid vsd 0.3 ,M0:gmoverid vsd 0.4 ,M0:gmoverid vsd 0.5 ,M0:gmoverid vsd 0.6 ,M0:gmoverid vsd 0.7 ,M0:gmoverid vsd 0.8 ,M0:gmoverid vsd 0.9 ,M0:gmoverid vsd 1 ,M0:gmoverid vsd 1.1 ,M0:gmoverid vsd 1.2 ,M0:id vsd 0 ,M0:id vsd 0.1 ,M0:id vsd 0.2 ,M0:id vsd 0.3 ,M0:id vsd 0.4 ,M0:id vsd 0.5 ,M0:id vsd 0.6 ,M0:id vsd 0.7 ,M0:id vsd 0.8 ,M0:id vsd 0.9 ,M0:id vsd 1 ,M0:id vsd 1.1 ,M0:id vsd 1.2 ,M0:gm vsd 0 ,M0:gm vsd 0.1 ,M0:gm vsd 0.2 ,M0:gm vsd 0.3 ,M0:gm vsd 0.4 ,M0:gm vsd 0.5 ,M0:gm vsd 0.6 ,M0:gm vsd 0.7 ,M0:gm vsd 0.8 ,M0:gm vsd 0.9 ,M0:gm vsd 1 ,M0:gm vsd 1.1 ,M0:gm vsd 1.2 ,M0:gmbs vsd 0 ,M0:gmbs vsd 0.1 ,M0:gmbs vsd 0.2 ,M0:gmbs vsd 0.3 ,M0:gmbs vsd 0.4 ,M0:gmbs vsd 0.5 ,M0:gmbs vsd 0.6 ,M0:gmbs vsd 0.7 ,M0:gmbs vsd 0.8 ,M0:gmbs vsd 0.9 ,M0:gmbs vsd 1 ,M0:gmbs vsd 1.1 ,M0:gmbs vsd 1.2 ,M0:gds vsd 0 ,M0:gds vsd 0.1 ,M0:gds vsd 0.2 ,M0:gds vsd 0.3 ,M0:gds vsd 0.4 ,M0:gds vsd 0.5 ,M0:gds vsd 0.6 ,M0:gds vsd 0.7 ,M0:gds vsd 0.8 ,M0:gds vsd 0.9 ,M0:gds vsd 1 ,M0:gds vsd 1.1 ,M0:gds vsd 1.2 ,M0:ft vsd 0 ,M0:ft vsd 0.1 ,M0:ft vsd 0.2 ,M0:ft vsd 0.3 ,M0:ft vsd 0.4 ,M0:ft vsd 0.5 ,M0:ft vsd 0.6 ,M0:ft vsd 0.7 ,M0:ft vsd 0.8 ,M0:ft vsd 0.9 ,M0:ft vsd 1 ,M0:ft vsd 1.1 ,M0:ft vsd 1.2 ,M0:csb vsd 0 ,M0:csb vsd 0.1 ,M0:csb vsd 0.2 ,M0:csb vsd 0.3 ,M0:csb vsd 0.4 ,M0:csb vsd 0.5 ,M0:csb vsd 0.6 ,M0:csb vsd 0.7 ,M0:csb vsd 0.8 ,M0:csb vsd 0.9 ,M0:csb vsd 1 ,M0:csb vsd 1.1 ,M0:csb vsd 1.2 ,M0:cgs vsd 0 ,M0:cgs vsd 0.1 ,M0:cgs vsd 0.2 ,M0:cgs vsd 0.3 ,M0:cgs vsd 0.4 ,M0:cgs vsd 0.5 ,M0:cgs vsd 0.6 ,M0:cgs vsd 0.7 ,M0:cgs vsd 0.8 ,M0:cgs vsd 0.9 ,M0:cgs vsd 1 ,M0:cgs vsd 1.1 ,M0:cgs vsd 1.2 ,M0:cgd vsd 0 ,M0:cgd vsd 0.1 ,M0:cgd vsd 0.2 ,M0:cgd vsd 0.3 ,M0:cgd vsd 0.4 ,M0:cgd vsd 0.5 ,M0:cgd vsd 0.6 ,M0:cgd vsd 0.7 ,M0:cgd vsd 0.8 ,M0:cgd vsd 0.9 ,M0:cgd vsd 1 ,M0:cgd vsd 1.1 ,M0:cgd vsd 1.2 ,M0:cdb vsd 0 ,M0:cdb vsd 0.1 ,M0:cdb vsd 0.2 ,M0:cdb vsd 0.3 ,M0:cdb vsd 0.4 ,M0:cdb vsd 0.5 ,M0:cdb vsd 0.6 ,M0:cdb vsd 0.7 ,M0:cdb vsd 0.8 ,M0:cdb vsd 0.9 ,M0:cdb vsd 1 ,M0:cdb vsd 1.1 ,M0:cdb vsd 1.2 
0.000,0.000,343.4E-3,573.9E-3,617.0E-3,640.5E-3,655.2E-3,665.1E-3,672.1E-3,677.3E-3,681.3E-3,684.5E-3,687.0E-3,689.0E-3,-83.00E-3,-83.06E-3,-83.08E-3,-83.09E-3,-83.10E-3,-83.10E-3,-83.11E-3,-83.12E-3,-83.13E-3,-83.14E-3,-83.15E-3,-83.16E-3,-83.17E-3,0.000,0.000,0.000,0.000,0.000,0.000,0.000,0.000,0.000,0.000,0.000,0.000,0.000,0.000,10.09,16.88,18.15,18.85,19.29,19.59,19.81,19.97,20.10,20.21,20.29,20.36,0.000,29.40,29.40,29.42,29.43,29.45,29.46,29.48,29.49,29.51,29.52,29.53,29.55,-6.410E-51,-64.98E-12,-80.20E-12,-95.77E-12,-113.7E-12,-134.9E-12,-160.0E-12,-190.0E-12,-226.0E-12,-270.3E-12,-328.2E-12,-414.8E-12,-565.3E-12,0.000,1.899E-9,2.327E-9,2.752E-9,3.228E-9,3.768E-9,4.386E-9,5.096E-9,5.913E-9,6.854E-9,7.938E-9,9.189E-9,10.63E-9,0.000,236.9E-12,286.0E-12,333.1E-12,384.5E-12,441.7E-12,506.0E-12,578.3E-12,660.0E-12,752.3E-12,856.6E-12,974.6E-12,1.108E-9,1.599E-9,188.1E-12,137.9E-12,151.6E-12,171.2E-12,195.3E-12,223.8E-12,257.2E-12,296.0E-12,340.9E-12,392.9E-12,452.9E-12,522.2E-12,0.000,274.0E3,338.8E3,403.6E3,476.2E3,558.4E3,652.5E3,760.5E3,884.7E3,1.028E6,1.193E6,1.383E6,1.602E6,928.4E-18,928.4E-18,928.4E-18,928.4E-18,928.4E-18,928.4E-18,928.4E-18,928.4E-18,928.4E-18,928.4E-18,928.4E-18,928.4E-18,928.4E-18,413.3E-18,413.3E-18,413.3E-18,413.3E-18,413.3E-18,413.3E-18,413.3E-18,413.3E-18,413.3E-18,413.3E-18,413.3E-18,413.3E-18,413.3E-18,413.3E-18,402.7E-18,392.7E-18,384.6E-18,378.2E-18,373.2E-18,369.2E-18,365.8E-18,363.1E-18,360.7E-18,358.7E-18,356.9E-18,355.3E-18,928.4E-18,860.8E-18,806.4E-18,761.7E-18,724.3E-18,692.4E-18,664.9E-18,641.0E-18,619.9E-18,601.2E-18,584.5E-18,569.5E-18,555.9E-18
50.00E-3,0.000,343.4E-3,572.0E-3,614.4E-3,637.7E-3,652.3E-3,662.1E-3,669.1E-3,674.3E-3,678.3E-3,681.5E-3,684.0E-3,686.0E-3,-83.08E-3,-83.14E-3,-83.15E-3,-83.16E-3,-83.17E-3,-83.18E-3,-83.19E-3,-83.20E-3,-83.21E-3,-83.22E-3,-83.23E-3,-83.24E-3,-83.25E-3,0.000,0.000,0.000,0.000,0.000,0.000,0.000,0.000,0.000,0.000,0.000,0.000,0.000,0.000,10.15,16.92,18.18,18.87,19.31,19.61,19.83,19.99,20.12,20.22,20.30,20.37,0.000,29.57,29.57,29.58,29.60,29.61,29.62,29.64,29.65,29.66,29.67,29.68,29.70,829.3E-18,-282.5E-12,-346.8E-12,-411.2E-12,-483.7E-12,-566.8E-12,-662.9E-12,-774.5E-12,-904.3E-12,-1.056E-9,-1.235E-9,-1.454E-9,-1.738E-9,0.000,8.343E-9,10.23E-9,12.10E-9,14.20E-9,16.59E-9,19.32E-9,22.46E-9,26.08E-9,30.24E-9,35.05E-9,40.59E-9,46.99E-9,0.000,1.002E-9,1.211E-9,1.411E-9,1.630E-9,1.873E-9,2.147E-9,2.456E-9,2.804E-9,3.198E-9,3.644E-9,4.148E-9,4.718E-9,6.993E-9,821.7E-12,604.6E-12,665.7E-12,752.4E-12,858.8E-12,985.0E-12,1.133E-9,1.304E-9,1.503E-9,1.733E-9,1.999E-9,2.307E-9,0.000,1.202E6,1.488E6,1.775E6,2.097E6,2.462E6,2.880E6,3.360E6,3.912E6,4.548E6,5.281E6,6.128E6,7.105E6,928.4E-18,928.4E-18,928.4E-18,928.4E-18,928.4E-18,928.4E-18,928.4E-18,928.4E-18,928.4E-18,928.4E-18,928.4E-18,928.4E-18,928.4E-18,418.0E-18,418.0E-18,418.0E-18,418.0E-18,418.0E-18,418.0E-18,418.0E-18,418.0E-18,418.0E-18,418.0E-18,418.0E-18,418.0E-18,418.0E-18,418.0E-18,408.1E-18,397.5E-18,388.4E-18,381.2E-18,375.6E-18,371.1E-18,367.4E-18,364.4E-18,361.8E-18,359.6E-18,357.7E-18,356.1E-18,928.4E-18,860.8E-18,806.4E-18,761.7E-18,724.3E-18,692.4E-18,664.9E-18,641.0E-18,619.9E-18,601.2E-18,584.5E-18,569.5E-18,555.9E-18
100.0E-3,0.000,343.5E-3,570.4E-3,612.2E-3,635.2E-3,649.7E-3,659.5E-3,666.5E-3,671.7E-3,675.7E-3,678.9E-3,681.5E-3,683.5E-3,-83.16E-3,-83.21E-3,-83.23E-3,-83.24E-3,-83.25E-3,-83.26E-3,-83.27E-3,-83.28E-3,-83.29E-3,-83.30E-3,-83.31E-3,-83.32E-3,-83.33E-3,0.000,0.000,0.000,0.000,0.000,0.000,0.000,0.000,0.000,0.000,0.000,0.000,0.000,0.000,10.21,16.95,18.20,18.89,19.33,19.63,19.85,20.01,20.13,20.24,20.32,20.39,0.000,29.72,29.72,29.73,29.74,29.75,29.76,29.78,29.79,29.80,29.81,29.82,29.83,8.962E-15,-1.243E-9,-1.524E-9,-1.804E-9,-2.119E-9,-2.478E-9,-2.889E-9,-3.363E-9,-3.911E-9,-4.544E-9,-5.276E-9,-6.129E-9,-7.134E-9,0.000,36.91E-9,45.26E-9,53.58E-9,62.91E-9,73.52E-9,85.68E-9,99.67E-9,115.8E-9,134.3E-9,155.8E-9,180.5E-9,209.0E-9,0.000,4.295E-9,5.189E-9,6.049E-9,6.991E-9,8.042E-9,9.221E-9,10.55E-9,12.06E-9,13.76E-9,15.68E-9,17.86E-9,20.32E-9,30.82E-9,3.617E-9,2.670E-9,2.944E-9,3.330E-9,3.803E-9,4.365E-9,5.022E-9,5.786E-9,6.672E-9,7.697E-9,8.883E-9,10.25E-9,0.000,5.313E6,6.577E6,7.858E6,9.295E6,10.93E6,12.80E6,14.94E6,17.41E6,20.25E6,23.54E6,27.32E6,31.70E6,928.4E-18,928.4E-18,928.4E-18,928.4E-18,928.4E-18,928.4E-18,928.4E-18,928.4E-18,928.4E-18,928.4E-18,928.4E-18,928.4E-18,928.4E-18,422.0E-18,422.0E-18,422.0E-18,422.0E-18,422.0E-18,422.0E-18,422.0E-18,422.0E-18,422.0E-18,422.0E-18,422.0E-18,422.0E-18,422.0E-18,422.0E-18,413.3E-18,402.7E-18,392.7E-18,384.6E-18,378.2E-18,373.2E-18,369.2E-18,365.8E-18,363.1E-18,360.7E-18,358.7E-18,356.9E-18,928.4E-18,860.8E-18,806.4E-18,761.7E-18,724.3E-18,692.4E-18,664.9E-18,641.0E-18,619.9E-18,601.2E-18,584.5E-18,569.5E-18,555.9E-18
150.0E-3,0.000,343.6E-3,569.1E-3,610.3E-3,633.2E-3,647.7E-3,657.5E-3,664.5E-3,669.7E-3,673.8E-3,677.0E-3,679.7E-3,681.8E-3,-83.24E-3,-83.29E-3,-83.31E-3,-83.32E-3,-83.33E-3,-83.34E-3,-83.35E-3,-83.36E-3,-83.37E-3,-83.38E-3,-83.39E-3,-83.40E-3,-83.41E-3,0.000,0.000,0.000,0.000,0.000,0.000,0.000,0.000,0.000,0.000,0.000,3.000,3.000,0.000,10.25,16.99,18.22,18.91,19.35,19.65,19.86,20.02,20.15,20.25,20.33,20.40,0.000,29.85,29.85,29.86,29.87,29.87,29.88,29.89,29.90,29.90,29.91,29.92,29.92,27.47E-15,-5.508E-9,-6.754E-9,-7.997E-9,-9.392E-9,-10.98E-9,-12.80E-9,-14.89E-9,-17.31E-9,-20.09E-9,-23.31E-9,-27.02E-9,-31.33E-9,0.000,164.4E-9,201.6E-9,238.7E-9,280.4E-9,327.8E-9,382.2E-9,444.7E-9,516.7E-9,599.8E-9,695.7E-9,806.3E-9,934.0E-9,0.000,18.60E-9,22.47E-9,26.21E-9,30.30E-9,34.87E-9,40.00E-9,45.79E-9,52.33E-9,59.73E-9,68.10E-9,77.57E-9,88.29E-9,136.8E-9,16.03E-9,11.87E-9,13.10E-9,14.83E-9,16.94E-9,19.45E-9,22.39E-9,25.81E-9,29.77E-9,34.35E-9,39.66E-9,45.79E-9,0.000,23.63E6,29.24E6,34.96E6,41.41E6,48.75E6,57.13E6,66.76E6,77.84E6,90.62E6,105.4E6,122.4E6,142.0E6,928.5E-18,928.5E-18,928.5E-18,928.5E-18,928.5E-18,928.5E-18,928.5E-18,928.5E-18,928.5E-18,928.5E-18,928.5E-18,928.5E-18,928.5E-18,425.9E-18,425.9E-18,425.9E-18,425.9E-18,425.9E-18,425.9E-18,425.9E-18,425.9E-18,425.9E-18,425.9E-18,425.9E-18,425.9E-18,425.9E-18,425.9E-18,417.9E-18,408.1E-18,397.5E-18,388.4E-18,381.2E-18,375.6E-18,371.1E-18,367.4E-18,364.4E-18,361.8E-18,359.6E-18,357.7E-18,928.5E-18,860.8E-18,806.5E-18,761.8E-18,724.3E-18,692.4E-18,665.0E-18,641.0E-18,620.0E-18,601.3E-18,584.6E-18,569.6E-18,556.0E-18
200.0E-3,0.000,343.8E-3,568.3E-3,609.2E-3,632.1E-3,646.6E-3,656.5E-3,663.7E-3,669.1E-3,673.4E-3,677.0E-3,679.9E-3,682.4E-3,-83.32E-3,-83.38E-3,-83.40E-3,-83.41E-3,-83.42E-3,-83.43E-3,-83.44E-3,-83.45E-3,-83.46E-3,-83.48E-3,-83.49E-3,-83.50E-3,-83.52E-3,3.000,3.000,3.000,3.000,3.000,3.000,3.000,3.000,3.000,3.000,3.000,3.000,3.000,0.000,10.29,17.01,18.24,18.93,19.36,19.66,19.87,20.03,20.16,20.26,20.34,20.41,0.000,29.94,29.94,29.94,29.94,29.94,29.94,29.94,29.94,29.93,29.93,29.92,29.90,58.32E-15,-24.56E-9,-30.11E-9,-35.66E-9,-41.89E-9,-48.98E-9,-57.10E-9,-66.44E-9,-77.20E-9,-89.61E-9,-103.9E-9,-120.4E-9,-139.5E-9,0.000,735.1E-9,901.4E-9,1.068E-6,1.254E-6,1.466E-6,1.709E-6,1.989E-6,2.311E-6,2.681E-6,3.109E-6,3.601E-6,4.169E-6,0.000,81.22E-9,98.13E-9,114.5E-9,132.4E-9,152.3E-9,174.7E-9,200.0E-9,228.5E-9,260.7E-9,297.1E-9,338.2E-9,384.7E-9,610.1E-9,71.42E-9,52.98E-9,58.54E-9,66.27E-9,75.74E-9,86.96E-9,100.1E-9,115.3E-9,133.0E-9,153.4E-9,177.0E-9,204.3E-9,0.000,105.3E6,130.1E6,155.6E6,184.4E6,217.3E6,254.8E6,297.9E6,347.4E6,404.4E6,470.1E6,545.7E6,633.0E6,929.2E-18,928.9E-18,928.9E-18,928.9E-18,928.9E-18,928.9E-18,928.9E-18,928.9E-18,928.9E-18,928.9E-18,928.9E-18,928.9E-18,928.9E-18,433.5E-18,433.7E-18,433.7E-18,433.7E-18,433.7E-18,433.7E-18,433.7E-18,433.7E-18,433.7E-18,433.7E-18,433.7E-18,433.7E-18,433.7E-18,433.5E-18,421.9E-18,413.3E-18,402.7E-18,392.7E-18,384.6E-18,378.2E-18,373.2E-18,369.2E-18,365.8E-18,363.1E-18,360.7E-18,358.7E-18,929.2E-18,861.1E-18,806.7E-18,762.0E-18,724.5E-18,692.7E-18,665.2E-18,641.2E-18,620.2E-18,601.5E-18,584.8E-18,569.8E-18,556.2E-18
250.0E-3,0.000,344.1E-3,569.3E-3,610.4E-3,633.8E-3,648.9E-3,659.5E-3,667.5E-3,673.9E-3,679.2E-3,683.9E-3,688.1E-3,692.1E-3,-83.42E-3,-83.48E-3,-83.51E-3,-83.52E-3,-83.54E-3,-83.56E-3,-83.57E-3,-83.59E-3,-83.62E-3,-83.64E-3,-83.66E-3,-83.69E-3,-83.72E-3,3.000,3.000,3.000,3.000,3.000,3.000,3.000,3.000,3.000,3.000,3.000,3.000,3.000,0.000,10.29,17.02,18.24,18.93,19.36,19.66,19.87,20.03,20.15,20.25,20.33,20.40,0.000,29.92,29.90,29.88,29.86,29.84,29.80,29.77,29.72,29.67,29.61,29.55,29.47,104.2E-15,-109.7E-9,-134.5E-9,-159.3E-9,-187.0E-9,-218.6E-9,-254.6E-9,-296.0E-9,-343.6E-9,-398.4E-9,-461.4E-9,-533.8E-9,-617.0E-9,0.000,3.283E-6,4.023E-6,4.760E-6,5.585E-6,6.520E-6,7.589E-6,8.812E-6,10.21E-6,11.82E-6,13.66E-6,15.77E-6,18.18E-6,0.000,355.4E-9,429.0E-9,499.9E-9,577.4E-9,663.5E-9,759.8E-9,867.9E-9,989.3E-9,1.126E-6,1.279E-6,1.451E-6,1.643E-6,2.722E-6,319.0E-9,236.3E-9,260.9E-9,295.1E-9,336.8E-9,386.1E-9,443.5E-9,509.9E-9,586.5E-9,674.5E-9,775.6E-9,891.3E-9,0.000,459.6E6,566.6E6,676.4E6,801.1E6,943.1E6,1.105E9,1.290E9,1.501E9,1.743E9,2.020E9,2.337E9,2.700E9,932.4E-18,931.2E-18,931.1E-18,931.1E-18,931.1E-18,931.1E-18,931.1E-18,931.1E-18,931.1E-18,931.1E-18,931.1E-18,931.1E-18,931.1E-18,463.9E-18,465.4E-18,465.5E-18,465.4E-18,465.4E-18,465.4E-18,465.4E-18,465.4E-18,465.4E-18,465.4E-18,465.4E-18,465.4E-18,465.4E-18,463.9E-18,425.2E-18,417.9E-18,408.1E-18,397.5E-18,388.4E-18,381.2E-18,375.6E-18,371.1E-18,367.4E-18,364.4E-18,361.8E-18,359.6E-18,932.4E-18,862.3E-18,807.9E-18,763.2E-18,725.7E-18,693.8E-18,666.4E-18,642.4E-18,621.4E-18,602.7E-18,586.0E-18,571.0E-18,557.4E-18
300.0E-3,0.000,344.3E-3,576.8E-3,620.6E-3,646.5E-3,664.3E-3,677.7E-3,688.7E-3,698.3E-3,707.2E-3,715.7E-3,724.2E-3,732.7E-3,-83.62E-3,-83.69E-3,-83.73E-3,-83.77E-3,-83.81E-3,-83.85E-3,-83.90E-3,-83.96E-3,-84.02E-3,-84.09E-3,-84.17E-3,-84.26E-3,-84.36E-3,3.000,3.000,3.000,3.000,3.000,3.000,3.000,3.000,3.000,3.000,3.000,3.000,3.000,0.000,10.15,16.96,18.19,18.88,19.31,19.61,19.82,19.97,20.10,20.19,20.27,20.33,0.000,29.47,29.40,29.30,29.19,29.07,28.93,28.78,28.60,28.42,28.21,27.98,27.74,169.1E-15,-485.9E-9,-594.5E-9,-702.1E-9,-822.0E-9,-957.4E-9,-1.111E-6,-1.286E-6,-1.486E-6,-1.713E-6,-1.972E-6,-2.265E-6,-2.599E-6,0.000,14.32E-6,17.48E-6,20.58E-6,24.00E-6,27.83E-6,32.15E-6,37.01E-6,42.50E-6,48.68E-6,55.61E-6,63.39E-6,72.09E-6,0.000,1.523E-6,1.831E-6,2.123E-6,2.437E-6,2.782E-6,3.162E-6,3.581E-6,4.043E-6,4.553E-6,5.112E-6,5.725E-6,6.395E-6,11.91E-6,1.411E-6,1.031E-6,1.131E-6,1.271E-6,1.441E-6,1.640E-6,1.868E-6,2.128E-6,2.422E-6,2.755E-6,3.128E-6,3.547E-6,0.000,1.817E9,2.231E9,2.645E9,3.111E9,3.638E9,4.230E9,4.896E9,5.646E9,6.488E9,7.433E9,8.493E9,9.677E9,945.4E-18,940.3E-18,940.3E-18,940.3E-18,940.3E-18,940.3E-18,940.3E-18,940.3E-18,940.3E-18,940.3E-18,940.3E-18,940.3E-18,940.3E-18,584.5E-18,596.2E-18,596.6E-18,596.5E-18,596.5E-18,596.5E-18,596.5E-18,596.5E-18,596.5E-18,596.5E-18,596.5E-18,596.5E-18,596.5E-18,584.5E-18,429.5E-18,421.8E-18,413.3E-18,402.7E-18,392.7E-18,384.6E-18,378.2E-18,373.2E-18,369.2E-18,365.8E-18,363.1E-18,360.7E-18,945.4E-18,867.4E-18,812.9E-18,768.2E-18,730.7E-18,698.9E-18,671.4E-18,647.4E-18,626.4E-18,607.7E-18,591.0E-18,576.0E-18,562.4E-18
350.0E-3,0.000,343.0E-3,605.2E-3,658.9E-3,692.5E-3,717.3E-3,737.6E-3,755.4E-3,772.0E-3,787.9E-3,803.6E-3,819.2E-3,835.1E-3,-84.23E-3,-84.34E-3,-84.45E-3,-84.57E-3,-84.71E-3,-84.86E-3,-85.04E-3,-85.23E-3,-85.44E-3,-85.68E-3,-85.94E-3,-86.24E-3,-86.56E-3,3.000,3.000,3.000,3.000,3.000,3.000,3.000,3.000,3.000,3.000,3.000,3.000,3.000,0.000,9.497,16.66,17.96,18.68,19.13,19.43,19.65,19.81,19.93,20.03,20.10,20.16,0.000,27.69,27.53,27.26,26.97,26.67,26.34,26.01,25.66,25.30,24.92,24.54,24.15,260.2E-15,-2.044E-6,-2.487E-6,-2.911E-6,-3.375E-6,-3.889E-6,-4.462E-6,-5.101E-6,-5.815E-6,-6.610E-6,-7.495E-6,-8.478E-6,-9.568E-6,0.000,56.59E-6,68.45E-6,79.36E-6,91.03E-6,103.7E-6,117.5E-6,132.7E-6,149.2E-6,167.2E-6,186.8E-6,208.0E-6,231.0E-6,0.000,5.927E-6,7.060E-6,8.059E-6,9.098E-6,10.20E-6,11.37E-6,12.62E-6,13.95E-6,15.37E-6,16.87E-6,18.45E-6,20.12E-6,48.13E-6,5.959E-6,4.109E-6,4.418E-6,4.874E-6,5.421E-6,6.049E-6,6.753E-6,7.532E-6,8.390E-6,9.327E-6,10.35E-6,11.46E-6,0.000,5.867E9,7.166E9,8.348E9,9.638E9,11.06E9,12.61E9,14.30E9,16.15E9,18.15E9,20.33E9,22.69E9,25.24E9,971.6E-18,960.2E-18,959.8E-18,959.8E-18,959.8E-18,959.8E-18,959.8E-18,959.8E-18,959.8E-18,959.8E-18,959.8E-18,959.8E-18,959.8E-18,837.5E-18,897.8E-18,899.6E-18,899.4E-18,899.4E-18,899.4E-18,899.4E-18,899.4E-18,899.4E-18,899.4E-18,899.4E-18,899.4E-18,899.4E-18,837.5E-18,443.0E-18,425.0E-18,418.0E-18,408.1E-18,397.5E-18,388.4E-18,381.2E-18,375.6E-18,371.1E-18,367.4E-18,364.4E-18,361.8E-18,971.6E-18,880.1E-18,824.8E-18,780.1E-18,742.6E-18,710.7E-18,683.3E-18,659.3E-18,638.3E-18,619.6E-18,602.9E-18,587.9E-18,574.3E-18
400.0E-3,0.000,328.1E-3,667.3E-3,743.9E-3,792.0E-3,828.9E-3,860.0E-3,888.2E-3,915.0E-3,941.1E-3,967.0E-3,993.1E-3,1.020,-86.36E-3,-86.57E-3,-86.90E-3,-87.29E-3,-87.71E-3,-88.17E-3,-88.67E-3,-89.21E-3,-89.78E-3,-90.40E-3,-91.07E-3,-91.77E-3,-92.52E-3,3.000,3.000,3.000,3.000,3.000,3.000,3.000,3.000,3.000,3.000,3.000,3.000,3.000,0.000,7.866,15.91,17.46,18.27,18.77,19.11,19.35,19.53,19.67,19.78,19.87,19.94,0.000,23.97,23.85,23.47,23.07,22.65,22.22,21.79,21.35,20.90,20.46,20.00,19.55,396.5E-15,-7.487E-6,-9.035E-6,-10.40E-6,-11.85E-6,-13.40E-6,-15.09E-6,-16.91E-6,-18.90E-6,-21.05E-6,-23.37E-6,-25.88E-6,-28.58E-6,0.000,179.5E-6,215.5E-6,244.2E-6,273.3E-6,303.5E-6,335.2E-6,368.5E-6,403.4E-6,439.9E-6,478.1E-6,517.7E-6,558.8E-6,0.000,18.53E-6,21.88E-6,24.40E-6,26.87E-6,29.36E-6,31.88E-6,34.45E-6,37.07E-6,39.71E-6,42.38E-6,45.06E-6,47.74E-6,161.9E-6,22.82E-6,13.54E-6,13.98E-6,14.96E-6,16.17E-6,17.54E-6,19.04E-6,20.65E-6,22.36E-6,24.17E-6,26.06E-6,28.03E-6,0.000,15.22E9,18.83E9,21.42E9,24.08E9,26.91E9,29.89E9,33.00E9,36.26E9,39.66E9,43.19E9,46.86E9,50.67E9,995.5E-18,980.5E-18,978.8E-18,978.7E-18,978.7E-18,978.7E-18,978.7E-18,978.7E-18,978.7E-18,978.7E-18,978.7E-18,978.7E-18,978.7E-18,1.084E-15,1.221E-15,1.230E-15,1.230E-15,1.229E-15,1.229E-15,1.229E-15,1.229E-15,1.229E-15,1.229E-15,1.229E-15,1.229E-15,1.229E-15,1.084E-15,498.0E-18,428.7E-18,421.9E-18,413.3E-18,402.7E-18,392.7E-18,384.6E-18,378.2E-18,373.2E-18,369.2E-18,365.8E-18,363.1E-18,995.5E-18,896.8E-18,838.2E-18,793.3E-18,755.8E-18,723.9E-18,696.5E-18,672.5E-18,651.5E-18,632.8E-18,616.1E-18,601.1E-18,587.5E-18
450.0E-3,0.000,278.7E-3,755.3E-3,882.3E-3,957.2E-3,1.015,1.063,1.108,1.149,1.190,1.229,1.269,1.308,-92.17E-3,-92.60E-3,-93.33E-3,-94.15E-3,-95.03E-3,-95.95E-3,-96.91E-3,-97.90E-3,-98.94E-3,-100.0E-3,-101.1E-3,-102.3E-3,-103.5E-3,3.000,3.000,2.000,2.000,2.000,2.000,2.000,2.000,2.000,2.000,2.000,2.000,2.000,0.000,5.300,14.52,16.61,17.60,18.21,18.62,18.91,19.13,19.30,19.43,19.53,19.62,0.000,19.01,19.22,18.83,18.39,17.95,17.51,17.08,16.64,16.22,15.80,15.40,15.00,613.7E-15,-22.00E-6,-26.57E-6,-30.00E-6,-33.43E-6,-37.00E-6,-40.73E-6,-44.66E-6,-48.80E-6,-53.15E-6,-57.73E-6,-62.54E-6,-67.58E-6,0.000,418.4E-6,510.8E-6,564.7E-6,614.9E-6,664.1E-6,713.3E-6,762.6E-6,812.2E-6,862.1E-6,912.4E-6,962.9E-6,1.014E-3,0.000,42.69E-6,51.06E-6,55.52E-6,59.46E-6,63.14E-6,66.65E-6,70.02E-6,73.26E-6,76.36E-6,79.33E-6,82.15E-6,84.82E-6,420.1E-6,78.95E-6,35.19E-6,34.00E-6,34.93E-6,36.47E-6,38.31E-6,40.32E-6,42.46E-6,44.68E-6,46.96E-6,49.29E-6,51.67E-6,0.000,30.18E9,39.63E9,44.10E9,48.20E9,52.33E9,56.49E9,60.67E9,64.86E9,69.04E9,73.23E9,77.43E9,81.63E9,1.011E-15,996.4E-18,991.4E-18,991.1E-18,991.0E-18,991.0E-18,991.0E-18,991.0E-18,991.0E-18,991.0E-18,991.0E-18,991.0E-18,991.0E-18,1.252E-15,1.437E-15,1.475E-15,1.473E-15,1.472E-15,1.472E-15,1.472E-15,1.472E-15,1.472E-15,1.472E-15,1.472E-15,1.472E-15,1.472E-15,1.252E-15,645.9E-18,437.5E-18,425.6E-18,418.1E-18,408.1E-18,397.5E-18,388.4E-18,381.2E-18,375.6E-18,371.1E-18,367.4E-18,364.4E-18,1.011E-15,914.8E-18,848.4E-18,802.9E-18,765.3E-18,733.5E-18,706.0E-18,682.0E-18,661.0E-18,642.3E-18,625.6E-18,610.6E-18,597.0E-18
500.0E-3,0.000,213.2E-3,833.2E-3,1.065,1.186,1.274,1.347,1.411,1.470,1.526,1.580,1.632,1.684,-103.0E-3,-103.6E-3,-104.7E-3,-106.0E-3,-107.2E-3,-108.5E-3,-109.9E-3,-111.2E-3,-112.6E-3,-114.0E-3,-115.5E-3,-116.9E-3,-118.4E-3,1.000,1.000,2.000,2.000,2.000,2.000,2.000,2.000,2.000,2.000,2.000,2.000,2.000,0.000,2.958,12.19,15.29,16.62,17.40,17.92,18.29,18.57,18.79,18.96,19.10,19.21,0.000,13.88,14.63,14.36,14.01,13.66,13.31,12.97,12.64,12.31,12.00,11.70,11.41,948.9E-15,-49.92E-6,-61.75E-6,-68.51E-6,-74.85E-6,-81.18E-6,-87.61E-6,-94.19E-6,-101.0E-6,-107.9E-6,-115.1E-6,-122.5E-6,-130.1E-6,0.000,692.8E-6,903.6E-6,983.6E-6,1.049E-3,1.109E-3,1.166E-3,1.221E-3,1.276E-3,1.329E-3,1.381E-3,1.433E-3,1.484E-3,0.000,70.38E-6,88.95E-6,95.10E-6,99.64E-6,103.5E-6,107.0E-6,110.0E-6,112.8E-6,115.4E-6,117.7E-6,119.7E-6,121.5E-6,834.5E-6,234.2E-6,74.11E-6,64.33E-6,63.11E-6,63.72E-6,65.06E-6,66.77E-6,68.69E-6,70.73E-6,72.85E-6,75.03E-6,77.25E-6,0.000,44.10E9,64.45E9,71.29E9,76.33E9,81.04E9,85.66E9,90.16E9,94.53E9,98.76E9,102.9E9,106.9E9,110.9E9,1.020E-15,1.009E-15,999.9E-18,998.9E-18,998.8E-18,998.8E-18,998.7E-18,998.7E-18,998.7E-18,998.7E-18,998.7E-18,998.7E-18,998.7E-18,1.362E-15,1.551E-15,1.645E-15,1.641E-15,1.640E-15,1.639E-15,1.639E-15,1.639E-15,1.639E-15,1.639E-15,1.639E-15,1.639E-15,1.639E-15,1.362E-15,853.9E-18,464.9E-18,430.3E-18,422.4E-18,413.4E-18,402.8E-18,392.8E-18,384.6E-18,378.2E-18,373.2E-18,369.2E-18,365.8E-18,1.020E-15,931.4E-18,856.8E-18,809.5E-18,771.7E-18,739.8E-18,712.3E-18,688.3E-18,667.3E-18,648.6E-18,631.9E-18,616.9E-18,603.3E-18
550.0E-3,0.000,171.5E-3,835.4E-3,1.243,1.439,1.571,1.675,1.764,1.844,1.918,1.987,2.054,2.118,-117.8E-3,-118.6E-3,-120.0E-3,-121.5E-3,-123.0E-3,-124.6E-3,-126.1E-3,-127.7E-3,-129.3E-3,-131.0E-3,-132.6E-3,-134.3E-3,-135.9E-3,1.000,1.000,2.000,2.000,2.000,2.000,2.000,2.000,2.000,2.000,2.000,2.000,2.000,0.000,1.703,9.185,13.55,15.36,16.38,17.06,17.54,17.90,18.18,18.41,18.59,18.73,0.000,9.927,11.00,10.90,10.67,10.43,10.18,9.941,9.708,9.482,9.262,9.049,8.843,1.434E-12,-89.90E-6,-116.6E-6,-128.2E-6,-138.0E-6,-147.5E-6,-156.8E-6,-166.2E-6,-175.7E-6,-185.2E-6,-195.0E-6,-204.8E-6,-214.9E-6,0.000,892.4E-6,1.282E-3,1.397E-3,1.473E-3,1.537E-3,1.597E-3,1.652E-3,1.705E-3,1.756E-3,1.806E-3,1.854E-3,1.900E-3,0.000,91.46E-6,124.5E-6,132.8E-6,137.5E-6,141.0E-6,143.8E-6,146.1E-6,148.0E-6,149.5E-6,150.8E-6,151.8E-6,152.5E-6,1.351E-3,524.1E-6,139.6E-6,103.1E-6,95.90E-6,93.85E-6,93.60E-6,94.20E-6,95.26E-6,96.59E-6,98.10E-6,99.73E-6,101.4E-6,0.000,52.18E9,85.03E9,96.00E9,101.9E9,106.8E9,111.4E9,115.9E9,120.1E9,124.1E9,127.9E9,131.5E9,135.1E9,1.026E-15,1.017E-15,1.007E-15,1.004E-15,1.004E-15,1.004E-15,1.004E-15,1.004E-15,1.004E-15,1.004E-15,1.004E-15,1.004E-15,1.004E-15,1.437E-15,1.609E-15,1.762E-15,1.764E-15,1.760E-15,1.759E-15,1.759E-15,1.759E-15,1.758E-15,1.758E-15,1.758E-15,1.758E-15,1.758E-15,1.437E-15,1.039E-15,533.6E-18,439.9E-18,426.8E-18,418.5E-18,408.2E-18,397.6E-18,388.5E-18,381.2E-18,375.6E-18,371.1E-18,367.4E-18,1.026E-15,943.4E-18,865.6E-18,814.7E-18,776.3E-18,744.2E-18,716.7E-18,692.7E-18,671.6E-18,653.0E-18,636.3E-18,621.2E-18,607.6E-18
600.0E-3,0.000,151.9E-3,749.2E-3,1.365,1.675,1.871,2.018,2.139,2.244,2.340,2.428,2.511,2.590,-135.2E-3,-136.2E-3,-137.7E-3,-139.4E-3,-141.1E-3,-142.8E-3,-144.6E-3,-146.4E-3,-148.1E-3,-149.9E-3,-151.7E-3,-153.5E-3,-155.3E-3,1.000,1.000,2.000,2.000,2.000,2.000,2.000,2.000,2.000,2.000,2.000,2.000,2.000,0.000,1.106,6.254,11.50,13.90,15.22,16.08,16.68,17.14,17.50,17.78,18.01,18.20,0.000,7.283,8.348,8.427,8.297,8.135,7.968,7.802,7.638,7.479,7.324,7.172,7.025,2.105E-12,-137.5E-6,-188.3E-6,-206.9E-6,-220.9E-6,-233.7E-6,-246.0E-6,-258.1E-6,-270.1E-6,-282.1E-6,-294.2E-6,-306.3E-6,-318.6E-6,0.000,1.002E-3,1.572E-3,1.744E-3,1.833E-3,1.901E-3,1.960E-3,2.013E-3,2.063E-3,2.110E-3,2.155E-3,2.197E-3,2.238E-3,0.000,104.6E-6,151.6E-6,163.5E-6,168.5E-6,171.5E-6,173.6E-6,175.1E-6,176.0E-6,176.6E-6,176.9E-6,176.8E-6,176.5E-6,1.909E-3,905.6E-6,251.4E-6,151.6E-6,131.9E-6,124.9E-6,121.9E-6,120.7E-6,120.4E-6,120.6E-6,121.2E-6,122.0E-6,123.0E-6,0.000,55.37E9,97.30E9,114.7E9,122.1E9,127.3E9,131.8E9,136.0E9,140.0E9,143.7E9,147.1E9,150.4E9,153.4E9,1.030E-15,1.024E-15,1.013E-15,1.008E-15,1.008E-15,1.008E-15,1.007E-15,1.007E-15,1.007E-15,1.007E-15,1.007E-15,1.007E-15,1.007E-15,1.491E-15,1.643E-15,1.830E-15,1.857E-15,1.852E-15,1.849E-15,1.848E-15,1.848E-15,1.848E-15,1.848E-15,1.848E-15,1.848E-15,1.848E-15,1.491E-15,1.176E-15,654.5E-18,461.0E-18,432.8E-18,423.4E-18,413.8E-18,402.9E-18,392.8E-18,384.7E-18,378.3E-18,373.2E-18,369.2E-18,1.030E-15,951.3E-18,875.3E-18,819.5E-18,779.9E-18,747.6E-18,719.9E-18,695.9E-18,674.9E-18,656.2E-18,639.5E-18,624.4E-18,610.8E-18
650.0E-3,0.000,140.8E-3,627.1E-3,1.399,1.863,2.146,2.350,2.514,2.653,2.775,2.887,2.991,3.088,-154.6E-3,-155.6E-3,-157.3E-3,-159.1E-3,-161.0E-3,-162.8E-3,-164.7E-3,-166.6E-3,-168.5E-3,-170.4E-3,-172.4E-3,-174.3E-3,-176.2E-3,1.000,1.000,2.000,2.000,2.000,2.000,2.000,2.000,2.000,2.000,2.000,2.000,2.000,0.000,770.5E-3,4.022,9.299,12.29,13.94,15.00,15.74,16.30,16.74,17.09,17.37,17.60,0.000,5.474,6.415,6.649,6.598,6.495,6.381,6.263,6.147,6.032,5.919,5.809,5.701,3.009E-12,-188.5E-6,-271.6E-6,-300.8E-6,-319.7E-6,-336.0E-6,-351.2E-6,-365.9E-6,-380.3E-6,-394.6E-6,-408.7E-6,-422.9E-6,-437.0E-6,0.000,1.032E-3,1.742E-3,2.000E-3,2.109E-3,2.182E-3,2.241E-3,2.292E-3,2.338E-3,2.380E-3,2.419E-3,2.456E-3,2.491E-3,0.000,110.3E-6,168.5E-6,185.7E-6,191.5E-6,194.3E-6,195.8E-6,196.5E-6,196.7E-6,196.4E-6,195.7E-6,194.8E-6,193.6E-6,2.462E-3,1.339E-3,433.1E-6,215.1E-6,171.6E-6,156.5E-6,149.4E-6,145.6E-6,143.4E-6,142.2E-6,141.6E-6,141.4E-6,141.5E-6,0.000,54.92E9,101.4E9,126.3E9,136.3E9,142.0E9,146.5E9,150.5E9,154.2E9,157.6E9,160.7E9,163.5E9,166.2E9,1.033E-15,1.028E-15,1.019E-15,1.012E-15,1.011E-15,1.010E-15,1.010E-15,1.010E-15,1.010E-15,1.010E-15,1.010E-15,1.010E-15,1.010E-15,1.530E-15,1.665E-15,1.857E-15,1.926E-15,1.924E-15,1.920E-15,1.918E-15,1.918E-15,1.917E-15,1.917E-15,1.917E-15,1.917E-15,1.917E-15,1.530E-15,1.276E-15,805.3E-18,502.7E-18,442.9E-18,428.6E-18,419.2E-18,408.6E-18,397.8E-18,388.6E-18,381.3E-18,375.6E-18,371.1E-18,1.033E-15,956.5E-18,884.4E-18,824.6E-18,783.1E-18,750.3E-18,722.5E-18,698.5E-18,677.4E-18,658.6E-18,641.9E-18,626.9E-18,613.3E-18
700.0E-3,0.000,133.1E-3,519.3E-3,1.340,1.978,2.377,2.657,2.875,3.056,3.214,3.355,3.484,3.603,-175.4E-3,-176.5E-3,-178.3E-3,-180.3E-3,-182.2E-3,-184.2E-3,-186.2E-3,-188.2E-3,-190.3E-3,-192.3E-3,-194.3E-3,-196.4E-3,-198.5E-3,1.000,1.000,2.000,2.000,2.000,2.000,2.000,2.000,2.000,2.000,2.000,2.000,2.000,0.000,557.5E-3,2.582,7.137,10.57,12.56,13.83,14.73,15.40,15.92,16.34,16.67,16.95,0.000,4.190,4.973,5.325,5.342,5.284,5.206,5.123,5.038,4.953,4.869,4.786,4.705,4.206E-12,-239.5E-6,-360.2E-6,-405.0E-6,-430.1E-6,-450.2E-6,-468.4E-6,-485.6E-6,-502.2E-6,-518.4E-6,-534.4E-6,-550.3E-6,-566.0E-6,0.000,1.003E-3,1.791E-3,2.157E-3,2.298E-3,2.379E-3,2.438E-3,2.487E-3,2.530E-3,2.568E-3,2.602E-3,2.634E-3,2.663E-3,0.000,109.8E-6,175.2E-6,199.1E-6,206.5E-6,209.3E-6,210.4E-6,210.5E-6,209.9E-6,208.9E-6,207.4E-6,205.7E-6,203.7E-6,2.984E-3,1.800E-3,693.7E-6,302.2E-6,217.4E-6,189.4E-6,176.3E-6,168.9E-6,164.3E-6,161.3E-6,159.3E-6,157.9E-6,157.1E-6,0.000,51.97E9,99.29E9,130.7E9,144.5E9,151.2E9,155.8E9,159.7E9,163.2E9,166.3E9,169.1E9,171.6E9,173.9E9,1.035E-15,1.031E-15,1.023E-15,1.016E-15,1.013E-15,1.012E-15,1.012E-15,1.012E-15,1.012E-15,1.012E-15,1.012E-15,1.012E-15,1.012E-15,1.560E-15,1.681E-15,1.860E-15,1.973E-15,1.981E-15,1.977E-15,1.974E-15,1.973E-15,1.972E-15,1.972E-15,1.972E-15,1.972E-15,1.972E-15,1.560E-15,1.349E-15,952.2E-18,572.0E-18,460.7E-18,435.4E-18,424.7E-18,414.4E-18,403.2E-18,393.0E-18,384.8E-18,378.3E-18,373.2E-18,1.035E-15,960.2E-18,891.9E-18,830.4E-18,786.3E-18,752.7E-18,724.6E-18,700.5E-18,679.3E-18,660.6E-18,643.9E-18,628.9E-18,615.3E-18
750.0E-3,0.000,127.4E-3,442.8E-3,1.216,2.008,2.547,2.922,3.209,3.443,3.644,3.821,3.980,4.126,-197.6E-3,-198.7E-3,-200.6E-3,-202.7E-3,-204.8E-3,-206.9E-3,-209.0E-3,-211.1E-3,-213.2E-3,-215.4E-3,-217.5E-3,-219.6E-3,-221.8E-3,1.000,1.000,1.000,2.000,2.000,2.000,2.000,2.000,2.000,2.000,2.000,2.000,2.000,0.000,415.5E-3,1.724,5.236,8.804,11.11,12.60,13.65,14.43,15.04,15.53,15.92,16.25,0.000,3.262,3.893,4.305,4.384,4.362,4.312,4.253,4.190,4.127,4.063,4.001,3.939,5.770E-12,-288.0E-6,-448.8E-6,-514.5E-6,-547.7E-6,-572.2E-6,-593.4E-6,-613.0E-6,-631.7E-6,-649.7E-6,-667.4E-6,-684.7E-6,-701.7E-6,0.000,939.5E-6,1.747E-3,2.215E-3,2.401E-3,2.496E-3,2.559E-3,2.607E-3,2.647E-3,2.681E-3,2.712E-3,2.739E-3,2.764E-3,0.000,105.4E-6,173.4E-6,203.8E-6,213.5E-6,216.8E-6,217.6E-6,217.2E-6,216.1E-6,214.4E-6,212.3E-6,209.9E-6,207.2E-6,3.461E-3,2.261E-3,1.014E-3,423.0E-6,272.7E-6,224.6E-6,203.1E-6,191.0E-6,183.5E-6,178.3E-6,174.7E-6,172.0E-6,170.1E-6,0.000,47.70E9,93.34E9,128.9E9,147.0E9,155.5E9,160.5E9,164.3E9,167.6E9,170.6E9,173.2E9,175.4E9,177.4E9,1.037E-15,1.033E-15,1.027E-15,1.019E-15,1.015E-15,1.014E-15,1.014E-15,1.014E-15,1.014E-15,1.014E-15,1.014E-15,1.014E-15,1.014E-15,1.584E-15,1.692E-15,1.852E-15,1.997E-15,2.027E-15,2.024E-15,2.020E-15,2.018E-15,2.017E-15,2.017E-15,2.016E-15,2.016E-15,2.016E-15,1.584E-15,1.405E-15,1.077E-15,667.4E-18,490.6E-18,445.5E-18,430.6E-18,420.3E-18,409.1E-18,398.0E-18,388.7E-18,381.4E-18,375.7E-18,1.037E-15,962.8E-18,897.5E-18,836.5E-18,789.7E-18,754.9E-18,726.5E-18,702.2E-18,681.0E-18,662.2E-18,645.5E-18,630.5E-18,616.9E-18
800.0E-3,0.000,123.1E-3,392.9E-3,1.069,1.954,2.641,3.131,3.502,3.800,4.052,4.273,4.469,4.648,-221.0E-3,-222.1E-3,-224.1E-3,-226.2E-3,-228.4E-3,-230.6E-3,-232.8E-3,-235.0E-3,-237.2E-3,-239.4E-3,-241.6E-3,-243.9E-3,-246.1E-3,1.000,1.000,1.000,2.000,2.000,2.000,2.000,2.000,2.000,2.000,2.000,2.000,2.000,0.000,317.6E-3,1.214,3.742,7.099,9.622,11.32,12.52,13.41,14.11,14.67,15.13,15.51,0.000,2.581,3.090,3.501,3.633,3.643,3.615,3.575,3.529,3.482,3.434,3.385,3.337,7.795E-12,-332.8E-6,-533.6E-6,-624.7E-6,-668.6E-6,-698.2E-6,-722.8E-6,-744.8E-6,-765.5E-6,-785.2E-6,-804.2E-6,-822.8E-6,-841.0E-6,0.000,858.9E-6,1.649E-3,2.187E-3,2.429E-3,2.543E-3,2.613E-3,2.663E-3,2.702E-3,2.734E-3,2.761E-3,2.785E-3,2.807E-3,0.000,98.66E-6,165.8E-6,200.4E-6,213.1E-6,217.2E-6,218.0E-6,217.3E-6,215.8E-6,213.6E-6,211.0E-6,208.0E-6,204.8E-6,3.889E-3,2.704E-3,1.358E-3,584.4E-6,342.1E-6,264.3E-6,230.8E-6,212.7E-6,201.4E-6,193.8E-6,188.2E-6,184.1E-6,181.0E-6,0.000,42.95E9,85.71E9,122.5E9,144.8E9,155.5E9,161.3E9,165.2E9,168.4E9,171.3E9,173.7E9,175.9E9,177.7E9,1.038E-15,1.035E-15,1.029E-15,1.022E-15,1.018E-15,1.016E-15,1.015E-15,1.015E-15,1.015E-15,1.015E-15,1.015E-15,1.015E-15,1.015E-15,1.602E-15,1.701E-15,1.842E-15,2.002E-15,2.059E-15,2.062E-15,2.058E-15,2.056E-15,2.054E-15,2.054E-15,2.053E-15,2.053E-15,2.053E-15,1.602E-15,1.448E-15,1.177E-15,778.5E-18,536.1E-18,461.0E-18,437.8E-18,426.2E-18,415.2E-18,403.7E-18,393.3E-18,384.9E-18,378.4E-18,1.038E-15,964.8E-18,901.6E-18,842.3E-18,793.5E-18,757.2E-18,728.2E-18,703.7E-18,682.4E-18,663.6E-18,646.8E-18,631.7E-18,618.1E-18
850.0E-3,0.000,119.7E-3,360.1E-3,933.3E-3,1.835,2.656,3.272,3.741,4.115,4.428,4.700,4.940,5.156,-245.3E-3,-246.4E-3,-248.5E-3,-250.7E-3,-252.9E-3,-255.2E-3,-257.5E-3,-259.7E-3,-262.0E-3,-264.3E-3,-266.6E-3,-268.9E-3,-271.2E-3,1.000,1.000,1.000,2.000,2.000,2.000,2.000,2.000,2.000,2.000,2.000,2.000,2.000,0.000,247.9E-3,897.3E-3,2.670,5.566,8.157,10.02,11.36,12.37,13.15,13.78,14.30,14.74,0.000,2.071,2.492,2.861,3.033,3.072,3.063,3.038,3.005,2.970,2.933,2.896,2.858,10.40E-12,-373.4E-6,-612.8E-6,-731.7E-6,-789.2E-6,-825.2E-6,-853.5E-6,-878.1E-6,-900.7E-6,-922.0E-6,-942.4E-6,-962.1E-6,-981.3E-6,0.000,773.3E-6,1.527E-3,2.094E-3,2.394E-3,2.535E-3,2.614E-3,2.667E-3,2.707E-3,2.738E-3,2.764E-3,2.786E-3,2.805E-3,0.000,90.91E-6,154.9E-6,190.6E-6,206.2E-6,211.4E-6,212.5E-6,211.7E-6,209.8E-6,207.3E-6,204.2E-6,200.9E-6,197.2E-6,4.268E-3,3.119E-3,1.702E-3,784.0E-6,430.0E-6,310.7E-6,260.8E-6,234.7E-6,218.9E-6,208.2E-6,200.5E-6,194.8E-6,190.3E-6,0.000,38.23E9,77.78E9,113.5E9,138.8E9,152.1E9,159.1E9,163.4E9,166.6E9,169.4E9,171.8E9,173.8E9,175.5E9,1.039E-15,1.036E-15,1.031E-15,1.025E-15,1.020E-15,1.017E-15,1.016E-15,1.016E-15,1.016E-15,1.016E-15,1.016E-15,1.016E-15,1.016E-15,1.617E-15,1.708E-15,1.832E-15,1.992E-15,2.079E-15,2.093E-15,2.090E-15,2.087E-15,2.085E-15,2.084E-15,2.083E-15,2.083E-15,2.083E-15,1.617E-15,1.482E-15,1.256E-15,891.7E-18,598.7E-18,484.1E-18,447.5E-18,432.5E-18,421.4E-18,409.8E-18,398.5E-18,389.0E-18,381.5E-18,1.039E-15,966.3E-18,904.6E-18,847.4E-18,797.6E-18,759.6E-18,729.8E-18,705.0E-18,683.5E-18,664.7E-18,647.9E-18,632.8E-18,619.2E-18
900.0E-3,0.000,117.1E-3,336.8E-3,825.3E-3,1.682,2.596,3.339,3.916,4.377,4.761,5.091,5.381,5.640,-270.4E-3,-271.5E-3,-273.6E-3,-275.9E-3,-278.2E-3,-280.6E-3,-282.9E-3,-285.2E-3,-287.5E-3,-289.9E-3,-292.2E-3,-294.6E-3,-296.9E-3,1.000,1.000,1.000,2.000,2.000,2.000,2.000,2.000,2.000,2.000,2.000,2.000,2.000,0.000,196.9E-3,687.0E-3,1.945,4.283,6.776,8.744,10.20,11.31,12.18,12.88,13.46,13.94,0.000,1.682,2.039,2.356,2.547,2.610,2.619,2.606,2.584,2.558,2.530,2.501,2.472,13.71E-12,-409.8E-6,-685.7E-6,-833.0E-6,-906.7E-6,-950.6E-6,-983.2E-6,-1.011E-3,-1.035E-3,-1.058E-3,-1.080E-3,-1.101E-3,-1.121E-3,0.000,689.3E-6,1.399E-3,1.963E-3,2.309E-3,2.481E-3,2.575E-3,2.633E-3,2.675E-3,2.707E-3,2.732E-3,2.753E-3,2.770E-3,0.000,82.86E-6,142.4E-6,176.5E-6,194.0E-6,200.5E-6,202.0E-6,201.2E-6,199.1E-6,196.3E-6,193.1E-6,189.4E-6,185.4E-6,4.601E-3,3.500E-3,2.036E-3,1.009E-3,539.2E-6,366.2E-6,294.4E-6,258.1E-6,236.5E-6,222.2E-6,212.1E-6,204.5E-6,198.7E-6,0.000,33.76E9,70.12E9,103.5E9,130.2E9,146.1E9,154.6E9,159.5E9,162.8E9,165.6E9,167.9E9,169.9E9,171.6E9,1.040E-15,1.037E-15,1.033E-15,1.027E-15,1.022E-15,1.019E-15,1.018E-15,1.017E-15,1.017E-15,1.017E-15,1.017E-15,1.017E-15,1.017E-15,1.629E-15,1.713E-15,1.823E-15,1.975E-15,2.085E-15,2.115E-15,2.116E-15,2.113E-15,2.111E-15,2.109E-15,2.108E-15,2.108E-15,2.107E-15,1.629E-15,1.509E-15,1.318E-15,997.0E-18,676.2E-18,517.2E-18,461.2E-18,439.8E-18,427.7E-18,416.2E-18,404.3E-18,393.6E-18,385.1E-18,1.040E-15,967.5E-18,906.8E-18,851.6E-18,801.7E-18,762.2E-18,731.4E-18,706.2E-18,684.5E-18,665.6E-18,648.7E-18,633.6E-18,620.0E-18
950.0E-3,0.000,114.9E-3,319.2E-3,746.0E-3,1.524,2.479,3.334,4.023,4.579,5.042,5.437,5.783,6.092,-296.1E-3,-297.3E-3,-299.4E-3,-301.8E-3,-304.1E-3,-306.5E-3,-308.9E-3,-311.3E-3,-313.7E-3,-316.0E-3,-318.4E-3,-320.8E-3,-323.2E-3,1.000,1.000,1.000,1.000,2.000,2.000,2.000,2.000,2.000,2.000,2.000,2.000,2.000,0.000,158.7E-3,539.1E-3,1.462,3.275,5.535,7.520,9.067,10.26,11.20,11.97,12.60,13.13,0.000,1.381,1.689,1.960,2.150,2.233,2.256,2.254,2.241,2.222,2.202,2.179,2.156,17.92E-12,-442.1E-6,-752.2E-6,-927.3E-6,-1.019E-3,-1.072E-3,-1.110E-3,-1.141E-3,-1.167E-3,-1.192E-3,-1.215E-3,-1.237E-3,-1.258E-3,0.000,610.3E-6,1.271E-3,1.818E-3,2.191E-3,2.395E-3,2.504E-3,2.571E-3,2.616E-3,2.649E-3,2.674E-3,2.695E-3,2.712E-3,0.000,74.93E-6,129.4E-6,160.3E-6,177.9E-6,185.5E-6,187.5E-6,186.8E-6,184.7E-6,181.8E-6,178.3E-6,174.4E-6,170.2E-6,4.892E-3,3.847E-3,2.357E-3,1.243E-3,668.9E-6,432.6E-6,333.0E-6,283.5E-6,254.9E-6,236.4E-6,223.4E-6,213.8E-6,206.4E-6,0.000,29.68E9,62.95E9,93.82E9,120.4E9,138.3E9,148.3E9,154.0E9,157.7E9,160.5E9,162.9E9,164.9E9,166.5E9,1.041E-15,1.038E-15,1.034E-15,1.029E-15,1.024E-15,1.020E-15,1.019E-15,1.018E-15,1.018E-15,1.017E-15,1.017E-15,1.017E-15,1.017E-15,1.639E-15,1.717E-15,1.815E-15,1.955E-15,2.080E-15,2.130E-15,2.137E-15,2.135E-15,2.133E-15,2.131E-15,2.130E-15,2.129E-15,2.128E-15,1.639E-15,1.531E-15,1.367E-15,1.089E-15,763.3E-18,561.6E-18,480.1E-18,449.1E-18,434.2E-18,422.7E-18,410.6E-18,399.0E-18,389.3E-18,1.041E-15,968.4E-18,908.5E-18,854.9E-18,805.7E-18,765.0E-18,733.2E-18,707.3E-18,685.4E-18,666.4E-18,649.4E-18,634.3E-18,620.7E-18
1.000,0.000,113.1E-3,305.0E-3,688.9E-3,1.381,2.328,3.266,4.062,4.717,5.265,5.732,6.141,6.504,-322.4E-3,-323.6E-3,-325.8E-3,-328.2E-3,-330.6E-3,-333.0E-3,-335.4E-3,-337.8E-3,-340.2E-3,-342.7E-3,-345.1E-3,-347.5E-3,-350.0E-3,1.000,1.000,1.000,1.000,2.000,2.000,2.000,2.000,2.000,2.000,2.000,2.000,2.000,0.000,129.3E-3,430.8E-3,1.137,2.521,4.470,6.387,7.974,9.234,10.24,11.06,11.75,12.33,0.000,1.143,1.413,1.651,1.825,1.920,1.956,1.963,1.957,1.945,1.930,1.913,1.895,23.23E-12,-470.6E-6,-812.3E-6,-1.014E-3,-1.125E-3,-1.189E-3,-1.233E-3,-1.267E-3,-1.296E-3,-1.322E-3,-1.347E-3,-1.369E-3,-1.391E-3,0.000,537.8E-6,1.148E-3,1.675E-3,2.054E-3,2.284E-3,2.411E-3,2.487E-3,2.537E-3,2.573E-3,2.599E-3,2.620E-3,2.637E-3,0.000,67.35E-6,116.4E-6,143.6E-6,159.5E-6,167.5E-6,169.9E-6,169.4E-6,167.3E-6,164.3E-6,160.7E-6,156.7E-6,152.3E-6,5.145E-3,4.159E-3,2.664E-3,1.472E-3,814.7E-6,510.9E-6,377.5E-6,311.9E-6,274.8E-6,251.2E-6,234.9E-6,223.0E-6,213.9E-6,0.000,26.00E9,56.32E9,84.94E9,110.1E9,129.2E9,140.8E9,147.5E9,151.7E9,154.6E9,157.0E9,159.0E9,160.7E9,1.041E-15,1.038E-15,1.035E-15,1.031E-15,1.026E-15,1.022E-15,1.019E-15,1.019E-15,1.018E-15,1.018E-15,1.018E-15,1.018E-15,1.018E-15,1.647E-15,1.719E-15,1.809E-15,1.935E-15,2.067E-15,2.136E-15,2.153E-15,2.153E-15,2.151E-15,2.149E-15,2.147E-15,2.146E-15,2.145E-15,1.647E-15,1.550E-15,1.407E-15,1.167E-15,853.6E-18,617.3E-18,505.9E-18,461.3E-18,441.6E-18,429.1E-18,417.2E-18,404.9E-18,394.1E-18,1.041E-15,969.2E-18,909.8E-18,857.5E-18,809.4E-18,767.9E-18,735.0E-18,708.5E-18,686.3E-18,667.0E-18,650.0E-18,634.9E-18,621.2E-18
1.050,0.000,111.7E-3,293.2E-3,646.3E-3,1.264,2.166,3.150,4.039,4.792,5.427,5.972,6.448,6.870,-349.2E-3,-350.4E-3,-352.6E-3,-355.0E-3,-357.4E-3,-359.9E-3,-362.3E-3,-364.8E-3,-367.2E-3,-369.7E-3,-372.2E-3,-374.6E-3,-377.1E-3,1.000,1.000,1.000,1.000,2.000,2.000,2.000,2.000,2.000,2.000,2.000,2.000,2.000,0.000,106.4E-3,349.1E-3,909.1E-3,1.972,3.595,5.370,6.948,8.246,9.304,10.17,10.90,11.52,0.000,952.9E-3,1.191,1.407,1.561,1.660,1.705,1.720,1.721,1.714,1.704,1.691,1.677,29.90E-12,-495.6E-6,-866.5E-6,-1.094E-3,-1.224E-3,-1.300E-3,-1.351E-3,-1.389E-3,-1.421E-3,-1.449E-3,-1.474E-3,-1.498E-3,-1.521E-3,0.000,472.2E-6,1.032E-3,1.539E-3,1.910E-3,2.158E-3,2.303E-3,2.389E-3,2.445E-3,2.483E-3,2.512E-3,2.533E-3,2.550E-3,0.000,60.23E-6,103.9E-6,127.2E-6,140.0E-6,147.5E-6,150.1E-6,149.7E-6,147.6E-6,144.6E-6,140.9E-6,136.8E-6,132.4E-6,5.365E-3,4.439E-3,2.955E-3,1.693E-3,968.6E-6,600.2E-6,428.8E-6,343.9E-6,296.5E-6,266.9E-6,246.9E-6,232.4E-6,221.4E-6,0.000,22.72E9,50.25E9,77.02E9,100.3E9,119.6E9,132.6E9,140.3E9,145.0E9,148.2E9,150.6E9,152.7E9,154.4E9,1.042E-15,1.039E-15,1.036E-15,1.032E-15,1.027E-15,1.023E-15,1.020E-15,1.019E-15,1.019E-15,1.018E-15,1.018E-15,1.018E-15,1.018E-15,1.654E-15,1.721E-15,1.803E-15,1.917E-15,2.048E-15,2.135E-15,2.164E-15,2.168E-15,2.166E-15,2.164E-15,2.162E-15,2.161E-15,2.160E-15,1.654E-15,1.565E-15,1.439E-15,1.233E-15,941.3E-18,682.6E-18,539.6E-18,477.5E-18,450.4E-18,435.8E-18,423.9E-18,411.4E-18,399.5E-18,1.042E-15,969.9E-18,910.8E-18,859.6E-18,812.6E-18,770.9E-18,737.0E-18,709.7E-18,687.1E-18,667.6E-18,650.5E-18,635.3E-18,621.6E-18
1.100,0.000,110.4E-3,283.4E-3,612.4E-3,1.172,2.011,3.005,3.964,4.807,5.530,6.155,6.702,7.187,-376.3E-3,-377.5E-3,-379.7E-3,-382.2E-3,-384.6E-3,-387.1E-3,-389.6E-3,-392.1E-3,-394.6E-3,-397.1E-3,-399.6E-3,-402.1E-3,-404.6E-3,1.000,1.000,1.000,1.000,2.000,2.000,2.000,2.000,2.000,2.000,2.000,2.000,2.000,0.000,88.18E-3,286.1E-3,740.9E-3,1.577,2.899,4.487,6.006,7.313,8.402,9.310,10.08,10.73,0.000,798.8E-3,1.010,1.210,1.346,1.442,1.493,1.515,1.521,1.519,1.513,1.503,1.493,38.25E-12,-517.6E-6,-915.1E-6,-1.168E-3,-1.316E-3,-1.405E-3,-1.463E-3,-1.506E-3,-1.540E-3,-1.570E-3,-1.597E-3,-1.622E-3,-1.646E-3,0.000,413.4E-6,923.8E-6,1.413E-3,1.771E-3,2.025E-3,2.184E-3,2.281E-3,2.343E-3,2.386E-3,2.416E-3,2.439E-3,2.457E-3,0.000,53.60E-6,92.04E-6,111.5E-6,120.6E-6,126.4E-6,128.8E-6,128.4E-6,126.3E-6,123.3E-6,119.5E-6,115.4E-6,110.9E-6,5.555E-3,4.689E-3,3.229E-3,1.907E-3,1.123E-3,698.4E-6,486.8E-6,379.8E-6,320.5E-6,284.0E-6,259.5E-6,242.1E-6,229.0E-6,0.000,19.81E9,44.73E9,69.93E9,91.32E9,110.0E9,123.8E9,132.5E9,137.9E9,141.4E9,143.9E9,146.0E9,147.8E9,1.042E-15,1.040E-15,1.037E-15,1.033E-15,1.029E-15,1.024E-15,1.021E-15,1.020E-15,1.019E-15,1.019E-15,1.019E-15,1.018E-15,1.018E-15,1.659E-15,1.723E-15,1.798E-15,1.901E-15,2.027E-15,2.126E-15,2.169E-15,2.179E-15,2.179E-15,2.177E-15,2.175E-15,2.173E-15,2.172E-15,1.659E-15,1.578E-15,1.466E-15,1.287E-15,1.023E-15,754.4E-18,581.5E-18,498.5E-18,461.5E-18,443.0E-18,430.5E-18,418.2E-18,405.6E-18,1.042E-15,970.4E-18,911.7E-18,861.2E-18,815.4E-18,773.9E-18,739.1E-18,711.0E-18,687.9E-18,668.2E-18,651.0E-18,635.6E-18,621.9E-18
1.150,0.000,109.3E-3,275.0E-3,583.6E-3,1.101,1.874,2.847,3.850,4.769,5.577,6.282,6.902,7.453,-403.8E-3,-405.0E-3,-407.2E-3,-409.7E-3,-412.2E-3,-414.7E-3,-417.2E-3,-419.7E-3,-422.2E-3,-424.7E-3,-427.3E-3,-429.8E-3,-432.3E-3,1.000,1.000,1.000,1.000,1.000,2.000,2.000,2.000,2.000,2.000,2.000,2.000,2.000,0.000,73.52E-3,236.6E-3,611.4E-3,1.290,2.360,3.741,5.162,6.445,7.546,8.479,9.273,9.954,0.000,672.6E-3,860.2E-3,1.048,1.172,1.259,1.314,1.341,1.351,1.353,1.350,1.344,1.336,48.67E-12,-536.8E-6,-958.5E-6,-1.235E-3,-1.401E-3,-1.502E-3,-1.569E-3,-1.617E-3,-1.655E-3,-1.687E-3,-1.716E-3,-1.742E-3,-1.766E-3,0.000,361.0E-6,824.5E-6,1.294E-3,1.641E-3,1.892E-3,2.061E-3,2.168E-3,2.236E-3,2.283E-3,2.316E-3,2.340E-3,2.359E-3,0.000,47.47E-6,80.89E-6,96.57E-6,101.8E-6,105.1E-6,106.6E-6,106.0E-6,103.9E-6,100.7E-6,96.96E-6,92.74E-6,88.21E-6,5.720E-3,4.911E-3,3.485E-3,2.116E-3,1.272E-3,801.7E-6,551.0E-6,419.9E-6,347.0E-6,302.5E-6,273.1E-6,252.4E-6,237.0E-6,0.000,17.25E9,39.73E9,63.50E9,83.37E9,100.9E9,115.0E9,124.5E9,130.5E9,134.4E9,137.2E9,139.3E9,141.2E9,1.042E-15,1.040E-15,1.037E-15,1.034E-15,1.030E-15,1.026E-15,1.022E-15,1.020E-15,1.019E-15,1.019E-15,1.019E-15,1.019E-15,1.019E-15,1.664E-15,1.724E-15,1.793E-15,1.886E-15,2.005E-15,2.111E-15,2.168E-15,2.186E-15,2.189E-15,2.187E-15,2.185E-15,2.183E-15,2.182E-15,1.664E-15,1.589E-15,1.488E-15,1.332E-15,1.095E-15,829.3E-18,631.5E-18,525.3E-18,475.6E-18,451.5E-18,437.2E-18,425.0E-18,412.3E-18,1.042E-15,970.9E-18,912.4E-18,862.5E-18,817.6E-18,776.6E-18,741.3E-18,712.5E-18,688.8E-18,668.7E-18,651.3E-18,635.9E-18,622.1E-18
1.200,0.000,108.4E-3,267.9E-3,558.4E-3,1.046,1.759,2.692,3.712,4.690,5.573,6.355,7.048,7.668,-431.5E-3,-432.7E-3,-435.0E-3,-437.5E-3,-440.0E-3,-442.5E-3,-445.1E-3,-447.6E-3,-450.1E-3,-452.7E-3,-455.2E-3,-457.7E-3,-460.3E-3,1.000,1.000,1.000,1.000,1.000,2.000,2.000,2.000,2.000,2.000,2.000,2.000,2.000,0.000,61.57E-3,197.1E-3,508.9E-3,1.076,1.947,3.125,4.421,5.653,6.745,7.688,8.501,9.204,0.000,568.2E-3,735.9E-3,911.3E-3,1.029,1.107,1.161,1.191,1.205,1.210,1.210,1.206,1.200,61.62E-12,-553.5E-6,-997.2E-6,-1.297E-3,-1.480E-3,-1.594E-3,-1.669E-3,-1.722E-3,-1.764E-3,-1.798E-3,-1.829E-3,-1.856E-3,-1.882E-3,0.000,314.5E-6,733.8E-6,1.182E-3,1.522E-3,1.764E-3,1.936E-3,2.051E-3,2.126E-3,2.177E-3,2.213E-3,2.239E-3,2.259E-3,0.000,41.81E-6,70.51E-6,82.53E-6,84.18E-6,84.16E-6,84.18E-6,83.05E-6,80.69E-6,77.44E-6,73.59E-6,69.32E-6,64.76E-6,5.861E-3,5.108E-3,3.723E-3,2.323E-3,1.415E-3,905.7E-6,619.8E-6,463.9E-6,376.1E-6,322.7E-6,287.8E-6,263.4E-6,245.4E-6,0.000,14.98E9,35.22E9,57.59E9,76.37E9,92.45E9,106.3E9,116.4E9,123.1E9,127.4E9,130.4E9,132.6E9,134.5E9,1.043E-15,1.040E-15,1.038E-15,1.035E-15,1.031E-15,1.027E-15,1.023E-15,1.021E-15,1.020E-15,1.019E-15,1.019E-15,1.019E-15,1.019E-15,1.667E-15,1.724E-15,1.789E-15,1.873E-15,1.983E-15,2.093E-15,2.162E-15,2.190E-15,2.196E-15,2.196E-15,2.194E-15,2.192E-15,2.190E-15,1.667E-15,1.598E-15,1.507E-15,1.369E-15,1.159E-15,903.6E-18,688.2E-18,558.4E-18,493.4E-18,461.6E-18,444.3E-18,431.7E-18,419.2E-18,1.043E-15,971.3E-18,913.0E-18,863.5E-18,819.5E-18,779.2E-18,743.6E-18,714.0E-18,689.7E-18,669.3E-18,651.7E-18,636.1E-18,622.2E-18
