vgs ,M0:vdsat vds 0 ,M0:vdsat vds 0.1 ,M0:vdsat vds 0.2 ,M0:vdsat vds 0.3 ,M0:vdsat vds 0.4 ,M0:vdsat vds 0.5 ,M0:vdsat vds 0.6 ,M0:vdsat vds 0.7 ,M0:vdsat vds 0.8 ,M0:vdsat vds 0.9 ,M0:vdsat vds 1 ,M0:vdsat vds 1.1 ,M0:vdsat vds 1.2 ,M0:self_gain vds 0 ,M0:self_gain vds 0.1 ,M0:self_gain vds 0.2 ,M0:self_gain vds 0.3 ,M0:self_gain vds 0.4 ,M0:self_gain vds 0.5 ,M0:self_gain vds 0.6 ,M0:self_gain vds 0.7 ,M0:self_gain vds 0.8 ,M0:self_gain vds 0.9 ,M0:self_gain vds 1 ,M0:self_gain vds 1.1 ,M0:self_gain vds 1.2 ,M0:region vds 0 ,M0:region vds 0.1 ,M0:region vds 0.2 ,M0:region vds 0.3 ,M0:region vds 0.4 ,M0:region vds 0.5 ,M0:region vds 0.6 ,M0:region vds 0.7 ,M0:region vds 0.8 ,M0:region vds 0.9 ,M0:region vds 1 ,M0:region vds 1.1 ,M0:region vds 1.2 ,M0:ron vds 0 ,M0:ron vds 0.1 ,M0:ron vds 0.2 ,M0:ron vds 0.3 ,M0:ron vds 0.4 ,M0:ron vds 0.5 ,M0:ron vds 0.6 ,M0:ron vds 0.7 ,M0:ron vds 0.8 ,M0:ron vds 0.9 ,M0:ron vds 1 ,M0:ron vds 1.1 ,M0:ron vds 1.2 ,M0:id vds 0 ,M0:id vds 0.1 ,M0:id vds 0.2 ,M0:id vds 0.3 ,M0:id vds 0.4 ,M0:id vds 0.5 ,M0:id vds 0.6 ,M0:id vds 0.7 ,M0:id vds 0.8 ,M0:id vds 0.9 ,M0:id vds 1 ,M0:id vds 1.1 ,M0:id vds 1.2 ,M0:gmoverid vds 0 ,M0:gmoverid vds 0.1 ,M0:gmoverid vds 0.2 ,M0:gmoverid vds 0.3 ,M0:gmoverid vds 0.4 ,M0:gmoverid vds 0.5 ,M0:gmoverid vds 0.6 ,M0:gmoverid vds 0.7 ,M0:gmoverid vds 0.8 ,M0:gmoverid vds 0.9 ,M0:gmoverid vds 1 ,M0:gmoverid vds 1.1 ,M0:gmoverid vds 1.2 ,M0:gmbs vds 0 ,M0:gmbs vds 0.1 ,M0:gmbs vds 0.2 ,M0:gmbs vds 0.3 ,M0:gmbs vds 0.4 ,M0:gmbs vds 0.5 ,M0:gmbs vds 0.6 ,M0:gmbs vds 0.7 ,M0:gmbs vds 0.8 ,M0:gmbs vds 0.9 ,M0:gmbs vds 1 ,M0:gmbs vds 1.1 ,M0:gmbs vds 1.2 ,M0:gm vds 0 ,M0:gm vds 0.1 ,M0:gm vds 0.2 ,M0:gm vds 0.3 ,M0:gm vds 0.4 ,M0:gm vds 0.5 ,M0:gm vds 0.6 ,M0:gm vds 0.7 ,M0:gm vds 0.8 ,M0:gm vds 0.9 ,M0:gm vds 1 ,M0:gm vds 1.1 ,M0:gm vds 1.2 ,M0:gds vds 0 ,M0:gds vds 0.1 ,M0:gds vds 0.2 ,M0:gds vds 0.3 ,M0:gds vds 0.4 ,M0:gds vds 0.5 ,M0:gds vds 0.6 ,M0:gds vds 0.7 ,M0:gds vds 0.8 ,M0:gds vds 0.9 ,M0:gds vds 1 ,M0:gds vds 1.1 ,M0:gds vds 1.2 ,M0:ft vds 0 ,M0:ft vds 0.1 ,M0:ft vds 0.2 ,M0:ft vds 0.3 ,M0:ft vds 0.4 ,M0:ft vds 0.5 ,M0:ft vds 0.6 ,M0:ft vds 0.7 ,M0:ft vds 0.8 ,M0:ft vds 0.9 ,M0:ft vds 1 ,M0:ft vds 1.1 ,M0:ft vds 1.2 ,M0:csb vds 0 ,M0:csb vds 0.1 ,M0:csb vds 0.2 ,M0:csb vds 0.3 ,M0:csb vds 0.4 ,M0:csb vds 0.5 ,M0:csb vds 0.6 ,M0:csb vds 0.7 ,M0:csb vds 0.8 ,M0:csb vds 0.9 ,M0:csb vds 1 ,M0:csb vds 1.1 ,M0:csb vds 1.2 ,M0:cgs vds 0 ,M0:cgs vds 0.1 ,M0:cgs vds 0.2 ,M0:cgs vds 0.3 ,M0:cgs vds 0.4 ,M0:cgs vds 0.5 ,M0:cgs vds 0.6 ,M0:cgs vds 0.7 ,M0:cgs vds 0.8 ,M0:cgs vds 0.9 ,M0:cgs vds 1 ,M0:cgs vds 1.1 ,M0:cgs vds 1.2 ,M0:cdb vds 0 ,M0:cdb vds 0.1 ,M0:cdb vds 0.2 ,M0:cdb vds 0.3 ,M0:cdb vds 0.4 ,M0:cdb vds 0.5 ,M0:cdb vds 0.6 ,M0:cdb vds 0.7 ,M0:cdb vds 0.8 ,M0:cdb vds 0.9 ,M0:cdb vds 1 ,M0:cdb vds 1.1 ,M0:cdb vds 1.2 ,M0:cgd vds 0 ,M0:cgd vds 0.1 ,M0:cgd vds 0.2 ,M0:cgd vds 0.3 ,M0:cgd vds 0.4 ,M0:cgd vds 0.5 ,M0:cgd vds 0.6 ,M0:cgd vds 0.7 ,M0:cgd vds 0.8 ,M0:cgd vds 0.9 ,M0:cgd vds 1 ,M0:cgd vds 1.1 ,M0:cgd vds 1.2 ,M0:cgb vds 0 ,M0:cgb vds 0.1 ,M0:cgb vds 0.2 ,M0:cgb vds 0.3 ,M0:cgb vds 0.4 ,M0:cgb vds 0.5 ,M0:cgb vds 0.6 ,M0:cgb vds 0.7 ,M0:cgb vds 0.8 ,M0:cgb vds 0.9 ,M0:cgb vds 1 ,M0:cgb vds 1.1 ,M0:cgb vds 1.2 
0.000,101.8E-3,101.9E-3,102.1E-3,102.3E-3,102.5E-3,102.8E-3,103.0E-3,103.2E-3,103.4E-3,103.7E-3,103.9E-3,104.1E-3,104.3E-3,0.000,5.205,8.256,8.600,8.718,8.785,8.833,8.872,8.907,8.939,8.968,8.996,9.021,0.000,0.000,0.000,0.000,0.000,0.000,0.000,0.000,0.000,0.000,0.000,0.000,0.000,INF,187.6E6,256.6E6,279.5E6,272.8E6,250.6E6,221.7E6,191.1E6,161.7E6,135.0E6,111.5E6,91.30E6,74.29E6,8.293E-12,547.5E-12,803.1E-12,1.111E-9,1.522E-9,2.076E-9,2.820E-9,3.819E-9,5.156E-9,6.941E-9,9.322E-9,12.49E-9,16.71E-9,0.000,27.21,27.14,27.06,26.99,26.91,26.83,26.76,26.68,26.60,26.52,26.45,26.37,0.000,962.7E-12,1.375E-9,1.845E-9,2.453E-9,3.247E-9,4.282E-9,5.632E-9,7.387E-9,9.663E-9,12.61E-9,16.41E-9,21.30E-9,0.000,14.51E-9,21.16E-9,29.05E-9,39.57E-9,53.68E-9,72.62E-9,98.01E-9,132.0E-9,177.4E-9,238.0E-9,318.7E-9,426.0E-9,10.53E-9,2.787E-9,2.562E-9,3.378E-9,4.539E-9,6.111E-9,8.222E-9,11.05E-9,14.82E-9,19.85E-9,26.53E-9,35.42E-9,47.22E-9,0.000,2.801E6,4.124E6,5.710E6,7.829E6,10.68E6,14.50E6,19.64E6,26.52E6,35.73E6,48.03E6,64.44E6,86.27E6,717.1E-18,717.1E-18,717.1E-18,717.1E-18,717.1E-18,717.1E-18,717.1E-18,717.1E-18,717.1E-18,717.1E-18,717.1E-18,717.1E-18,717.1E-18,365.9E-18,365.9E-18,365.9E-18,365.9E-18,365.9E-18,365.9E-18,365.9E-18,365.9E-18,365.9E-18,365.9E-18,365.9E-18,365.9E-18,365.9E-18,717.1E-18,695.1E-18,675.4E-18,657.7E-18,641.6E-18,627.0E-18,613.6E-18,601.3E-18,590.0E-18,579.4E-18,569.7E-18,560.5E-18,552.0E-18,365.9E-18,358.8E-18,351.0E-18,344.3E-18,339.0E-18,334.8E-18,331.4E-18,328.7E-18,326.5E-18,324.6E-18,323.0E-18,321.6E-18,320.3E-18,99.60E-18,99.60E-18,99.60E-18,99.60E-18,99.60E-18,99.60E-18,99.60E-18,99.60E-18,99.60E-18,99.60E-18,99.60E-18,99.60E-18,99.60E-18
50.00E-3,101.8E-3,101.9E-3,102.1E-3,102.4E-3,102.6E-3,102.8E-3,103.0E-3,103.2E-3,103.5E-3,103.7E-3,103.9E-3,104.1E-3,104.4E-3,0.000,5.241,8.363,8.718,8.839,8.908,8.957,8.997,9.032,9.064,9.094,9.122,9.147,0.000,0.000,0.000,0.000,0.000,0.000,0.000,0.000,0.000,0.000,3.000,3.000,3.000,INF,48.08E6,65.99E6,72.15E6,70.71E6,65.22E6,57.91E6,50.12E6,42.57E6,35.67E6,29.58E6,24.32E6,19.87E6,8.280E-12,2.094E-9,3.054E-9,4.195E-9,5.713E-9,7.747E-9,10.47E-9,14.12E-9,19.00E-9,25.50E-9,34.16E-9,45.67E-9,60.94E-9,0.000,27.24,27.17,27.10,27.02,26.94,26.86,26.78,26.70,26.62,26.54,26.46,26.37,0.000,3.685E-9,5.243E-9,7.006E-9,9.277E-9,12.23E-9,16.06E-9,21.03E-9,27.47E-9,35.77E-9,46.46E-9,60.19E-9,77.78E-9,0.000,56.67E-9,82.36E-9,112.7E-9,152.8E-9,206.5E-9,278.3E-9,374.0E-9,501.7E-9,671.6E-9,897.3E-9,1.197E-6,1.593E-6,41.16E-9,10.81E-9,9.848E-9,12.92E-9,17.29E-9,23.18E-9,31.07E-9,41.58E-9,55.55E-9,74.09E-9,98.67E-9,131.2E-9,174.1E-9,0.000,10.88E6,15.96E6,22.03E6,30.11E6,40.92E6,55.39E6,74.74E6,100.6E6,135.0E6,180.7E6,241.4E6,321.9E6,717.1E-18,717.1E-18,717.1E-18,717.1E-18,717.1E-18,717.1E-18,717.1E-18,717.1E-18,717.1E-18,717.1E-18,717.1E-18,717.1E-18,717.1E-18,368.7E-18,368.7E-18,368.7E-18,368.7E-18,368.7E-18,368.7E-18,368.7E-18,368.7E-18,368.7E-18,368.7E-18,368.7E-18,368.7E-18,368.7E-18,717.1E-18,695.1E-18,675.4E-18,657.7E-18,641.6E-18,627.0E-18,613.6E-18,601.3E-18,590.0E-18,579.4E-18,569.7E-18,560.5E-18,552.0E-18,368.7E-18,362.6E-18,354.9E-18,347.5E-18,341.5E-18,336.7E-18,333.0E-18,330.0E-18,327.6E-18,325.5E-18,323.8E-18,322.2E-18,320.9E-18,97.80E-18,97.80E-18,97.80E-18,97.80E-18,97.80E-18,97.80E-18,97.80E-18,97.80E-18,97.80E-18,97.80E-18,97.80E-18,97.80E-18,97.80E-18
100.0E-3,101.9E-3,102.0E-3,102.2E-3,102.4E-3,102.6E-3,102.8E-3,103.1E-3,103.3E-3,103.5E-3,103.7E-3,104.0E-3,104.2E-3,104.4E-3,0.000,5.276,8.471,8.840,8.964,9.034,9.084,9.124,9.160,9.193,9.223,9.251,9.276,0.000,0.000,0.000,0.000,0.000,0.000,3.000,3.000,3.000,3.000,3.000,3.000,3.000,INF,12.30E6,16.95E6,18.60E6,18.30E6,16.95E6,15.11E6,13.13E6,11.20E6,9.427E6,7.850E6,6.484E6,5.323E6,8.243E-12,8.143E-9,11.82E-9,16.16E-9,21.91E-9,29.58E-9,39.81E-9,53.46E-9,71.62E-9,95.74E-9,127.7E-9,170.1E-9,226.0E-9,0.000,27.27,27.20,27.12,27.04,26.95,26.87,26.78,26.69,26.60,26.51,26.41,26.30,0.000,14.14E-9,20.04E-9,26.66E-9,35.15E-9,46.12E-9,60.31E-9,78.61E-9,102.2E-9,132.4E-9,171.1E-9,220.4E-9,283.0E-9,0.000,221.7E-9,321.0E-9,437.3E-9,590.9E-9,795.0E-9,1.067E-6,1.428E-6,1.906E-6,2.540E-6,3.377E-6,4.479E-6,5.929E-6,161.1E-9,42.02E-9,37.89E-9,49.47E-9,65.91E-9,88.00E-9,117.4E-9,156.5E-9,208.1E-9,276.3E-9,366.1E-9,484.2E-9,639.2E-9,0.000,42.36E6,61.88E6,85.10E6,115.9E6,157.0E6,211.8E6,284.6E6,381.3E6,509.5E6,679.0E6,902.6E6,1.197E9,717.1E-18,717.1E-18,717.1E-18,717.1E-18,717.1E-18,717.1E-18,717.1E-18,717.1E-18,717.1E-18,717.1E-18,717.1E-18,717.1E-18,717.1E-18,370.8E-18,370.8E-18,370.8E-18,370.8E-18,370.8E-18,370.8E-18,370.8E-18,370.8E-18,370.8E-18,370.8E-18,370.8E-18,370.8E-18,370.8E-18,717.1E-18,695.1E-18,675.4E-18,657.7E-18,641.6E-18,627.0E-18,613.6E-18,601.3E-18,590.0E-18,579.4E-18,569.7E-18,560.5E-18,552.0E-18,370.8E-18,365.9E-18,358.8E-18,351.0E-18,344.3E-18,339.0E-18,334.8E-18,331.4E-18,328.7E-18,326.5E-18,324.6E-18,323.0E-18,321.6E-18,96.10E-18,96.10E-18,96.10E-18,96.10E-18,96.10E-18,96.10E-18,96.10E-18,96.10E-18,96.10E-18,96.10E-18,96.10E-18,96.10E-18,96.10E-18
150.0E-3,101.9E-3,102.0E-3,102.2E-3,102.4E-3,102.6E-3,102.9E-3,103.1E-3,103.3E-3,103.6E-3,103.8E-3,104.0E-3,104.3E-3,104.5E-3,0.000,5.308,8.581,8.963,9.091,9.163,9.213,9.254,9.290,9.323,9.353,9.380,9.405,3.000,3.000,3.000,3.000,3.000,3.000,3.000,3.000,3.000,3.000,3.000,3.000,3.000,INF,3.145E6,4.349E6,4.794E6,4.737E6,4.406E6,3.947E6,3.446E6,2.955E6,2.499E6,2.094E6,1.740E6,1.439E6,8.177E-12,31.81E-9,46.01E-9,62.62E-9,84.50E-9,113.6E-9,152.1E-9,203.3E-9,271.0E-9,360.3E-9,478.0E-9,632.5E-9,834.7E-9,0.000,27.28,27.20,27.12,27.02,26.92,26.82,26.71,26.59,26.46,26.31,26.15,25.96,0.000,54.30E-9,76.67E-9,101.5E-9,133.2E-9,173.9E-9,226.1E-9,292.9E-9,378.2E-9,486.6E-9,623.6E-9,796.0E-9,1.011E-6,0.000,867.3E-9,1.251E-6,1.697E-6,2.282E-6,3.055E-6,4.077E-6,5.426E-6,7.200E-6,9.528E-6,12.57E-6,16.53E-6,21.65E-6,630.9E-9,163.4E-9,145.8E-9,189.3E-9,251.0E-9,333.4E-9,442.5E-9,586.3E-9,775.1E-9,1.022E-6,1.344E-6,1.762E-6,2.302E-6,0.000,165.2E6,240.1E6,328.7E6,446.0E6,601.6E6,807.6E6,1.080E9,1.438E9,1.909E9,2.525E9,3.327E9,4.368E9,717.1E-18,717.1E-18,717.1E-18,717.1E-18,717.1E-18,717.1E-18,717.1E-18,717.1E-18,717.1E-18,717.1E-18,717.1E-18,717.1E-18,717.1E-18,372.3E-18,372.3E-18,372.3E-18,372.3E-18,372.3E-18,372.3E-18,372.3E-18,372.3E-18,372.3E-18,372.3E-18,372.3E-18,372.3E-18,372.3E-18,717.1E-18,695.1E-18,675.4E-18,657.7E-18,641.6E-18,627.0E-18,613.6E-18,601.3E-18,590.0E-18,579.4E-18,569.7E-18,560.5E-18,552.0E-18,372.3E-18,368.7E-18,362.6E-18,354.9E-18,347.5E-18,341.5E-18,336.7E-18,333.0E-18,330.0E-18,327.6E-18,325.5E-18,323.8E-18,322.2E-18,94.47E-18,94.47E-18,94.47E-18,94.47E-18,94.47E-18,94.47E-18,94.47E-18,94.47E-18,94.47E-18,94.47E-18,94.47E-18,94.47E-18,94.47E-18
200.0E-3,101.9E-3,102.0E-3,102.3E-3,102.5E-3,102.7E-3,103.0E-3,103.2E-3,103.5E-3,103.7E-3,104.0E-3,104.3E-3,104.6E-3,104.9E-3,0.000,5.329,8.689,9.088,9.220,9.293,9.344,9.385,9.420,9.452,9.481,9.506,9.528,3.000,3.000,3.000,3.000,3.000,3.000,3.000,3.000,3.000,3.000,3.000,3.000,3.000,INF,804.8E3,1.117E6,1.238E6,1.230E6,1.151E6,1.037E6,912.2E3,788.4E3,673.1E3,569.7E3,479.3E3,401.8E3,8.077E-12,124.3E-9,179.0E-9,242.4E-9,325.3E-9,434.6E-9,578.5E-9,767.5E-9,1.015E-6,1.337E-6,1.756E-6,2.295E-6,2.987E-6,0.000,27.23,27.13,27.02,26.88,26.74,26.57,26.38,26.16,25.91,25.61,25.27,24.88,0.000,208.1E-9,292.4E-9,384.8E-9,501.2E-9,648.9E-9,836.1E-9,1.072E-6,1.367E-6,1.734E-6,2.186E-6,2.736E-6,3.398E-6,0.000,3.383E-6,4.857E-6,6.548E-6,8.744E-6,11.62E-6,15.37E-6,20.24E-6,26.54E-6,34.64E-6,44.96E-6,58.00E-6,74.31E-6,2.467E-6,634.8E-9,559.0E-9,720.5E-9,948.4E-9,1.250E-6,1.645E-6,2.157E-6,2.818E-6,3.665E-6,4.742E-6,6.101E-6,7.799E-6,0.000,643.0E6,928.5E6,1.263E9,1.702E9,2.280E9,3.036E9,4.020E9,5.294E9,6.932E9,9.022E9,11.67E9,14.98E9,717.1E-18,717.1E-18,717.1E-18,717.1E-18,717.1E-18,717.1E-18,717.1E-18,717.1E-18,717.1E-18,717.1E-18,717.1E-18,717.1E-18,717.1E-18,373.7E-18,373.7E-18,373.7E-18,373.7E-18,373.7E-18,373.7E-18,373.7E-18,373.7E-18,373.7E-18,373.7E-18,373.7E-18,373.7E-18,373.7E-18,717.1E-18,695.1E-18,675.4E-18,657.7E-18,641.7E-18,627.0E-18,613.6E-18,601.3E-18,590.0E-18,579.5E-18,569.7E-18,560.5E-18,552.0E-18,373.7E-18,370.8E-18,365.9E-18,358.8E-18,351.0E-18,344.3E-18,339.0E-18,334.8E-18,331.4E-18,328.7E-18,326.5E-18,324.6E-18,323.0E-18,92.89E-18,92.91E-18,92.91E-18,92.91E-18,92.91E-18,92.91E-18,92.91E-18,92.91E-18,92.91E-18,92.91E-18,92.91E-18,92.91E-18,92.91E-18
250.0E-3,102.0E-3,102.1E-3,102.4E-3,102.6E-3,102.9E-3,103.2E-3,103.5E-3,103.8E-3,104.2E-3,104.6E-3,105.1E-3,105.6E-3,106.2E-3,0.000,5.304,8.781,9.206,9.345,9.419,9.469,9.508,9.542,9.571,9.596,9.618,9.636,3.000,3.000,3.000,3.000,3.000,3.000,3.000,3.000,3.000,3.000,3.000,3.000,3.000,INF,207.4E3,289.6E3,323.4E3,324.2E3,306.6E3,279.8E3,249.5E3,219.2E3,190.6E3,164.8E3,142.0E3,122.2E3,7.936E-12,482.1E-9,690.7E-9,927.8E-9,1.234E-6,1.631E-6,2.145E-6,2.806E-6,3.650E-6,4.721E-6,6.068E-6,7.746E-6,9.817E-6,0.000,26.94,26.80,26.59,26.33,26.03,25.69,25.29,24.84,24.33,23.76,23.15,22.49,0.000,785.6E-9,1.095E-6,1.425E-6,1.829E-6,2.329E-6,2.943E-6,3.688E-6,4.582E-6,5.639E-6,6.872E-6,8.287E-6,9.887E-6,0.000,12.99E-6,18.51E-6,24.67E-6,32.49E-6,42.46E-6,55.09E-6,70.95E-6,90.66E-6,114.9E-6,144.2E-6,179.3E-6,220.7E-6,9.537E-6,2.449E-6,2.108E-6,2.679E-6,3.476E-6,4.507E-6,5.818E-6,7.462E-6,9.501E-6,12.00E-6,15.03E-6,18.64E-6,22.91E-6,0.000,2.461E9,3.522E9,4.728E9,6.285E9,8.288E9,10.83E9,14.04E9,18.02E9,22.91E9,28.85E9,35.97E9,44.39E9,717.3E-18,717.2E-18,717.2E-18,717.2E-18,717.2E-18,717.2E-18,717.2E-18,717.2E-18,717.2E-18,717.2E-18,717.2E-18,717.2E-18,717.2E-18,376.1E-18,376.4E-18,376.4E-18,376.4E-18,376.4E-18,376.4E-18,376.4E-18,376.4E-18,376.4E-18,376.4E-18,376.4E-18,376.4E-18,376.4E-18,717.3E-18,695.2E-18,675.5E-18,657.8E-18,641.7E-18,627.1E-18,613.7E-18,601.4E-18,590.0E-18,579.5E-18,569.7E-18,560.6E-18,552.1E-18,376.1E-18,372.3E-18,368.7E-18,362.6E-18,354.9E-18,347.5E-18,341.5E-18,336.7E-18,333.0E-18,330.0E-18,327.6E-18,325.5E-18,323.8E-18,91.18E-18,91.31E-18,91.31E-18,91.31E-18,91.31E-18,91.31E-18,91.31E-18,91.31E-18,91.31E-18,91.31E-18,91.31E-18,91.31E-18,91.31E-18
300.0E-3,102.3E-3,102.4E-3,102.7E-3,103.1E-3,103.5E-3,104.0E-3,104.5E-3,105.2E-3,105.9E-3,106.7E-3,107.7E-3,108.8E-3,110.0E-3,0.000,5.126,8.811,9.299,9.451,9.528,9.577,9.615,9.645,9.671,9.693,9.711,9.725,3.000,3.000,3.000,3.000,3.000,3.000,3.000,3.000,3.000,3.000,3.000,2.000,2.000,INF,55.06E3,77.61E3,88.04E3,89.94E3,86.91E3,81.26E3,74.46E3,67.38E3,60.52E3,54.14E3,48.36E3,43.20E3,7.739E-12,1.816E-6,2.577E-6,3.408E-6,4.447E-6,5.753E-6,7.384E-6,9.401E-6,11.87E-6,14.87E-6,18.47E-6,22.75E-6,27.78E-6,0.000,25.93,25.68,25.24,24.73,24.15,23.52,22.84,22.13,21.38,20.60,19.81,19.02,0.000,2.802E-6,3.852E-6,4.885E-6,6.087E-6,7.492E-6,9.115E-6,10.96E-6,13.04E-6,15.33E-6,17.81E-6,20.47E-6,23.26E-6,0.000,47.09E-6,66.17E-6,86.01E-6,110.0E-6,138.9E-6,173.7E-6,214.8E-6,262.7E-6,317.9E-6,380.6E-6,450.7E-6,528.3E-6,35.39E-6,9.185E-6,7.509E-6,9.249E-6,11.64E-6,14.58E-6,18.13E-6,22.34E-6,27.24E-6,32.87E-6,39.26E-6,46.42E-6,54.33E-6,0.000,8.806E9,12.41E9,16.23E9,20.93E9,26.69E9,33.63E9,41.86E9,51.47E9,62.55E9,75.13E9,89.23E9,104.8E9,718.0E-18,717.8E-18,717.8E-18,717.8E-18,717.8E-18,717.8E-18,717.8E-18,717.8E-18,717.8E-18,717.8E-18,717.8E-18,717.8E-18,717.8E-18,386.6E-18,388.4E-18,388.4E-18,388.4E-18,388.4E-18,388.4E-18,388.4E-18,388.4E-18,388.4E-18,388.4E-18,388.4E-18,388.4E-18,388.4E-18,718.0E-18,695.5E-18,675.8E-18,658.1E-18,642.0E-18,627.4E-18,614.0E-18,601.7E-18,590.4E-18,579.8E-18,570.1E-18,560.9E-18,552.4E-18,386.6E-18,373.4E-18,370.8E-18,365.9E-18,358.8E-18,351.0E-18,344.3E-18,339.0E-18,334.8E-18,331.4E-18,328.7E-18,326.5E-18,324.6E-18,88.43E-18,89.12E-18,89.13E-18,89.13E-18,89.13E-18,89.13E-18,89.13E-18,89.13E-18,89.13E-18,89.13E-18,89.13E-18,89.13E-18,89.13E-18
350.0E-3,103.3E-3,103.5E-3,104.1E-3,104.8E-3,105.6E-3,106.6E-3,107.7E-3,109.0E-3,110.4E-3,112.0E-3,113.8E-3,115.7E-3,117.8E-3,0.000,4.585,8.668,9.323,9.516,9.606,9.659,9.697,9.727,9.751,9.770,9.785,9.794,3.000,3.000,3.000,3.000,3.000,3.000,2.000,2.000,2.000,2.000,2.000,2.000,2.000,INF,15.92E3,22.77E3,26.57E3,28.04E3,28.05E3,27.21E3,25.90E3,24.38E3,22.78E3,21.21E3,19.72E3,18.32E3,7.441E-12,6.280E-6,8.782E-6,11.29E-6,14.27E-6,17.82E-6,22.05E-6,27.02E-6,32.82E-6,39.50E-6,47.14E-6,55.79E-6,65.50E-6,0.000,23.41,23.11,22.44,21.69,20.91,20.10,19.29,18.47,17.66,16.87,16.10,15.34,0.000,8.611E-6,11.63E-6,14.16E-6,16.86E-6,19.78E-6,22.90E-6,26.21E-6,29.66E-6,33.21E-6,36.79E-6,40.37E-6,43.89E-6,0.000,147.0E-6,203.0E-6,253.4E-6,309.5E-6,372.6E-6,443.2E-6,521.1E-6,606.1E-6,697.7E-6,795.3E-6,898.0E-6,1.005E-3,117.8E-6,32.06E-6,23.42E-6,27.18E-6,32.52E-6,38.79E-6,45.88E-6,53.74E-6,62.32E-6,71.56E-6,81.40E-6,91.77E-6,102.6E-6,0.000,25.94E9,35.92E9,45.03E9,55.37E9,67.25E9,80.66E9,95.51E9,111.7E9,129.1E9,147.7E9,167.3E9,187.7E9,721.5E-18,720.3E-18,720.3E-18,720.3E-18,720.3E-18,720.3E-18,720.3E-18,720.3E-18,720.3E-18,720.3E-18,720.3E-18,720.3E-18,720.3E-18,432.6E-18,443.0E-18,442.8E-18,442.8E-18,442.8E-18,442.8E-18,442.8E-18,442.8E-18,442.8E-18,442.8E-18,442.8E-18,442.8E-18,442.8E-18,721.5E-18,697.1E-18,677.4E-18,659.7E-18,643.6E-18,629.0E-18,615.6E-18,603.3E-18,591.9E-18,581.4E-18,571.6E-18,562.5E-18,554.0E-18,432.6E-18,374.7E-18,372.3E-18,368.7E-18,362.6E-18,354.9E-18,347.5E-18,341.5E-18,336.7E-18,333.0E-18,330.0E-18,327.6E-18,325.5E-18,81.02E-18,84.12E-18,84.18E-18,84.18E-18,84.18E-18,84.18E-18,84.19E-18,84.19E-18,84.19E-18,84.19E-18,84.19E-18,84.19E-18,84.19E-18
400.0E-3,106.4E-3,106.8E-3,108.0E-3,109.4E-3,111.1E-3,112.8E-3,114.8E-3,116.9E-3,119.2E-3,121.6E-3,124.1E-3,126.8E-3,129.6E-3,0.000,3.605,8.168,9.214,9.513,9.639,9.707,9.751,9.783,9.807,9.825,9.837,9.843,3.000,1.000,2.000,2.000,2.000,2.000,2.000,2.000,2.000,2.000,2.000,2.000,2.000,INF,5.439E3,7.854E3,9.493E3,10.42E3,10.86E3,10.97E3,10.87E3,10.64E3,10.33E3,9.984E3,9.618E3,9.248E3,6.943E-12,18.38E-6,25.46E-6,31.60E-6,38.39E-6,46.06E-6,54.71E-6,64.41E-6,75.19E-6,87.10E-6,100.2E-6,114.4E-6,129.8E-6,0.000,19.40,19.35,18.65,17.86,17.06,16.27,15.51,14.77,14.06,13.38,12.74,12.13,0.000,20.61E-6,27.86E-6,32.55E-6,36.94E-6,41.29E-6,45.62E-6,49.89E-6,54.06E-6,58.08E-6,61.91E-6,65.51E-6,68.85E-6,0.000,356.6E-6,492.7E-6,589.5E-6,685.7E-6,785.8E-6,890.3E-6,998.8E-6,1.111E-3,1.225E-3,1.341E-3,1.457E-3,1.574E-3,324.8E-6,98.91E-6,60.32E-6,63.98E-6,72.08E-6,81.52E-6,91.72E-6,102.4E-6,113.5E-6,124.9E-6,136.4E-6,148.1E-6,159.9E-6,0.000,54.74E9,76.02E9,91.22E9,106.6E9,123.1E9,140.5E9,158.7E9,177.4E9,196.4E9,215.7E9,235.2E9,254.6E9,729.5E-18,726.5E-18,726.4E-18,726.4E-18,726.4E-18,726.4E-18,726.4E-18,726.4E-18,726.4E-18,726.4E-18,726.4E-18,726.4E-18,726.4E-18,543.1E-18,585.0E-18,584.2E-18,583.9E-18,583.8E-18,583.8E-18,583.8E-18,583.8E-18,583.8E-18,583.8E-18,583.8E-18,583.8E-18,583.8E-18,729.5E-18,701.5E-18,681.6E-18,663.9E-18,647.8E-18,633.2E-18,619.8E-18,607.5E-18,596.2E-18,585.6E-18,575.8E-18,566.7E-18,558.2E-18,543.1E-18,378.5E-18,373.6E-18,370.8E-18,365.9E-18,358.8E-18,351.0E-18,344.3E-18,339.0E-18,334.8E-18,331.4E-18,328.7E-18,326.5E-18,65.47E-18,73.43E-18,73.73E-18,73.76E-18,73.77E-18,73.77E-18,73.77E-18,73.77E-18,73.77E-18,73.77E-18,73.77E-18,73.77E-18,73.77E-18
450.0E-3,113.4E-3,114.2E-3,116.1E-3,118.3E-3,120.8E-3,123.3E-3,126.0E-3,128.8E-3,131.8E-3,134.8E-3,137.9E-3,141.1E-3,144.4E-3,0.000,2.567,7.158,8.872,9.396,9.605,9.708,9.769,9.809,9.838,9.858,9.870,9.874,1.000,1.000,2.000,2.000,2.000,2.000,2.000,2.000,2.000,2.000,2.000,2.000,2.000,INF,2.303E3,3.305E3,4.121E3,4.693E3,5.074E3,5.315E3,5.453E3,5.518E3,5.531E3,5.506E3,5.456E3,5.388E3,6.087E-12,43.43E-6,60.51E-6,72.80E-6,85.23E-6,98.54E-6,112.9E-6,128.4E-6,145.0E-6,162.7E-6,181.6E-6,201.6E-6,222.7E-6,0.000,15.06,15.33,14.80,14.14,13.48,12.83,12.22,11.64,11.08,10.57,10.08,9.616,0.000,37.62E-6,52.17E-6,59.25E-6,64.77E-6,69.71E-6,74.26E-6,78.49E-6,82.37E-6,85.90E-6,89.07E-6,91.86E-6,94.27E-6,0.000,654.2E-6,927.6E-6,1.078E-3,1.206E-3,1.328E-3,1.449E-3,1.568E-3,1.687E-3,1.804E-3,1.919E-3,2.032E-3,2.142E-3,716.5E-6,254.8E-6,129.6E-6,121.5E-6,128.3E-6,138.3E-6,149.2E-6,160.6E-6,172.0E-6,183.3E-6,194.6E-6,205.8E-6,216.9E-6,0.000,85.89E9,123.5E9,144.0E9,161.6E9,179.0E9,196.6E9,214.1E9,231.5E9,248.6E9,265.3E9,281.6E9,297.5E9,737.9E-18,733.6E-18,733.2E-18,733.2E-18,733.2E-18,733.2E-18,733.2E-18,733.2E-18,733.2E-18,733.2E-18,733.2E-18,733.2E-18,733.2E-18,663.7E-18,759.0E-18,758.1E-18,757.0E-18,756.7E-18,756.5E-18,756.5E-18,756.4E-18,756.4E-18,756.4E-18,756.4E-18,756.4E-18,756.4E-18,737.9E-18,707.6E-18,687.1E-18,669.3E-18,653.2E-18,638.6E-18,625.2E-18,612.9E-18,601.5E-18,591.0E-18,581.2E-18,572.1E-18,563.5E-18,663.7E-18,392.8E-18,375.5E-18,372.6E-18,368.8E-18,362.6E-18,354.9E-18,347.5E-18,341.5E-18,336.7E-18,333.0E-18,330.0E-18,327.6E-18,49.23E-18,60.46E-18,61.58E-18,61.72E-18,61.75E-18,61.77E-18,61.77E-18,61.78E-18,61.78E-18,61.78E-18,61.78E-18,61.78E-18,61.78E-18
500.0E-3,124.7E-3,125.7E-3,128.2E-3,131.1E-3,134.1E-3,137.3E-3,140.5E-3,143.8E-3,147.2E-3,150.7E-3,154.2E-3,157.8E-3,161.5E-3,0.000,1.825,5.799,8.236,9.125,9.482,9.652,9.746,9.804,9.844,9.869,9.884,9.889,1.000,1.000,2.000,2.000,2.000,2.000,2.000,2.000,2.000,2.000,2.000,2.000,2.000,INF,1.191E3,1.681E3,2.140E3,2.507E3,2.790E3,3.006E3,3.167E3,3.287E3,3.374E3,3.436E3,3.477E3,3.503E3,4.666E-12,83.94E-6,118.9E-6,140.2E-6,159.6E-6,179.2E-6,199.6E-6,221.0E-6,243.4E-6,266.7E-6,291.1E-6,316.4E-6,342.6E-6,0.000,11.48,11.85,11.56,11.09,10.59,10.11,9.654,9.221,8.812,8.427,8.065,7.723,0.000,55.67E-6,79.55E-6,89.37E-6,95.42E-6,100.1E-6,104.0E-6,107.4E-6,110.2E-6,112.6E-6,114.5E-6,116.0E-6,117.0E-6,0.000,963.4E-6,1.410E-3,1.620E-3,1.769E-3,1.898E-3,2.019E-3,2.134E-3,2.244E-3,2.350E-3,2.453E-3,2.551E-3,2.646E-3,1.290E-3,527.8E-6,243.1E-6,196.7E-6,193.8E-6,200.2E-6,209.2E-6,218.9E-6,228.9E-6,238.8E-6,248.5E-6,258.1E-6,267.6E-6,0.000,111.6E9,168.2E9,194.3E9,212.8E9,229.3E9,245.2E9,260.8E9,275.7E9,290.0E9,303.6E9,316.6E9,329.0E9,743.8E-18,739.4E-18,738.5E-18,738.4E-18,738.4E-18,738.4E-18,738.4E-18,738.4E-18,738.3E-18,738.3E-18,738.3E-18,738.3E-18,738.3E-18,751.1E-18,895.1E-18,902.7E-18,900.7E-18,899.9E-18,899.5E-18,899.3E-18,899.2E-18,899.2E-18,899.1E-18,899.1E-18,899.1E-18,899.1E-18,743.8E-18,713.6E-18,692.0E-18,674.0E-18,657.8E-18,643.2E-18,629.8E-18,617.5E-18,606.1E-18,595.6E-18,585.8E-18,576.7E-18,568.1E-18,751.1E-18,429.4E-18,379.7E-18,374.4E-18,371.1E-18,366.1E-18,358.9E-18,351.1E-18,344.3E-18,339.0E-18,334.8E-18,331.4E-18,328.7E-18,37.66E-18,48.83E-18,51.45E-18,51.83E-18,51.92E-18,51.96E-18,51.98E-18,51.99E-18,51.99E-18,51.99E-18,52.00E-18,52.00E-18,52.00E-18
550.0E-3,139.2E-3,140.4E-3,143.3E-3,146.7E-3,150.2E-3,153.7E-3,157.4E-3,161.1E-3,164.9E-3,168.7E-3,172.6E-3,176.6E-3,180.7E-3,0.000,1.320,4.460,7.338,8.676,9.252,9.527,9.676,9.765,9.823,9.860,9.882,9.889,1.000,1.000,2.000,2.000,2.000,2.000,2.000,2.000,2.000,2.000,2.000,2.000,2.000,INF,721.3,997.9,1.283E3,1.532E3,1.741E3,1.914E3,2.057E3,2.175E3,2.272E3,2.352E3,2.418E3,2.472E3,2.376E-12,138.6E-6,200.4E-6,233.9E-6,261.1E-6,287.3E-6,313.5E-6,340.3E-6,367.9E-6,396.1E-6,425.1E-6,454.9E-6,485.4E-6,0.000,8.744,9.170,9.061,8.757,8.412,8.066,7.732,7.413,7.112,6.826,6.555,6.300,0.000,70.76E-6,104.5E-6,117.7E-6,124.1E-6,128.1E-6,131.0E-6,133.0E-6,134.5E-6,135.4E-6,135.8E-6,135.7E-6,135.3E-6,0.000,1.212E-3,1.838E-3,2.119E-3,2.287E-3,2.416E-3,2.529E-3,2.631E-3,2.727E-3,2.817E-3,2.902E-3,2.982E-3,3.058E-3,1.988E-3,918.2E-6,412.1E-6,288.8E-6,263.6E-6,261.2E-6,265.4E-6,272.0E-6,279.3E-6,286.8E-6,294.3E-6,301.8E-6,309.2E-6,0.000,128.0E9,202.6E9,235.6E9,255.1E9,270.5E9,284.4E9,297.6E9,310.1E9,321.7E9,332.6E9,342.7E9,352.2E9,747.7E-18,743.9E-18,742.5E-18,742.2E-18,742.2E-18,742.1E-18,742.1E-18,742.1E-18,742.1E-18,742.1E-18,742.1E-18,742.1E-18,742.1E-18,809.3E-18,979.7E-18,1.012E-15,1.010E-15,1.009E-15,1.008E-15,1.008E-15,1.008E-15,1.008E-15,1.008E-15,1.008E-15,1.008E-15,1.008E-15,747.7E-18,718.8E-18,696.0E-18,677.8E-18,661.6E-18,646.9E-18,633.5E-18,621.1E-18,609.8E-18,599.2E-18,589.5E-18,580.3E-18,571.8E-18,809.3E-18,488.1E-18,388.5E-18,377.0E-18,373.2E-18,369.1E-18,362.8E-18,355.0E-18,347.6E-18,341.5E-18,336.8E-18,333.0E-18,330.0E-18,29.95E-18,39.26E-18,43.36E-18,44.10E-18,44.30E-18,44.38E-18,44.41E-18,44.43E-18,44.44E-18,44.45E-18,44.45E-18,44.45E-18,44.45E-18
600.0E-3,156.2E-3,157.5E-3,160.8E-3,164.5E-3,168.4E-3,172.3E-3,176.3E-3,180.4E-3,184.5E-3,188.7E-3,192.9E-3,197.2E-3,201.6E-3,0.000,956.6E-3,3.337,6.266,8.037,8.894,9.319,9.549,9.685,9.770,9.826,9.859,9.875,1.000,1.000,2.000,2.000,2.000,2.000,2.000,2.000,2.000,2.000,2.000,2.000,2.000,INF,492.2,665.5,856.9,1.035E3,1.194E3,1.332E3,1.452E3,1.556E3,1.647E3,1.727E3,1.796E3,1.857E3,-1.254E-12,203.2E-6,300.5E-6,350.1E-6,386.3E-6,418.9E-6,450.6E-6,482.2E-6,514.0E-6,546.4E-6,579.2E-6,612.5E-6,646.3E-6,0.000,6.669,7.152,7.186,7.013,6.779,6.533,6.290,6.055,5.830,5.616,5.412,5.218,0.000,79.93E-6,123.0E-6,140.4E-6,147.5E-6,151.0E-6,152.7E-6,153.4E-6,153.4E-6,152.8E-6,151.8E-6,150.3E-6,148.5E-6,0.000,1.355E-3,2.149E-3,2.516E-3,2.709E-3,2.840E-3,2.943E-3,3.033E-3,3.112E-3,3.185E-3,3.252E-3,3.315E-3,3.373E-3,2.736E-3,1.416E-3,644.2E-6,401.6E-6,337.1E-6,319.3E-6,315.9E-6,317.6E-6,321.4E-6,326.0E-6,331.0E-6,336.2E-6,341.5E-6,0.000,133.9E9,223.5E9,264.9E9,286.4E9,301.2E9,313.3E9,324.5E9,334.8E9,344.3E9,352.8E9,360.6E9,367.8E9,750.3E-18,747.3E-18,745.5E-18,745.1E-18,745.0E-18,744.9E-18,744.9E-18,744.9E-18,744.9E-18,744.9E-18,744.9E-18,744.9E-18,744.9E-18,848.5E-18,1.023E-15,1.091E-15,1.093E-15,1.092E-15,1.091E-15,1.090E-15,1.090E-15,1.090E-15,1.090E-15,1.090E-15,1.089E-15,1.089E-15,750.3E-18,722.8E-18,699.4E-18,680.8E-18,664.5E-18,649.8E-18,636.4E-18,624.1E-18,612.7E-18,602.2E-18,592.4E-18,583.2E-18,574.7E-18,848.5E-18,555.7E-18,403.1E-18,381.0E-18,375.5E-18,371.7E-18,366.4E-18,359.0E-18,351.2E-18,344.4E-18,339.0E-18,334.8E-18,331.5E-18,24.68E-18,31.85E-18,36.84E-18,37.99E-18,38.32E-18,38.45E-18,38.50E-18,38.53E-18,38.55E-18,38.56E-18,38.56E-18,38.57E-18,38.57E-18
650.0E-3,175.2E-3,176.6E-3,180.2E-3,184.3E-3,188.5E-3,192.8E-3,197.1E-3,201.4E-3,205.9E-3,210.3E-3,214.8E-3,219.4E-3,224.0E-3,0.000,697.8E-3,2.465,5.142,7.220,8.388,9.007,9.349,9.553,9.681,9.763,9.815,9.842,1.000,1.000,2.000,2.000,2.000,2.000,2.000,2.000,2.000,2.000,2.000,2.000,2.000,INF,367.6,484.7,621.2,755.1,878.8,990.7,1.091E3,1.182E3,1.263E3,1.336E3,1.403E3,1.462E3,-6.956E-12,272.0E-6,412.7E-6,483.0E-6,529.7E-6,569.0E-6,605.7E-6,641.4E-6,676.9E-6,712.5E-6,748.3E-6,784.3E-6,820.6E-6,0.000,5.116,5.627,5.766,5.692,5.543,5.371,5.194,5.020,4.851,4.689,4.534,4.386,0.000,82.93E-6,133.5E-6,155.6E-6,164.1E-6,167.4E-6,168.2E-6,167.8E-6,166.7E-6,164.9E-6,162.7E-6,160.1E-6,157.2E-6,0.000,1.392E-3,2.322E-3,2.785E-3,3.015E-3,3.154E-3,3.253E-3,3.332E-3,3.398E-3,3.457E-3,3.509E-3,3.556E-3,3.600E-3,3.478E-3,1.994E-3,942.0E-6,541.5E-6,417.6E-6,376.0E-6,361.2E-6,356.3E-6,355.7E-6,357.1E-6,359.4E-6,362.3E-6,365.7E-6,0.000,131.2E9,230.9E9,281.5E9,306.5E9,321.6E9,332.7E9,342.3E9,351.0E9,358.8E9,365.7E9,371.8E9,377.3E9,752.1E-18,749.7E-18,747.8E-18,747.3E-18,747.1E-18,747.1E-18,747.0E-18,747.0E-18,747.0E-18,747.0E-18,747.0E-18,747.0E-18,747.0E-18,875.5E-18,1.041E-15,1.145E-15,1.155E-15,1.154E-15,1.153E-15,1.153E-15,1.152E-15,1.152E-15,1.152E-15,1.152E-15,1.152E-15,1.152E-15,752.1E-18,725.8E-18,702.2E-18,683.3E-18,666.9E-18,652.2E-18,638.7E-18,626.4E-18,615.0E-18,604.5E-18,594.7E-18,585.6E-18,577.0E-18,875.5E-18,620.1E-18,423.8E-18,386.7E-18,378.1E-18,374.0E-18,369.5E-18,363.0E-18,355.1E-18,347.7E-18,341.6E-18,336.8E-18,333.1E-18,20.92E-18,26.30E-18,31.53E-18,33.08E-18,33.55E-18,33.73E-18,33.81E-18,33.85E-18,33.88E-18,33.89E-18,33.90E-18,33.91E-18,33.91E-18
700.0E-3,196.0E-3,197.6E-3,201.4E-3,205.8E-3,210.3E-3,214.8E-3,219.4E-3,224.0E-3,228.6E-3,233.3E-3,238.1E-3,242.8E-3,247.6E-3,0.000,517.3E-3,1.821,4.091,6.282,7.734,8.578,9.065,9.359,9.545,9.666,9.744,9.789,1.000,1.000,1.000,2.000,2.000,2.000,2.000,2.000,2.000,2.000,2.000,2.000,2.000,INF,293.6,377.3,479.3,583.6,683.0,775.5,860.8,939.1,1.011E3,1.077E3,1.138E3,1.195E3,-15.86E-12,340.6E-6,530.1E-6,626.0E-6,685.4E-6,732.0E-6,773.7E-6,813.2E-6,851.8E-6,890.1E-6,928.2E-6,966.3E-6,1.004E-3,0.000,3.966,4.467,4.674,4.677,4.593,4.477,4.350,4.222,4.095,3.972,3.853,3.739,0.000,81.28E-6,136.6E-6,163.2E-6,173.9E-6,177.6E-6,178.1E-6,177.0E-6,175.0E-6,172.4E-6,169.4E-6,166.0E-6,162.4E-6,0.000,1.351E-3,2.368E-3,2.926E-3,3.206E-3,3.362E-3,3.464E-3,3.538E-3,3.596E-3,3.645E-3,3.686E-3,3.723E-3,3.755E-3,4.178E-3,2.611E-3,1.300E-3,715.2E-6,510.3E-6,434.7E-6,403.8E-6,390.3E-6,384.2E-6,381.8E-6,381.4E-6,382.1E-6,383.6E-6,0.000,123.3E9,227.4E9,286.7E9,316.4E9,333.0E9,344.0E9,352.6E9,360.2E9,366.9E9,372.8E9,377.8E9,382.1E9,753.4E-18,751.5E-18,749.7E-18,749.0E-18,748.8E-18,748.7E-18,748.7E-18,748.7E-18,748.7E-18,748.7E-18,748.7E-18,748.7E-18,748.7E-18,894.5E-18,1.046E-15,1.180E-15,1.200E-15,1.202E-15,1.201E-15,1.200E-15,1.200E-15,1.200E-15,1.199E-15,1.199E-15,1.199E-15,1.199E-15,753.4E-18,728.0E-18,704.6E-18,685.4E-18,668.9E-18,654.1E-18,640.6E-18,628.3E-18,616.9E-18,606.4E-18,596.6E-18,587.4E-18,578.9E-18,894.5E-18,675.7E-18,449.6E-18,394.6E-18,381.3E-18,376.2E-18,372.2E-18,366.7E-18,359.2E-18,351.3E-18,344.5E-18,339.1E-18,334.9E-18,18.15E-18,22.18E-18,27.20E-18,29.06E-18,29.68E-18,29.91E-18,30.03E-18,30.08E-18,30.12E-18,30.14E-18,30.15E-18,30.16E-18,30.16E-18
750.0E-3,218.4E-3,220.0E-3,224.1E-3,228.7E-3,233.4E-3,238.1E-3,242.9E-3,247.7E-3,252.6E-3,257.5E-3,262.4E-3,267.3E-3,272.3E-3,0.000,391.4E-3,1.358,3.194,5.308,6.961,8.030,8.687,9.094,9.356,9.529,9.642,9.712,1.000,1.000,1.000,2.000,2.000,2.000,2.000,2.000,2.000,2.000,2.000,2.000,2.000,INF,246.4,309.0,388.0,471.7,553.6,631.5,704.7,773.1,837.0,896.6,952.4,1.004E3,-29.72E-12,405.9E-6,647.2E-6,773.1E-6,848.0E-6,903.1E-6,950.1E-6,993.3E-6,1.035E-3,1.075E-3,1.115E-3,1.155E-3,1.195E-3,0.000,3.116,3.580,3.825,3.886,3.853,3.781,3.692,3.598,3.503,3.409,3.317,3.229,0.000,76.83E-6,134.0E-6,164.7E-6,177.9E-6,182.6E-6,183.4E-6,182.1E-6,179.7E-6,176.7E-6,173.2E-6,169.3E-6,165.2E-6,0.000,1.265E-3,2.317E-3,2.958E-3,3.295E-3,3.480E-3,3.592E-3,3.667E-3,3.723E-3,3.766E-3,3.802E-3,3.832E-3,3.857E-3,4.819E-3,3.231E-3,1.706E-3,926.1E-6,620.8E-6,499.9E-6,447.3E-6,422.2E-6,409.4E-6,402.6E-6,399.0E-6,397.4E-6,397.1E-6,0.000,112.8E9,216.6E9,283.0E9,318.0E9,337.1E9,348.9E9,357.4E9,364.3E9,370.4E9,375.7E9,380.1E9,383.8E9,754.4E-18,752.9E-18,751.1E-18,750.4E-18,750.2E-18,750.1E-18,750.0E-18,750.0E-18,750.0E-18,750.0E-18,750.0E-18,750.0E-18,750.0E-18,908.2E-18,1.044E-15,1.199E-15,1.233E-15,1.237E-15,1.237E-15,1.237E-15,1.236E-15,1.236E-15,1.236E-15,1.236E-15,1.236E-15,1.235E-15,754.4E-18,729.7E-18,706.5E-18,687.1E-18,670.5E-18,655.7E-18,642.2E-18,629.8E-18,618.4E-18,607.9E-18,598.1E-18,588.9E-18,580.4E-18,908.2E-18,721.5E-18,479.2E-18,404.6E-18,385.2E-18,378.5E-18,374.5E-18,369.9E-18,363.3E-18,355.3E-18,347.8E-18,341.7E-18,336.9E-18,16.03E-18,19.09E-18,23.65E-18,25.75E-18,26.49E-18,26.79E-18,26.93E-18,27.01E-18,27.05E-18,27.08E-18,27.09E-18,27.10E-18,27.11E-18
800.0E-3,242.0E-3,243.7E-3,248.0E-3,252.7E-3,257.6E-3,262.6E-3,267.5E-3,272.5E-3,277.5E-3,282.5E-3,287.6E-3,292.7E-3,297.8E-3,0.000,302.4E-3,1.029,2.478,4.385,6.120,7.381,8.213,8.753,9.107,9.345,9.504,9.608,1.000,1.000,1.000,2.000,2.000,2.000,2.000,2.000,2.000,2.000,2.000,2.000,2.000,INF,214.5,263.1,326.2,394.9,463.7,530.4,594.0,654.3,711.3,765.1,816.0,864.0,-51.19E-12,466.2E-6,760.1E-6,919.7E-6,1.013E-3,1.078E-3,1.131E-3,1.178E-3,1.223E-3,1.265E-3,1.307E-3,1.348E-3,1.389E-3,0.000,2.482,2.899,3.161,3.261,3.268,3.230,3.172,3.104,3.033,2.962,2.891,2.822,0.000,71.00E-6,127.8E-6,161.6E-6,177.6E-6,183.8E-6,185.3E-6,184.3E-6,181.9E-6,178.7E-6,175.0E-6,171.0E-6,166.7E-6,0.000,1.157E-3,2.204E-3,2.907E-3,3.304E-3,3.524E-3,3.654E-3,3.737E-3,3.795E-3,3.838E-3,3.871E-3,3.897E-3,3.919E-3,5.396E-3,3.827E-3,2.141E-3,1.173E-3,753.5E-6,575.8E-6,495.0E-6,455.0E-6,433.6E-6,421.4E-6,414.2E-6,410.0E-6,407.9E-6,0.000,101.5E9,201.7E9,272.9E9,313.4E9,335.8E9,349.1E9,358.0E9,364.8E9,370.7E9,375.7E9,379.9E9,383.3E9,755.2E-18,753.9E-18,752.3E-18,751.5E-18,751.2E-18,751.1E-18,751.1E-18,751.0E-18,751.0E-18,751.0E-18,751.0E-18,751.0E-18,751.0E-18,918.0E-18,1.039E-15,1.207E-15,1.256E-15,1.264E-15,1.265E-15,1.265E-15,1.264E-15,1.264E-15,1.264E-15,1.264E-15,1.264E-15,1.263E-15,755.2E-18,730.9E-18,708.0E-18,688.6E-18,671.9E-18,657.0E-18,643.5E-18,631.1E-18,619.7E-18,609.1E-18,599.3E-18,590.2E-18,581.6E-18,918.0E-18,758.5E-18,511.0E-18,416.7E-18,390.1E-18,381.1E-18,376.6E-18,372.5E-18,367.0E-18,359.5E-18,351.5E-18,344.6E-18,339.2E-18,14.36E-18,16.73E-18,20.75E-18,22.98E-18,23.85E-18,24.21E-18,24.38E-18,24.47E-18,24.52E-18,24.55E-18,24.57E-18,24.59E-18,24.60E-18
850.0E-3,266.6E-3,268.4E-3,272.8E-3,277.8E-3,282.8E-3,287.9E-3,293.0E-3,298.1E-3,303.2E-3,308.4E-3,313.5E-3,318.7E-3,323.9E-3,0.000,238.1E-3,793.7E-3,1.928,3.572,5.274,6.661,7.656,8.334,8.794,9.109,9.326,9.471,1.000,1.000,1.000,2.000,2.000,2.000,2.000,2.000,2.000,2.000,2.000,2.000,2.000,INF,192.0,230.9,282.4,339.9,398.7,456.6,512.6,566.2,617.4,666.1,712.6,756.9,-84.40E-12,520.9E-6,866.3E-6,1.062E-3,1.177E-3,1.254E-3,1.314E-3,1.366E-3,1.413E-3,1.458E-3,1.501E-3,1.544E-3,1.585E-3,0.000,2.005,2.374,2.636,2.763,2.800,2.789,2.754,2.708,2.656,2.602,2.547,2.492,0.000,64.72E-6,119.8E-6,155.6E-6,174.3E-6,182.4E-6,185.0E-6,184.5E-6,182.4E-6,179.4E-6,175.7E-6,171.7E-6,167.4E-6,0.000,1.045E-3,2.056E-3,2.800E-3,3.252E-3,3.511E-3,3.665E-3,3.762E-3,3.826E-3,3.872E-3,3.905E-3,3.931E-3,3.951E-3,5.909E-3,4.387E-3,2.591E-3,1.452E-3,910.3E-6,665.8E-6,550.2E-6,491.4E-6,459.1E-6,440.3E-6,428.7E-6,421.5E-6,417.2E-6,0.000,90.57E9,185.1E9,258.9E9,304.2E9,330.3E9,345.8E9,355.7E9,362.9E9,368.7E9,373.7E9,377.9E9,381.3E9,755.8E-18,754.7E-18,753.3E-18,752.5E-18,752.1E-18,752.0E-18,751.9E-18,751.9E-18,751.9E-18,751.8E-18,751.8E-18,751.8E-18,751.8E-18,925.1E-18,1.032E-15,1.206E-15,1.270E-15,1.284E-15,1.286E-15,1.286E-15,1.286E-15,1.286E-15,1.285E-15,1.285E-15,1.285E-15,1.285E-15,755.8E-18,731.8E-18,709.3E-18,689.8E-18,673.0E-18,658.0E-18,644.5E-18,632.1E-18,620.7E-18,610.2E-18,600.3E-18,591.2E-18,582.7E-18,925.1E-18,788.2E-18,543.4E-18,430.9E-18,396.0E-18,384.0E-18,378.6E-18,374.8E-18,370.2E-18,363.5E-18,355.5E-18,347.9E-18,341.8E-18,13.02E-18,14.88E-18,18.36E-18,20.65E-18,21.62E-18,22.04E-18,22.24E-18,22.35E-18,22.41E-18,22.45E-18,22.47E-18,22.49E-18,22.50E-18
900.0E-3,292.1E-3,294.0E-3,298.5E-3,303.5E-3,308.7E-3,313.9E-3,319.1E-3,324.3E-3,329.5E-3,334.8E-3,340.0E-3,345.3E-3,350.6E-3,0.000,190.7E-3,623.3E-3,1.515,2.893,4.476,5.912,7.033,7.845,8.418,8.820,9.103,9.299,1.000,1.000,1.000,1.000,2.000,2.000,2.000,2.000,2.000,2.000,2.000,2.000,2.000,INF,175.4,207.3,250.3,299.2,350.2,401.0,450.6,498.7,545.0,589.5,632.1,673.0,-135.6E-12,570.1E-6,964.7E-6,1.198E-3,1.337E-3,1.428E-3,1.496E-3,1.553E-3,1.604E-3,1.651E-3,1.696E-3,1.740E-3,1.783E-3,0.000,1.640,1.964,2.218,2.361,2.420,2.431,2.415,2.385,2.348,2.307,2.265,2.222,0.000,58.50E-6,111.2E-6,148.1E-6,169.2E-6,179.3E-6,183.2E-6,183.6E-6,182.0E-6,179.3E-6,175.9E-6,172.0E-6,167.8E-6,0.000,935.1E-6,1.895E-3,2.658E-3,3.156E-3,3.456E-3,3.638E-3,3.751E-3,3.826E-3,3.877E-3,3.914E-3,3.941E-3,3.962E-3,6.362E-3,4.902E-3,3.040E-3,1.755E-3,1.091E-3,772.2E-6,615.3E-6,533.3E-6,487.7E-6,460.6E-6,443.8E-6,432.9E-6,426.0E-6,0.000,80.40E9,168.3E9,242.7E9,292.0E9,321.8E9,339.8E9,351.2E9,359.1E9,365.2E9,370.4E9,374.7E9,378.3E9,756.3E-18,755.4E-18,754.1E-18,753.2E-18,752.8E-18,752.7E-18,752.6E-18,752.6E-18,752.5E-18,752.5E-18,752.5E-18,752.5E-18,752.5E-18,930.1E-18,1.026E-15,1.200E-15,1.277E-15,1.297E-15,1.302E-15,1.302E-15,1.302E-15,1.302E-15,1.302E-15,1.302E-15,1.301E-15,1.301E-15,756.3E-18,732.6E-18,710.3E-18,690.8E-18,673.9E-18,658.9E-18,645.4E-18,633.0E-18,621.6E-18,611.0E-18,601.2E-18,592.0E-18,583.5E-18,930.1E-18,811.9E-18,575.5E-18,446.8E-18,403.0E-18,387.4E-18,380.7E-18,376.7E-18,372.8E-18,367.2E-18,359.6E-18,351.6E-18,344.7E-18,11.92E-18,13.40E-18,16.40E-18,18.67E-18,19.73E-18,20.21E-18,20.44E-18,20.56E-18,20.64E-18,20.68E-18,20.71E-18,20.73E-18,20.74E-18
950.0E-3,318.3E-3,320.2E-3,324.8E-3,329.9E-3,335.2E-3,340.5E-3,345.8E-3,351.1E-3,356.4E-3,361.7E-3,367.0E-3,372.4E-3,377.8E-3,0.000,155.1E-3,497.8E-3,1.204,2.343,3.762,5.175,6.374,7.300,7.982,8.477,8.834,9.088,1.000,1.000,1.000,1.000,2.000,2.000,2.000,2.000,2.000,2.000,2.000,2.000,2.000,INF,162.9,189.6,226.1,268.3,312.8,357.9,402.4,445.8,487.9,528.6,568.0,605.8,-214.6E-12,614.0E-6,1.055E-3,1.327E-3,1.491E-3,1.598E-3,1.677E-3,1.740E-3,1.795E-3,1.845E-3,1.892E-3,1.937E-3,1.981E-3,0.000,1.357,1.642,1.882,2.033,2.108,2.135,2.134,2.118,2.093,2.063,2.031,1.997,0.000,52.60E-6,102.5E-6,140.0E-6,163.0E-6,175.2E-6,180.6E-6,182.0E-6,181.1E-6,178.9E-6,175.8E-6,172.1E-6,168.1E-6,0.000,833.4E-6,1.732E-3,2.498E-3,3.031E-3,3.370E-3,3.580E-3,3.713E-3,3.801E-3,3.861E-3,3.902E-3,3.933E-3,3.955E-3,6.761E-3,5.373E-3,3.480E-3,2.074E-3,1.294E-3,895.7E-6,691.8E-6,582.6E-6,520.7E-6,483.6E-6,460.3E-6,445.2E-6,435.2E-6,0.000,71.23E9,152.3E9,225.8E9,278.0E9,311.3E9,332.0E9,345.2E9,354.0E9,360.6E9,366.0E9,370.6E9,374.4E9,756.7E-18,755.9E-18,754.7E-18,753.9E-18,753.5E-18,753.3E-18,753.2E-18,753.1E-18,753.1E-18,753.1E-18,753.1E-18,753.1E-18,753.1E-18,933.6E-18,1.019E-15,1.189E-15,1.279E-15,1.306E-15,1.313E-15,1.314E-15,1.315E-15,1.315E-15,1.314E-15,1.314E-15,1.314E-15,1.314E-15,756.7E-18,733.1E-18,711.2E-18,691.7E-18,674.7E-18,659.7E-18,646.1E-18,633.7E-18,622.3E-18,611.7E-18,601.9E-18,592.7E-18,584.2E-18,933.6E-18,830.9E-18,606.2E-18,464.3E-18,411.1E-18,391.4E-18,383.1E-18,378.6E-18,375.0E-18,370.4E-18,363.7E-18,355.6E-18,348.1E-18,11.00E-18,12.21E-18,14.77E-18,16.98E-18,18.11E-18,18.64E-18,18.91E-18,19.05E-18,19.13E-18,19.18E-18,19.22E-18,19.24E-18,19.26E-18
1.000,345.0E-3,347.0E-3,351.6E-3,356.9E-3,362.2E-3,367.5E-3,372.9E-3,378.3E-3,383.6E-3,389.0E-3,394.4E-3,399.9E-3,405.3E-3,0.000,127.8E-3,403.8E-3,969.7E-3,1.907,3.147,4.483,5.708,6.717,7.498,8.084,8.519,8.836,1.000,1.000,1.000,1.000,2.000,2.000,2.000,2.000,2.000,2.000,2.000,2.000,2.000,INF,153.1,175.9,207.3,244.1,283.5,323.7,363.9,403.4,441.9,479.4,515.8,551.0,-335.9E-12,653.0E-6,1.137E-3,1.447E-3,1.639E-3,1.764E-3,1.853E-3,1.924E-3,1.983E-3,2.037E-3,2.086E-3,2.133E-3,2.178E-3,0.000,1.135,1.386,1.610,1.763,1.848,1.888,1.900,1.894,1.879,1.858,1.833,1.807,0.000,47.14E-6,94.12E-6,131.7E-6,156.4E-6,170.5E-6,177.5E-6,180.1E-6,180.0E-6,178.3E-6,175.7E-6,172.4E-6,168.6E-6,0.000,741.2E-6,1.576E-3,2.330E-3,2.888E-3,3.260E-3,3.500E-3,3.654E-3,3.757E-3,3.826E-3,3.875E-3,3.909E-3,3.935E-3,7.112E-3,5.801E-3,3.903E-3,2.403E-3,1.514E-3,1.036E-3,780.7E-6,640.2E-6,559.3E-6,510.3E-6,479.3E-6,458.9E-6,445.3E-6,0.000,63.09E9,137.5E9,208.9E9,263.0E9,299.3E9,322.6E9,337.8E9,347.9E9,355.2E9,360.9E9,365.8E9,369.9E9,757.1E-18,756.3E-18,755.2E-18,754.4E-18,754.0E-18,753.8E-18,753.7E-18,753.6E-18,753.6E-18,753.6E-18,753.6E-18,753.5E-18,753.5E-18,935.9E-18,1.013E-15,1.176E-15,1.277E-15,1.311E-15,1.320E-15,1.323E-15,1.324E-15,1.324E-15,1.324E-15,1.323E-15,1.323E-15,1.323E-15,757.1E-18,733.6E-18,711.9E-18,692.4E-18,675.4E-18,660.3E-18,646.7E-18,634.3E-18,622.8E-18,612.3E-18,602.5E-18,593.3E-18,584.8E-18,935.9E-18,846.1E-18,635.0E-18,483.1E-18,420.2E-18,396.0E-18,385.6E-18,380.4E-18,376.8E-18,373.0E-18,367.4E-18,359.8E-18,351.8E-18,10.22E-18,11.21E-18,13.41E-18,15.53E-18,16.71E-18,17.29E-18,17.59E-18,17.75E-18,17.85E-18,17.91E-18,17.94E-18,17.97E-18,17.99E-18
1.050,372.2E-3,374.2E-3,378.9E-3,384.2E-3,389.6E-3,395.0E-3,400.4E-3,405.8E-3,411.3E-3,416.7E-3,422.2E-3,427.6E-3,433.1E-3,0.000,106.5E-3,332.1E-3,791.0E-3,1.564,2.631,3.857,5.061,6.117,6.977,7.648,8.161,8.545,1.000,1.000,1.000,1.000,2.000,2.000,2.000,2.000,2.000,2.000,2.000,2.000,2.000,INF,145.4,165.0,192.4,224.8,259.9,296.2,332.7,368.8,404.2,438.9,472.7,505.6,-522.5E-12,687.7E-6,1.212E-3,1.559E-3,1.779E-3,1.923E-3,2.026E-3,2.104E-3,2.169E-3,2.226E-3,2.278E-3,2.327E-3,2.373E-3,0.000,957.8E-3,1.180,1.388,1.538,1.630,1.679,1.700,1.704,1.697,1.683,1.665,1.644,0.000,42.14E-6,86.27E-6,123.6E-6,149.7E-6,165.6E-6,174.1E-6,177.9E-6,178.8E-6,177.8E-6,175.7E-6,172.7E-6,169.3E-6,0.000,658.7E-6,1.429E-3,2.163E-3,2.736E-3,3.136E-3,3.402E-3,3.578E-3,3.696E-3,3.777E-3,3.833E-3,3.874E-3,3.903E-3,7.422E-3,6.187E-3,4.305E-3,2.735E-3,1.749E-3,1.192E-3,882.1E-6,707.0E-6,604.3E-6,541.4E-6,501.2E-6,474.7E-6,456.7E-6,0.000,55.91E9,123.9E9,192.6E9,247.7E9,286.4E9,312.2E9,329.3E9,340.9E9,349.0E9,355.2E9,360.4E9,364.8E9,757.4E-18,756.7E-18,755.7E-18,754.9E-18,754.4E-18,754.2E-18,754.1E-18,754.0E-18,754.0E-18,754.0E-18,753.9E-18,753.9E-18,753.9E-18,937.3E-18,1.006E-15,1.162E-15,1.271E-15,1.312E-15,1.325E-15,1.329E-15,1.330E-15,1.330E-15,1.330E-15,1.330E-15,1.330E-15,1.330E-15,757.4E-18,734.0E-18,712.5E-18,693.1E-18,676.0E-18,660.9E-18,647.2E-18,634.8E-18,623.3E-18,612.8E-18,602.9E-18,593.8E-18,585.2E-18,937.3E-18,858.3E-18,661.8E-18,502.6E-18,430.4E-18,401.2E-18,388.5E-18,382.3E-18,378.5E-18,375.1E-18,370.6E-18,363.9E-18,355.8E-18,9.548E-18,10.38E-18,12.26E-18,14.28E-18,15.50E-18,16.13E-18,16.46E-18,16.64E-18,16.74E-18,16.81E-18,16.86E-18,16.89E-18,16.91E-18
1.100,399.8E-3,401.8E-3,406.5E-3,411.9E-3,417.3E-3,422.8E-3,428.3E-3,433.7E-3,439.2E-3,444.7E-3,450.2E-3,455.7E-3,461.2E-3,0.000,89.59E-3,276.4E-3,653.0E-3,1.294,2.206,3.307,4.455,5.522,6.436,7.178,7.764,8.216,1.000,1.000,1.000,1.000,1.000,2.000,2.000,2.000,2.000,2.000,2.000,2.000,2.000,INF,139.2,156.3,180.4,209.3,240.8,273.6,306.9,340.1,372.9,405.1,436.6,467.4,-809.0E-12,718.5E-6,1.279E-3,1.663E-3,1.911E-3,2.077E-3,2.193E-3,2.281E-3,2.352E-3,2.413E-3,2.468E-3,2.519E-3,2.567E-3,0.000,814.9E-3,1.012,1.204,1.350,1.445,1.501,1.530,1.540,1.540,1.532,1.519,1.504,0.000,37.59E-6,78.97E-6,115.9E-6,143.1E-6,160.6E-6,170.7E-6,175.8E-6,177.6E-6,177.4E-6,175.8E-6,173.3E-6,170.3E-6,0.000,585.5E-6,1.295E-3,2.002E-3,2.580E-3,3.001E-3,3.291E-3,3.489E-3,3.623E-3,3.716E-3,3.781E-3,3.827E-3,3.860E-3,7.694E-3,6.535E-3,4.683E-3,3.065E-3,1.994E-3,1.360E-3,995.4E-6,783.1E-6,656.1E-6,577.3E-6,526.7E-6,492.9E-6,469.9E-6,0.000,49.62E9,111.7E9,177.1E9,232.4E9,273.0E9,301.0E9,320.1E9,333.1E9,342.3E9,349.0E9,354.5E9,359.2E9,757.6E-18,757.0E-18,756.1E-18,755.3E-18,754.8E-18,754.5E-18,754.4E-18,754.3E-18,754.3E-18,754.3E-18,754.3E-18,754.3E-18,754.2E-18,937.9E-18,1.000E-15,1.147E-15,1.262E-15,1.311E-15,1.327E-15,1.333E-15,1.335E-15,1.335E-15,1.335E-15,1.335E-15,1.335E-15,1.335E-15,757.6E-18,734.3E-18,713.0E-18,693.6E-18,676.5E-18,661.3E-18,647.7E-18,635.2E-18,623.7E-18,613.1E-18,603.3E-18,594.2E-18,585.6E-18,937.9E-18,868.0E-18,686.2E-18,522.8E-18,441.5E-18,407.1E-18,391.8E-18,384.4E-18,380.1E-18,376.9E-18,373.1E-18,367.6E-18,359.9E-18,8.967E-18,9.669E-18,11.29E-18,13.19E-18,14.44E-18,15.11E-18,15.47E-18,15.67E-18,15.79E-18,15.87E-18,15.92E-18,15.95E-18,15.98E-18
1.150,427.7E-3,429.7E-3,434.5E-3,439.9E-3,445.4E-3,450.9E-3,456.4E-3,461.9E-3,467.4E-3,473.0E-3,478.5E-3,484.0E-3,489.6E-3,0.000,76.04E-3,232.6E-3,545.0E-3,1.080,1.857,2.833,3.902,4.949,5.890,6.687,7.337,7.853,1.000,1.000,1.000,1.000,1.000,2.000,2.000,2.000,2.000,2.000,2.000,2.000,2.000,INF,134.1,149.2,170.6,196.5,225.0,254.9,285.4,316.1,346.5,376.6,406.1,435.0,-1.249E-9,745.9E-6,1.341E-3,1.758E-3,2.036E-3,2.223E-3,2.354E-3,2.452E-3,2.531E-3,2.597E-3,2.656E-3,2.709E-3,2.759E-3,0.000,698.2E-3,874.1E-3,1.051,1.191,1.287,1.347,1.382,1.398,1.403,1.400,1.392,1.381,0.000,33.45E-6,72.20E-6,108.6E-6,136.7E-6,155.6E-6,167.2E-6,173.6E-6,176.5E-6,177.0E-6,176.1E-6,174.1E-6,171.4E-6,0.000,520.8E-6,1.172E-3,1.847E-3,2.424E-3,2.860E-3,3.171E-3,3.388E-3,3.538E-3,3.643E-3,3.718E-3,3.771E-3,3.809E-3,7.935E-3,6.849E-3,5.039E-3,3.390E-3,2.246E-3,1.540E-3,1.120E-3,868.3E-6,714.9E-6,618.5E-6,555.9E-6,514.0E-6,485.1E-6,0.000,44.10E9,100.8E9,162.7E9,217.5E9,259.4E9,289.3E9,310.2E9,324.7E9,334.9E9,342.4E9,348.2E9,353.2E9,757.8E-18,757.2E-18,756.4E-18,755.6E-18,755.1E-18,754.8E-18,754.7E-18,754.6E-18,754.6E-18,754.5E-18,754.5E-18,754.5E-18,754.5E-18,938.0E-18,994.8E-18,1.132E-15,1.252E-15,1.307E-15,1.327E-15,1.334E-15,1.337E-15,1.338E-15,1.338E-15,1.338E-15,1.338E-15,1.338E-15,757.8E-18,734.6E-18,713.4E-18,694.1E-18,677.0E-18,661.7E-18,648.0E-18,635.5E-18,624.1E-18,613.5E-18,603.6E-18,594.5E-18,585.9E-18,938.0E-18,875.8E-18,708.3E-18,543.1E-18,453.6E-18,413.6E-18,395.5E-18,386.7E-18,381.8E-18,378.4E-18,375.2E-18,370.7E-18,364.0E-18,8.460E-18,9.057E-18,10.46E-18,12.23E-18,13.50E-18,14.22E-18,14.61E-18,14.83E-18,14.97E-18,15.05E-18,15.11E-18,15.15E-18,15.17E-18
1.200,455.9E-3,457.9E-3,462.7E-3,468.2E-3,473.7E-3,479.2E-3,484.8E-3,490.3E-3,495.9E-3,501.4E-3,507.0E-3,512.6E-3,518.2E-3,0.000,65.01E-3,197.5E-3,459.4E-3,908.9E-3,1.573,2.430,3.409,4.412,5.356,6.187,6.889,7.462,1.000,1.000,1.000,1.000,1.000,2.000,2.000,2.000,2.000,2.000,2.000,2.000,2.000,INF,129.8,143.3,162.5,185.8,211.7,239.1,267.3,295.7,324.1,352.2,379.9,407.1,-1.924E-9,770.3E-6,1.396E-3,1.847E-3,2.153E-3,2.362E-3,2.509E-3,2.619E-3,2.705E-3,2.777E-3,2.839E-3,2.896E-3,2.948E-3,0.000,601.9E-3,759.7E-3,921.9E-3,1.055,1.151,1.214,1.252,1.273,1.283,1.284,1.280,1.272,0.000,29.69E-6,65.93E-6,101.7E-6,130.5E-6,150.8E-6,163.8E-6,171.5E-6,175.4E-6,176.8E-6,176.5E-6,175.1E-6,172.8E-6,0.000,463.6E-6,1.060E-3,1.702E-3,2.272E-3,2.718E-3,3.046E-3,3.279E-3,3.445E-3,3.562E-3,3.646E-3,3.706E-3,3.750E-3,8.148E-3,7.132E-3,5.370E-3,3.706E-3,2.500E-3,1.728E-3,1.254E-3,962.1E-6,780.7E-6,665.1E-6,589.2E-6,538.0E-6,502.6E-6,0.000,39.25E9,90.97E9,149.4E9,203.2E9,245.8E9,277.3E9,299.7E9,315.7E9,327.0E9,335.3E9,341.5E9,346.7E9,758.0E-18,757.4E-18,756.6E-18,755.9E-18,755.4E-18,755.1E-18,754.9E-18,754.9E-18,754.8E-18,754.8E-18,754.8E-18,754.7E-18,754.7E-18,937.6E-18,989.4E-18,1.118E-15,1.239E-15,1.301E-15,1.325E-15,1.335E-15,1.338E-15,1.339E-15,1.339E-15,1.340E-15,1.339E-15,1.339E-15,758.0E-18,734.9E-18,713.7E-18,694.5E-18,677.3E-18,662.1E-18,648.3E-18,635.8E-18,624.3E-18,613.7E-18,603.9E-18,594.7E-18,586.2E-18,937.6E-18,882.0E-18,728.1E-18,563.4E-18,466.5E-18,420.9E-18,399.7E-18,389.2E-18,383.5E-18,379.9E-18,376.9E-18,373.2E-18,367.7E-18,8.011E-18,8.525E-18,9.744E-18,11.40E-18,12.67E-18,13.43E-18,13.85E-18,14.10E-18,14.25E-18,14.35E-18,14.41E-18,14.45E-18,14.48E-18
