vgs ,M0:vdsat vds 0 ,M0:vdsat vds 0.1 ,M0:vdsat vds 0.2 ,M0:vdsat vds 0.3 ,M0:vdsat vds 0.4 ,M0:vdsat vds 0.5 ,M0:vdsat vds 0.6 ,M0:vdsat vds 0.7 ,M0:vdsat vds 0.8 ,M0:vdsat vds 0.9 ,M0:vdsat vds 1 ,M0:vdsat vds 1.1 ,M0:vdsat vds 1.2 ,M0:self_gain vds 0 ,M0:self_gain vds 0.1 ,M0:self_gain vds 0.2 ,M0:self_gain vds 0.3 ,M0:self_gain vds 0.4 ,M0:self_gain vds 0.5 ,M0:self_gain vds 0.6 ,M0:self_gain vds 0.7 ,M0:self_gain vds 0.8 ,M0:self_gain vds 0.9 ,M0:self_gain vds 1 ,M0:self_gain vds 1.1 ,M0:self_gain vds 1.2 ,M0:ron vds 0 ,M0:ron vds 0.1 ,M0:ron vds 0.2 ,M0:ron vds 0.3 ,M0:ron vds 0.4 ,M0:ron vds 0.5 ,M0:ron vds 0.6 ,M0:ron vds 0.7 ,M0:ron vds 0.8 ,M0:ron vds 0.9 ,M0:ron vds 1 ,M0:ron vds 1.1 ,M0:ron vds 1.2 ,M0:region vds 0 ,M0:region vds 0.1 ,M0:region vds 0.2 ,M0:region vds 0.3 ,M0:region vds 0.4 ,M0:region vds 0.5 ,M0:region vds 0.6 ,M0:region vds 0.7 ,M0:region vds 0.8 ,M0:region vds 0.9 ,M0:region vds 1 ,M0:region vds 1.1 ,M0:region vds 1.2 ,M0:id vds 0 ,M0:id vds 0.1 ,M0:id vds 0.2 ,M0:id vds 0.3 ,M0:id vds 0.4 ,M0:id vds 0.5 ,M0:id vds 0.6 ,M0:id vds 0.7 ,M0:id vds 0.8 ,M0:id vds 0.9 ,M0:id vds 1 ,M0:id vds 1.1 ,M0:id vds 1.2 ,M0:gmoverid vds 0 ,M0:gmoverid vds 0.1 ,M0:gmoverid vds 0.2 ,M0:gmoverid vds 0.3 ,M0:gmoverid vds 0.4 ,M0:gmoverid vds 0.5 ,M0:gmoverid vds 0.6 ,M0:gmoverid vds 0.7 ,M0:gmoverid vds 0.8 ,M0:gmoverid vds 0.9 ,M0:gmoverid vds 1 ,M0:gmoverid vds 1.1 ,M0:gmoverid vds 1.2 ,M0:gmbs vds 0 ,M0:gmbs vds 0.1 ,M0:gmbs vds 0.2 ,M0:gmbs vds 0.3 ,M0:gmbs vds 0.4 ,M0:gmbs vds 0.5 ,M0:gmbs vds 0.6 ,M0:gmbs vds 0.7 ,M0:gmbs vds 0.8 ,M0:gmbs vds 0.9 ,M0:gmbs vds 1 ,M0:gmbs vds 1.1 ,M0:gmbs vds 1.2 ,M0:gm vds 0 ,M0:gm vds 0.1 ,M0:gm vds 0.2 ,M0:gm vds 0.3 ,M0:gm vds 0.4 ,M0:gm vds 0.5 ,M0:gm vds 0.6 ,M0:gm vds 0.7 ,M0:gm vds 0.8 ,M0:gm vds 0.9 ,M0:gm vds 1 ,M0:gm vds 1.1 ,M0:gm vds 1.2 ,M0:gds vds 0 ,M0:gds vds 0.1 ,M0:gds vds 0.2 ,M0:gds vds 0.3 ,M0:gds vds 0.4 ,M0:gds vds 0.5 ,M0:gds vds 0.6 ,M0:gds vds 0.7 ,M0:gds vds 0.8 ,M0:gds vds 0.9 ,M0:gds vds 1 ,M0:gds vds 1.1 ,M0:gds vds 1.2 ,M0:ft vds 0 ,M0:ft vds 0.1 ,M0:ft vds 0.2 ,M0:ft vds 0.3 ,M0:ft vds 0.4 ,M0:ft vds 0.5 ,M0:ft vds 0.6 ,M0:ft vds 0.7 ,M0:ft vds 0.8 ,M0:ft vds 0.9 ,M0:ft vds 1 ,M0:ft vds 1.1 ,M0:ft vds 1.2 ,M0:csb vds 0 ,M0:csb vds 0.1 ,M0:csb vds 0.2 ,M0:csb vds 0.3 ,M0:csb vds 0.4 ,M0:csb vds 0.5 ,M0:csb vds 0.6 ,M0:csb vds 0.7 ,M0:csb vds 0.8 ,M0:csb vds 0.9 ,M0:csb vds 1 ,M0:csb vds 1.1 ,M0:csb vds 1.2 ,M0:cgs vds 0 ,M0:cgs vds 0.1 ,M0:cgs vds 0.2 ,M0:cgs vds 0.3 ,M0:cgs vds 0.4 ,M0:cgs vds 0.5 ,M0:cgs vds 0.6 ,M0:cgs vds 0.7 ,M0:cgs vds 0.8 ,M0:cgs vds 0.9 ,M0:cgs vds 1 ,M0:cgs vds 1.1 ,M0:cgs vds 1.2 ,M0:cdb vds 0 ,M0:cdb vds 0.1 ,M0:cdb vds 0.2 ,M0:cdb vds 0.3 ,M0:cdb vds 0.4 ,M0:cdb vds 0.5 ,M0:cdb vds 0.6 ,M0:cdb vds 0.7 ,M0:cdb vds 0.8 ,M0:cdb vds 0.9 ,M0:cdb vds 1 ,M0:cdb vds 1.1 ,M0:cdb vds 1.2 ,M0:cgd vds 0 ,M0:cgd vds 0.1 ,M0:cgd vds 0.2 ,M0:cgd vds 0.3 ,M0:cgd vds 0.4 ,M0:cgd vds 0.5 ,M0:cgd vds 0.6 ,M0:cgd vds 0.7 ,M0:cgd vds 0.8 ,M0:cgd vds 0.9 ,M0:cgd vds 1 ,M0:cgd vds 1.1 ,M0:cgd vds 1.2 ,M0:cgb vds 0 ,M0:cgb vds 0.1 ,M0:cgb vds 0.2 ,M0:cgb vds 0.3 ,M0:cgb vds 0.4 ,M0:cgb vds 0.5 ,M0:cgb vds 0.6 ,M0:cgb vds 0.7 ,M0:cgb vds 0.8 ,M0:cgb vds 0.9 ,M0:cgb vds 1 ,M0:cgb vds 1.1 ,M0:cgb vds 1.2 
0.000,101.8E-3,101.8E-3,102.0E-3,102.3E-3,102.5E-3,102.7E-3,102.9E-3,103.2E-3,103.4E-3,103.6E-3,103.8E-3,104.1E-3,104.3E-3,0.000,5.227,8.348,8.704,8.826,8.894,8.943,8.983,9.018,9.051,9.081,9.108,9.134,INF,156.0E6,214.3E6,234.5E6,230.0E6,212.3E6,188.6E6,163.3E6,138.8E6,116.4E6,96.54E6,79.42E6,64.91E6,0.000,0.000,0.000,0.000,0.000,0.000,0.000,0.000,0.000,0.000,0.000,0.000,0.000,4.486E-12,649.3E-12,947.8E-12,1.303E-9,1.777E-9,2.412E-9,3.263E-9,4.402E-9,5.921E-9,7.945E-9,10.63E-9,14.21E-9,18.94E-9,0.000,27.13,27.07,26.99,26.91,26.84,26.76,26.68,26.61,26.53,26.46,26.38,26.30,0.000,1.206E-9,1.715E-9,2.292E-9,3.035E-9,4.001E-9,5.257E-9,6.887E-9,8.998E-9,11.73E-9,15.24E-9,19.77E-9,25.57E-9,0.000,17.39E-9,25.26E-9,34.53E-9,46.82E-9,63.22E-9,85.13E-9,114.4E-9,153.3E-9,205.2E-9,274.1E-9,365.4E-9,486.3E-9,12.69E-9,3.327E-9,3.026E-9,3.967E-9,5.305E-9,7.108E-9,9.520E-9,12.73E-9,17.00E-9,22.67E-9,30.18E-9,40.12E-9,53.24E-9,0.000,3.342E6,4.900E6,6.753E6,9.217E6,12.51E6,16.92E6,22.81E6,30.66E6,41.13E6,55.04E6,73.52E6,98.00E6,742.0E-18,742.0E-18,742.0E-18,742.0E-18,742.0E-18,742.0E-18,742.0E-18,742.0E-18,742.0E-18,742.0E-18,742.0E-18,742.0E-18,742.0E-18,365.9E-18,365.9E-18,365.9E-18,365.9E-18,365.9E-18,365.9E-18,365.9E-18,365.9E-18,365.9E-18,365.9E-18,365.9E-18,365.9E-18,365.9E-18,742.0E-18,717.1E-18,695.1E-18,675.4E-18,657.7E-18,641.6E-18,627.0E-18,613.6E-18,601.3E-18,590.0E-18,579.4E-18,569.7E-18,560.5E-18,365.9E-18,358.8E-18,351.0E-18,344.3E-18,339.0E-18,334.8E-18,331.4E-18,328.7E-18,326.5E-18,324.6E-18,323.0E-18,321.6E-18,320.3E-18,103.5E-18,103.5E-18,103.5E-18,103.5E-18,103.5E-18,103.5E-18,103.5E-18,103.5E-18,103.5E-18,103.5E-18,103.5E-18,103.5E-18,103.5E-18
50.00E-3,101.8E-3,101.9E-3,102.1E-3,102.3E-3,102.5E-3,102.7E-3,103.0E-3,103.2E-3,103.4E-3,103.6E-3,103.9E-3,104.1E-3,104.3E-3,0.000,5.264,8.458,8.826,8.950,9.021,9.070,9.111,9.147,9.180,9.210,9.238,9.264,INF,40.13E6,55.32E6,60.76E6,59.82E6,55.43E6,49.44E6,42.98E6,36.67E6,30.86E6,25.70E6,21.23E6,17.42E6,0.000,0.000,0.000,0.000,0.000,0.000,0.000,0.000,0.000,0.000,3.000,3.000,3.000,4.473E-12,2.500E-9,3.630E-9,4.961E-9,6.724E-9,9.077E-9,12.22E-9,16.40E-9,21.97E-9,29.37E-9,39.18E-9,52.17E-9,69.34E-9,0.000,27.17,27.10,27.03,26.95,26.87,26.79,26.71,26.63,26.55,26.47,26.39,26.31,0.000,4.587E-9,6.503E-9,8.654E-9,11.41E-9,14.98E-9,19.60E-9,25.57E-9,33.27E-9,43.17E-9,55.87E-9,72.12E-9,92.86E-9,0.000,67.71E-9,97.99E-9,133.4E-9,180.2E-9,242.4E-9,325.1E-9,435.1E-9,581.0E-9,774.4E-9,1.030E-6,1.368E-6,1.812E-6,49.40E-9,12.86E-9,11.59E-9,15.12E-9,20.13E-9,26.87E-9,35.85E-9,47.76E-9,63.52E-9,84.36E-9,111.8E-9,148.0E-9,195.6E-9,0.000,12.94E6,18.90E6,25.97E6,35.34E6,47.81E6,64.43E6,86.54E6,115.9E6,154.9E6,206.5E6,274.7E6,364.6E6,742.0E-18,742.0E-18,742.0E-18,742.0E-18,742.0E-18,742.0E-18,742.0E-18,742.0E-18,742.0E-18,742.0E-18,742.0E-18,742.0E-18,742.0E-18,368.7E-18,368.7E-18,368.7E-18,368.7E-18,368.7E-18,368.7E-18,368.7E-18,368.7E-18,368.7E-18,368.7E-18,368.7E-18,368.7E-18,368.7E-18,742.0E-18,717.1E-18,695.1E-18,675.4E-18,657.7E-18,641.6E-18,627.0E-18,613.6E-18,601.3E-18,590.0E-18,579.4E-18,569.7E-18,560.5E-18,368.7E-18,362.6E-18,354.9E-18,347.5E-18,341.5E-18,336.7E-18,333.0E-18,330.0E-18,327.6E-18,325.5E-18,323.8E-18,322.2E-18,320.9E-18,101.5E-18,101.5E-18,101.5E-18,101.5E-18,101.5E-18,101.5E-18,101.5E-18,101.5E-18,101.5E-18,101.5E-18,101.5E-18,101.5E-18,101.5E-18
100.0E-3,101.8E-3,101.9E-3,102.1E-3,102.3E-3,102.6E-3,102.8E-3,103.0E-3,103.2E-3,103.5E-3,103.7E-3,103.9E-3,104.1E-3,104.4E-3,0.000,5.300,8.569,8.950,9.078,9.150,9.201,9.242,9.278,9.311,9.342,9.370,9.396,INF,10.31E6,14.26E6,15.72E6,15.54E6,14.45E6,12.95E6,11.30E6,9.682E6,8.183E6,6.844E6,5.679E6,4.682E6,0.000,0.000,0.000,0.000,0.000,3.000,3.000,3.000,3.000,3.000,3.000,3.000,3.000,4.435E-12,9.711E-9,14.04E-9,19.11E-9,25.78E-9,34.65E-9,46.43E-9,62.07E-9,82.79E-9,110.2E-9,146.4E-9,194.1E-9,256.8E-9,0.000,27.20,27.13,27.05,26.97,26.89,26.80,26.72,26.63,26.53,26.44,26.33,26.22,0.000,17.50E-9,24.72E-9,32.76E-9,43.01E-9,56.22E-9,73.22E-9,95.07E-9,123.1E-9,158.9E-9,204.6E-9,262.5E-9,335.9E-9,0.000,264.0E-9,380.7E-9,516.3E-9,694.4E-9,930.1E-9,1.242E-6,1.655E-6,2.200E-6,2.918E-6,3.863E-6,5.101E-6,6.721E-6,192.7E-9,49.80E-9,44.42E-9,57.68E-9,76.49E-9,101.6E-9,135.0E-9,179.1E-9,237.1E-9,313.4E-9,413.5E-9,544.4E-9,715.3E-9,0.000,50.23E6,73.07E6,100.0E6,135.7E6,182.9E6,245.6E6,328.5E6,438.2E6,582.9E6,773.3E6,1.023E9,1.351E9,742.0E-18,742.0E-18,742.0E-18,742.0E-18,742.0E-18,742.0E-18,742.0E-18,742.0E-18,742.0E-18,742.0E-18,742.0E-18,742.0E-18,742.0E-18,370.8E-18,370.8E-18,370.8E-18,370.8E-18,370.8E-18,370.8E-18,370.8E-18,370.8E-18,370.8E-18,370.8E-18,370.8E-18,370.8E-18,370.8E-18,742.0E-18,717.1E-18,695.1E-18,675.4E-18,657.7E-18,641.6E-18,627.0E-18,613.6E-18,601.3E-18,590.0E-18,579.4E-18,569.7E-18,560.5E-18,370.8E-18,365.9E-18,358.8E-18,351.0E-18,344.3E-18,339.0E-18,334.8E-18,331.4E-18,328.7E-18,326.5E-18,324.6E-18,323.0E-18,321.6E-18,99.60E-18,99.60E-18,99.60E-18,99.60E-18,99.60E-18,99.60E-18,99.60E-18,99.60E-18,99.60E-18,99.60E-18,99.60E-18,99.60E-18,99.60E-18
150.0E-3,101.9E-3,101.9E-3,102.1E-3,102.4E-3,102.6E-3,102.8E-3,103.1E-3,103.3E-3,103.5E-3,103.8E-3,104.0E-3,104.3E-3,104.5E-3,0.000,5.332,8.681,9.077,9.209,9.283,9.334,9.376,9.412,9.445,9.476,9.503,9.528,INF,2.644E6,3.670E6,4.064E6,4.034E6,3.770E6,3.392E6,2.975E6,2.563E6,2.178E6,1.833E6,1.531E6,1.271E6,3.000,3.000,3.000,3.000,3.000,3.000,3.000,3.000,3.000,3.000,3.000,3.000,3.000,4.369E-12,37.83E-9,54.51E-9,73.84E-9,99.19E-9,132.7E-9,177.0E-9,235.4E-9,312.3E-9,413.4E-9,545.9E-9,719.0E-9,944.3E-9,0.000,27.21,27.14,27.05,26.95,26.85,26.75,26.63,26.51,26.37,26.22,26.04,25.85,0.000,66.88E-9,94.08E-9,124.1E-9,162.1E-9,210.7E-9,272.9E-9,352.1E-9,452.8E-9,580.2E-9,740.5E-9,941.1E-9,1.191E-6,0.000,1.029E-6,1.479E-6,1.997E-6,2.672E-6,3.561E-6,4.731E-6,6.266E-6,8.276E-6,10.90E-6,14.31E-6,18.72E-6,24.40E-6,752.1E-9,193.0E-9,170.3E-9,220.0E-9,290.2E-9,383.7E-9,506.8E-9,668.3E-9,879.3E-9,1.154E-6,1.510E-6,1.969E-6,2.560E-6,0.000,195.3E6,282.6E6,385.2E6,520.2E6,698.4E6,933.1E6,1.242E9,1.646E9,2.174E9,2.862E9,3.752E9,4.900E9,742.0E-18,742.0E-18,742.0E-18,742.0E-18,742.0E-18,742.0E-18,742.0E-18,742.0E-18,742.0E-18,742.0E-18,742.0E-18,742.0E-18,742.0E-18,372.3E-18,372.4E-18,372.4E-18,372.4E-18,372.4E-18,372.4E-18,372.4E-18,372.4E-18,372.4E-18,372.4E-18,372.4E-18,372.4E-18,372.4E-18,742.0E-18,717.1E-18,695.1E-18,675.4E-18,657.7E-18,641.6E-18,627.0E-18,613.6E-18,601.3E-18,590.0E-18,579.4E-18,569.7E-18,560.5E-18,372.3E-18,368.7E-18,362.6E-18,354.9E-18,347.5E-18,341.5E-18,336.7E-18,333.0E-18,330.0E-18,327.6E-18,325.5E-18,323.8E-18,322.2E-18,97.79E-18,97.80E-18,97.80E-18,97.80E-18,97.80E-18,97.80E-18,97.80E-18,97.80E-18,97.80E-18,97.80E-18,97.80E-18,97.80E-18,97.80E-18
200.0E-3,101.9E-3,102.0E-3,102.2E-3,102.4E-3,102.7E-3,102.9E-3,103.2E-3,103.4E-3,103.7E-3,104.0E-3,104.3E-3,104.6E-3,104.9E-3,0.000,5.351,8.791,9.205,9.341,9.416,9.468,9.509,9.545,9.577,9.606,9.631,9.653,INF,678.8E3,946.4E3,1.053E6,1.051E6,988.6E3,895.6E3,791.5E3,687.5E3,589.9E3,502.0E3,424.6E3,357.9E3,3.000,3.000,3.000,3.000,3.000,3.000,3.000,3.000,3.000,3.000,3.000,3.000,3.000,4.269E-12,147.3E-9,211.4E-9,284.8E-9,380.5E-9,505.8E-9,670.0E-9,884.6E-9,1.164E-6,1.526E-6,1.992E-6,2.591E-6,3.353E-6,0.000,27.15,27.05,26.93,26.79,26.64,26.46,26.26,26.02,25.75,25.44,25.08,24.67,0.000,254.8E-9,356.7E-9,467.3E-9,605.9E-9,781.0E-9,1.002E-6,1.278E-6,1.622E-6,2.046E-6,2.565E-6,3.193E-6,3.944E-6,0.000,3.999E-6,5.717E-6,7.670E-6,10.19E-6,13.47E-6,17.73E-6,23.22E-6,30.28E-6,39.28E-6,50.68E-6,64.96E-6,82.71E-6,2.929E-6,747.4E-9,650.4E-9,833.3E-9,1.091E-6,1.431E-6,1.872E-6,2.442E-6,3.172E-6,4.102E-6,5.276E-6,6.745E-6,8.568E-6,0.000,757.1E6,1.089E9,1.473E9,1.976E9,2.633E9,3.488E9,4.593E9,6.014E9,7.829E9,10.13E9,13.01E9,16.60E9,742.0E-18,742.0E-18,742.0E-18,742.0E-18,742.0E-18,742.0E-18,742.0E-18,742.0E-18,742.0E-18,742.0E-18,742.0E-18,742.0E-18,742.0E-18,373.8E-18,373.8E-18,373.8E-18,373.8E-18,373.8E-18,373.8E-18,373.8E-18,373.8E-18,373.8E-18,373.8E-18,373.8E-18,373.8E-18,373.8E-18,742.0E-18,717.1E-18,695.1E-18,675.4E-18,657.7E-18,641.7E-18,627.0E-18,613.7E-18,601.3E-18,590.0E-18,579.5E-18,569.7E-18,560.5E-18,373.8E-18,370.8E-18,365.9E-18,358.8E-18,351.0E-18,344.3E-18,339.0E-18,334.8E-18,331.4E-18,328.7E-18,326.5E-18,324.6E-18,323.0E-18,96.03E-18,96.06E-18,96.06E-18,96.06E-18,96.06E-18,96.06E-18,96.06E-18,96.06E-18,96.06E-18,96.06E-18,96.06E-18,96.06E-18,96.06E-18
250.0E-3,102.0E-3,102.1E-3,102.3E-3,102.6E-3,102.9E-3,103.2E-3,103.5E-3,103.9E-3,104.2E-3,104.7E-3,105.2E-3,105.7E-3,106.4E-3,0.000,5.315,8.881,9.325,9.467,9.544,9.595,9.634,9.668,9.697,9.723,9.744,9.762,INF,175.8E3,246.5E3,276.7E3,279.0E3,265.3E3,243.5E3,218.4E3,193.0E3,168.9E3,147.0E3,127.4E3,110.4E3,3.000,3.000,3.000,3.000,3.000,3.000,3.000,3.000,3.000,3.000,3.000,3.000,3.000,4.128E-12,568.7E-9,811.2E-9,1.084E-6,1.434E-6,1.885E-6,2.465E-6,3.205E-6,4.145E-6,5.328E-6,6.805E-6,8.632E-6,10.87E-6,0.000,26.81,26.66,26.43,26.16,25.84,25.47,25.05,24.57,24.04,23.46,22.83,22.16,0.000,953.9E-9,1.324E-6,1.713E-6,2.187E-6,2.769E-6,3.477E-6,4.329E-6,5.343E-6,6.532E-6,7.907E-6,9.474E-6,11.23E-6,0.000,15.25E-6,21.63E-6,28.66E-6,37.51E-6,48.71E-6,62.78E-6,80.29E-6,101.9E-6,128.1E-6,159.6E-6,197.1E-6,240.9E-6,11.26E-6,2.869E-6,2.436E-6,3.073E-6,3.962E-6,5.104E-6,6.543E-6,8.334E-6,10.54E-6,13.21E-6,16.42E-6,20.22E-6,24.68E-6,0.000,2.877E9,4.098E9,5.469E9,7.225E9,9.466E9,12.29E9,15.81E9,20.15E9,25.44E9,31.80E9,39.36E9,48.22E9,742.2E-18,742.1E-18,742.1E-18,742.1E-18,742.1E-18,742.1E-18,742.1E-18,742.1E-18,742.1E-18,742.1E-18,742.1E-18,742.1E-18,742.1E-18,376.8E-18,377.2E-18,377.2E-18,377.2E-18,377.2E-18,377.2E-18,377.2E-18,377.2E-18,377.2E-18,377.2E-18,377.2E-18,377.2E-18,377.2E-18,742.2E-18,717.2E-18,695.2E-18,675.5E-18,657.8E-18,641.7E-18,627.1E-18,613.7E-18,601.4E-18,590.1E-18,579.5E-18,569.7E-18,560.6E-18,376.8E-18,372.3E-18,368.7E-18,362.6E-18,354.9E-18,347.5E-18,341.5E-18,336.7E-18,333.0E-18,330.0E-18,327.6E-18,325.5E-18,323.8E-18,94.09E-18,94.25E-18,94.25E-18,94.26E-18,94.26E-18,94.26E-18,94.26E-18,94.26E-18,94.26E-18,94.26E-18,94.26E-18,94.26E-18,94.26E-18
300.0E-3,102.3E-3,102.5E-3,102.8E-3,103.2E-3,103.6E-3,104.1E-3,104.7E-3,105.3E-3,106.1E-3,107.0E-3,108.0E-3,109.2E-3,110.5E-3,0.000,5.104,8.898,9.414,9.573,9.652,9.703,9.741,9.772,9.798,9.820,9.838,9.852,INF,47.11E3,66.73E3,76.17E3,78.33E3,76.20E3,71.74E3,66.19E3,60.31E3,54.54E3,49.12E3,44.16E3,39.70E3,3.000,3.000,3.000,3.000,3.000,3.000,3.000,3.000,3.000,3.000,3.000,2.000,2.000,3.928E-12,2.123E-6,2.997E-6,3.939E-6,5.106E-6,6.561E-6,8.363E-6,10.58E-6,13.26E-6,16.50E-6,20.36E-6,24.91E-6,30.23E-6,0.000,25.66,25.40,24.94,24.40,23.81,23.16,22.47,21.75,21.00,20.23,19.45,18.66,0.000,3.347E-6,4.578E-6,5.765E-6,7.131E-6,8.711E-6,10.52E-6,12.56E-6,14.83E-6,17.32E-6,20.00E-6,22.84E-6,25.81E-6,0.000,54.47E-6,76.14E-6,98.24E-6,124.6E-6,156.2E-6,193.7E-6,237.6E-6,288.4E-6,346.5E-6,411.8E-6,484.4E-6,564.1E-6,41.30E-6,10.67E-6,8.557E-6,10.44E-6,13.02E-6,16.18E-6,19.96E-6,24.39E-6,29.52E-6,35.36E-6,41.93E-6,49.24E-6,57.26E-6,0.000,10.11E9,14.18E9,18.39E9,23.53E9,29.77E9,37.21E9,45.95E9,56.07E9,67.62E9,80.63E9,95.12E9,111.0E9,743.2E-18,742.9E-18,742.9E-18,742.9E-18,742.9E-18,742.9E-18,742.9E-18,742.9E-18,742.9E-18,742.9E-18,742.9E-18,742.9E-18,742.9E-18,390.0E-18,392.4E-18,392.4E-18,392.4E-18,392.4E-18,392.4E-18,392.4E-18,392.4E-18,392.4E-18,392.4E-18,392.4E-18,392.4E-18,392.4E-18,743.2E-18,717.7E-18,695.6E-18,675.9E-18,658.2E-18,642.2E-18,627.6E-18,614.2E-18,601.9E-18,590.5E-18,580.0E-18,570.2E-18,561.1E-18,390.0E-18,373.5E-18,370.8E-18,365.9E-18,358.8E-18,351.0E-18,344.3E-18,339.0E-18,334.8E-18,331.4E-18,328.7E-18,326.5E-18,324.6E-18,90.77E-18,91.67E-18,91.68E-18,91.68E-18,91.68E-18,91.68E-18,91.68E-18,91.68E-18,91.68E-18,91.68E-18,91.68E-18,91.68E-18,91.68E-18
350.0E-3,103.5E-3,103.7E-3,104.3E-3,105.1E-3,106.0E-3,107.0E-3,108.2E-3,109.5E-3,111.0E-3,112.7E-3,114.5E-3,116.5E-3,118.6E-3,0.000,4.503,8.721,9.428,9.634,9.728,9.784,9.823,9.854,9.878,9.898,9.912,9.921,INF,13.87E3,19.93E3,23.42E3,24.90E3,25.09E3,24.51E3,23.50E3,22.26E3,20.94E3,19.61E3,18.33E3,17.12E3,3.000,3.000,3.000,3.000,3.000,3.000,2.000,2.000,2.000,2.000,2.000,2.000,2.000,3.622E-12,7.207E-6,10.03E-6,12.81E-6,16.07E-6,19.93E-6,24.48E-6,29.79E-6,35.94E-6,42.99E-6,50.99E-6,60.01E-6,70.08E-6,0.000,22.95,22.68,22.01,21.26,20.47,19.67,18.87,18.07,17.28,16.51,15.76,15.03,0.000,9.988E-6,13.44E-6,16.25E-6,19.20E-6,22.36E-6,25.72E-6,29.24E-6,32.89E-6,36.62E-6,40.37E-6,44.09E-6,47.74E-6,0.000,165.4E-6,227.6E-6,281.9E-6,341.5E-6,407.9E-6,481.5E-6,562.2E-6,649.5E-6,743.0E-6,841.9E-6,945.6E-6,1.053E-3,134.6E-6,36.74E-6,26.09E-6,29.90E-6,35.45E-6,41.93E-6,49.22E-6,57.23E-6,65.92E-6,75.22E-6,85.06E-6,95.40E-6,106.2E-6,0.000,28.66E9,39.55E9,49.18E9,59.99E9,72.28E9,86.02E9,101.1E9,117.5E9,134.9E9,153.4E9,172.8E9,192.9E9,747.4E-18,746.0E-18,746.0E-18,746.0E-18,746.0E-18,746.0E-18,746.0E-18,746.0E-18,746.0E-18,746.0E-18,746.0E-18,746.0E-18,746.0E-18,444.8E-18,458.0E-18,457.8E-18,457.7E-18,457.7E-18,457.7E-18,457.7E-18,457.7E-18,457.7E-18,457.7E-18,457.7E-18,457.7E-18,457.7E-18,747.4E-18,719.7E-18,697.6E-18,677.9E-18,660.2E-18,644.2E-18,629.5E-18,616.1E-18,603.8E-18,592.5E-18,582.0E-18,572.2E-18,563.0E-18,444.8E-18,374.9E-18,372.3E-18,368.7E-18,362.6E-18,354.9E-18,347.5E-18,341.5E-18,336.7E-18,333.0E-18,330.0E-18,327.6E-18,325.5E-18,81.85E-18,85.68E-18,85.75E-18,85.75E-18,85.76E-18,85.76E-18,85.76E-18,85.76E-18,85.76E-18,85.76E-18,85.76E-18,85.76E-18,85.76E-18
400.0E-3,106.9E-3,107.4E-3,108.6E-3,110.1E-3,111.8E-3,113.7E-3,115.7E-3,117.9E-3,120.2E-3,122.7E-3,125.2E-3,127.9E-3,130.7E-3,0.000,3.486,8.157,9.295,9.621,9.757,9.830,9.876,9.909,9.934,9.952,9.965,9.970,INF,4.862E3,7.039E3,8.562E3,9.462E3,9.923E3,10.09E3,10.06E3,9.898E3,9.663E3,9.383E3,9.079E3,8.767E3,1.000,1.000,2.000,2.000,2.000,2.000,2.000,2.000,2.000,2.000,2.000,2.000,2.000,3.106E-12,20.57E-6,28.41E-6,35.04E-6,42.27E-6,50.39E-6,59.48E-6,69.61E-6,80.82E-6,93.14E-6,106.6E-6,121.2E-6,136.9E-6,0.000,18.86,18.86,18.19,17.42,16.65,15.88,15.14,14.43,13.74,13.09,12.47,11.88,0.000,23.08E-6,31.22E-6,36.26E-6,40.91E-6,45.47E-6,49.98E-6,54.39E-6,58.68E-6,62.80E-6,66.71E-6,70.37E-6,73.76E-6,0.000,387.8E-6,535.9E-6,637.4E-6,736.5E-6,838.7E-6,944.7E-6,1.054E-3,1.166E-3,1.280E-3,1.395E-3,1.511E-3,1.627E-3,361.1E-6,111.3E-6,65.70E-6,68.57E-6,76.56E-6,85.96E-6,96.10E-6,106.7E-6,117.7E-6,128.9E-6,140.2E-6,151.6E-6,163.2E-6,0.000,58.05E9,80.71E9,96.28E9,111.8E9,128.2E9,145.4E9,163.3E9,181.7E9,200.2E9,219.0E9,237.8E9,256.6E9,756.1E-18,752.8E-18,752.6E-18,752.6E-18,752.6E-18,752.6E-18,752.6E-18,752.6E-18,752.6E-18,752.6E-18,752.6E-18,752.6E-18,752.6E-18,561.1E-18,609.8E-18,608.8E-18,608.5E-18,608.4E-18,608.3E-18,608.3E-18,608.3E-18,608.3E-18,608.3E-18,608.3E-18,608.3E-18,608.3E-18,756.1E-18,724.6E-18,702.3E-18,682.6E-18,664.9E-18,648.8E-18,634.2E-18,620.8E-18,608.5E-18,597.2E-18,586.6E-18,576.9E-18,567.7E-18,561.1E-18,379.5E-18,373.7E-18,370.8E-18,366.0E-18,358.8E-18,351.0E-18,344.3E-18,339.0E-18,334.8E-18,331.4E-18,328.7E-18,326.5E-18,65.03E-18,73.92E-18,74.30E-18,74.34E-18,74.35E-18,74.35E-18,74.36E-18,74.36E-18,74.36E-18,74.36E-18,74.36E-18,74.36E-18,74.36E-18
450.0E-3,114.5E-3,115.2E-3,117.2E-3,119.5E-3,122.0E-3,124.6E-3,127.3E-3,130.2E-3,133.1E-3,136.1E-3,139.2E-3,142.4E-3,145.7E-3,0.000,2.472,7.076,8.915,9.487,9.714,9.825,9.891,9.933,9.963,9.984,9.996,10.00,INF,2.112E3,3.032E3,3.799E3,4.349E3,4.727E3,4.976E3,5.129E3,5.212E3,5.245E3,5.242E3,5.212E3,5.163E3,1.000,1.000,2.000,2.000,2.000,2.000,2.000,2.000,2.000,2.000,2.000,2.000,2.000,2.222E-12,47.35E-6,65.96E-6,78.97E-6,91.97E-6,105.8E-6,120.6E-6,136.5E-6,153.5E-6,171.6E-6,190.8E-6,211.1E-6,232.4E-6,0.000,14.60,14.89,14.40,13.78,13.14,12.52,11.93,11.37,10.84,10.34,9.871,9.428,0.000,40.92E-6,56.88E-6,64.41E-6,70.13E-6,75.19E-6,79.82E-6,84.08E-6,87.98E-6,91.51E-6,94.67E-6,97.43E-6,99.80E-6,0.000,691.2E-6,982.4E-6,1.138E-3,1.267E-3,1.390E-3,1.510E-3,1.628E-3,1.745E-3,1.860E-3,1.973E-3,2.083E-3,2.191E-3,776.1E-6,279.6E-6,138.8E-6,127.6E-6,133.5E-6,143.1E-6,153.7E-6,164.6E-6,175.7E-6,186.7E-6,197.6E-6,208.4E-6,219.1E-6,0.000,88.90E9,128.4E9,149.2E9,166.7E9,183.8E9,201.0E9,218.2E9,235.0E9,251.5E9,267.6E9,283.3E9,298.6E9,764.5E-18,760.0E-18,759.5E-18,759.4E-18,759.4E-18,759.4E-18,759.4E-18,759.4E-18,759.4E-18,759.4E-18,759.4E-18,759.4E-18,759.4E-18,677.7E-18,780.6E-18,780.0E-18,778.9E-18,778.5E-18,778.3E-18,778.2E-18,778.2E-18,778.1E-18,778.1E-18,778.1E-18,778.1E-18,778.1E-18,764.5E-18,731.0E-18,708.0E-18,688.1E-18,670.4E-18,654.3E-18,639.7E-18,626.3E-18,614.0E-18,602.6E-18,592.1E-18,582.3E-18,573.2E-18,677.7E-18,396.4E-18,375.8E-18,372.6E-18,368.8E-18,362.6E-18,354.9E-18,347.5E-18,341.5E-18,336.7E-18,333.0E-18,330.0E-18,327.6E-18,48.86E-18,60.60E-18,61.94E-18,62.11E-18,62.16E-18,62.17E-18,62.18E-18,62.18E-18,62.18E-18,62.19E-18,62.19E-18,62.19E-18,62.19E-18
500.0E-3,126.2E-3,127.2E-3,129.7E-3,132.6E-3,135.7E-3,138.8E-3,142.1E-3,145.4E-3,148.8E-3,152.2E-3,155.8E-3,159.4E-3,163.0E-3,0.000,1.763,5.685,8.236,9.192,9.578,9.762,9.863,9.925,9.967,9.994,10.01,10.01,INF,1.115E3,1.573E3,2.008E3,2.361E3,2.638E3,2.853E3,3.017E3,3.141E3,3.234E3,3.303E3,3.351E3,3.384E3,1.000,1.000,2.000,2.000,2.000,2.000,2.000,2.000,2.000,2.000,2.000,2.000,2.000,761.1E-15,89.68E-6,127.2E-6,149.4E-6,169.4E-6,189.5E-6,210.3E-6,232.0E-6,254.7E-6,278.3E-6,302.8E-6,328.2E-6,354.6E-6,0.000,11.13,11.51,11.25,10.80,10.33,9.875,9.436,9.020,8.628,8.257,7.908,7.579,0.000,59.35E-6,84.98E-6,95.38E-6,101.6E-6,106.3E-6,110.2E-6,113.5E-6,116.3E-6,118.6E-6,120.4E-6,121.8E-6,122.7E-6,0.000,998.0E-6,1.464E-3,1.680E-3,1.830E-3,1.958E-3,2.077E-3,2.189E-3,2.297E-3,2.401E-3,2.500E-3,2.596E-3,2.687E-3,1.369E-3,566.1E-6,257.6E-6,204.0E-6,199.1E-6,204.4E-6,212.8E-6,222.0E-6,231.5E-6,240.9E-6,250.2E-6,259.3E-6,268.3E-6,0.000,113.9E9,172.4E9,198.9E9,217.3E9,233.5E9,249.0E9,264.1E9,278.5E9,292.3E9,305.4E9,317.9E9,329.8E9,770.2E-18,765.8E-18,764.7E-18,764.6E-18,764.5E-18,764.5E-18,764.5E-18,764.5E-18,764.5E-18,764.5E-18,764.5E-18,764.5E-18,764.5E-18,760.4E-18,909.5E-18,919.6E-18,917.6E-18,916.7E-18,916.3E-18,916.1E-18,916.0E-18,915.9E-18,915.8E-18,915.8E-18,915.8E-18,915.8E-18,770.2E-18,737.1E-18,712.9E-18,692.8E-18,675.0E-18,659.0E-18,644.3E-18,630.9E-18,618.6E-18,607.3E-18,596.7E-18,586.9E-18,577.8E-18,760.4E-18,436.3E-18,380.5E-18,374.6E-18,371.2E-18,366.1E-18,358.9E-18,351.1E-18,344.3E-18,339.0E-18,334.8E-18,331.4E-18,328.7E-18,37.57E-18,48.86E-18,51.78E-18,52.22E-18,52.33E-18,52.37E-18,52.39E-18,52.40E-18,52.41E-18,52.41E-18,52.41E-18,52.42E-18,52.42E-18
550.0E-3,141.0E-3,142.2E-3,145.1E-3,148.5E-3,152.0E-3,155.5E-3,159.2E-3,162.9E-3,166.6E-3,170.5E-3,174.4E-3,178.3E-3,182.3E-3,0.000,1.275,4.349,7.296,8.713,9.331,9.626,9.786,9.881,9.943,9.982,10.01,10.01,INF,685.5,947.3,1.220E3,1.461E3,1.665E3,1.835E3,1.978E3,2.097E3,2.196E3,2.278E3,2.347E3,2.404E3,1.000,1.000,2.000,2.000,2.000,2.000,2.000,2.000,2.000,2.000,2.000,2.000,2.000,-1.586E-12,145.9E-6,211.1E-6,245.9E-6,273.8E-6,300.4E-6,326.9E-6,353.9E-6,381.6E-6,409.9E-6,439.0E-6,468.7E-6,499.2E-6,0.000,8.478,8.914,8.828,8.544,8.216,7.885,7.566,7.260,6.970,6.695,6.435,6.188,0.000,74.24E-6,109.9E-6,123.9E-6,130.5E-6,134.5E-6,137.3E-6,139.2E-6,140.5E-6,141.3E-6,141.6E-6,141.4E-6,140.8E-6,0.000,1.237E-3,1.882E-3,2.171E-3,2.340E-3,2.468E-3,2.578E-3,2.678E-3,2.770E-3,2.857E-3,2.939E-3,3.016E-3,3.089E-3,2.078E-3,969.8E-6,432.8E-6,297.6E-6,268.5E-6,264.5E-6,267.8E-6,273.6E-6,280.4E-6,287.4E-6,294.4E-6,301.4E-6,308.5E-6,0.000,129.2E9,205.4E9,239.1E9,258.6E9,273.7E9,287.2E9,300.0E9,312.0E9,323.2E9,333.6E9,343.3E9,352.4E9,774.0E-18,770.2E-18,768.6E-18,768.4E-18,768.3E-18,768.3E-18,768.2E-18,768.2E-18,768.2E-18,768.2E-18,768.2E-18,768.2E-18,768.2E-18,815.5E-18,987.8E-18,1.024E-15,1.023E-15,1.022E-15,1.021E-15,1.021E-15,1.021E-15,1.021E-15,1.020E-15,1.020E-15,1.020E-15,1.020E-15,774.0E-18,742.2E-18,716.9E-18,696.6E-18,678.8E-18,662.6E-18,648.0E-18,634.6E-18,622.3E-18,610.9E-18,600.4E-18,590.6E-18,581.5E-18,815.5E-18,496.8E-18,390.0E-18,377.4E-18,373.4E-18,369.1E-18,362.8E-18,355.0E-18,347.6E-18,341.5E-18,336.8E-18,333.0E-18,330.0E-18,30.03E-18,39.30E-18,43.67E-18,44.48E-18,44.70E-18,44.79E-18,44.82E-18,44.84E-18,44.85E-18,44.86E-18,44.86E-18,44.87E-18,44.87E-18
600.0E-3,158.2E-3,159.5E-3,162.8E-3,166.5E-3,170.4E-3,174.3E-3,178.3E-3,182.3E-3,186.4E-3,190.6E-3,194.8E-3,199.1E-3,203.4E-3,0.000,923.5E-3,3.242,6.194,8.040,8.949,9.403,9.649,9.794,9.886,9.945,9.981,9.997,INF,473.3,638.9,823.2,996.6,1.151E3,1.287E3,1.406E3,1.510E3,1.602E3,1.682E3,1.752E3,1.814E3,1.000,1.000,2.000,2.000,2.000,2.000,2.000,2.000,2.000,2.000,2.000,2.000,2.000,-5.300E-12,211.3E-6,313.0E-6,364.4E-6,401.4E-6,434.3E-6,466.1E-6,497.8E-6,529.6E-6,561.9E-6,594.6E-6,627.7E-6,661.4E-6,0.000,6.466,6.957,7.008,6.849,6.629,6.394,6.161,5.936,5.720,5.514,5.318,5.131,0.000,82.83E-6,127.9E-6,146.1E-6,153.6E-6,157.0E-6,158.6E-6,159.2E-6,159.1E-6,158.4E-6,157.2E-6,155.6E-6,153.6E-6,0.000,1.366E-3,2.178E-3,2.554E-3,2.749E-3,2.879E-3,2.980E-3,3.067E-3,3.144E-3,3.214E-3,3.279E-3,3.338E-3,3.394E-3,2.829E-3,1.479E-3,671.8E-6,412.3E-6,341.9E-6,321.7E-6,317.0E-6,317.9E-6,321.0E-6,325.1E-6,329.7E-6,334.5E-6,339.5E-6,0.000,133.9E9,224.7E9,266.9E9,288.6E9,303.2E9,315.1E9,325.9E9,335.8E9,344.9E9,353.2E9,360.6E9,367.5E9,776.5E-18,773.5E-18,771.6E-18,771.2E-18,771.1E-18,771.0E-18,771.0E-18,771.0E-18,771.0E-18,771.0E-18,771.0E-18,771.0E-18,771.0E-18,852.7E-18,1.027E-15,1.100E-15,1.103E-15,1.102E-15,1.101E-15,1.100E-15,1.100E-15,1.100E-15,1.100E-15,1.100E-15,1.099E-15,1.099E-15,776.5E-18,746.2E-18,720.3E-18,699.7E-18,681.7E-18,665.6E-18,650.9E-18,637.5E-18,625.2E-18,613.8E-18,603.3E-18,593.5E-18,584.4E-18,852.7E-18,564.2E-18,405.3E-18,381.6E-18,375.7E-18,371.7E-18,366.4E-18,359.0E-18,351.2E-18,344.4E-18,339.0E-18,334.8E-18,331.5E-18,24.85E-18,31.94E-18,37.11E-18,38.35E-18,38.70E-18,38.83E-18,38.89E-18,38.92E-18,38.94E-18,38.95E-18,38.96E-18,38.97E-18,38.97E-18
650.0E-3,177.4E-3,178.9E-3,182.4E-3,186.5E-3,190.7E-3,194.9E-3,199.2E-3,203.5E-3,207.9E-3,212.3E-3,216.8E-3,221.3E-3,225.9E-3,0.000,674.2E-3,2.391,5.056,7.192,8.416,9.072,9.437,9.654,9.790,9.878,9.933,9.962,INF,356.6,469.3,601.5,732.1,853.3,963.5,1.063E3,1.153E3,1.234E3,1.308E3,1.374E3,1.434E3,1.000,1.000,2.000,2.000,2.000,2.000,2.000,2.000,2.000,2.000,2.000,2.000,2.000,-11.13E-12,280.4E-6,426.2E-6,498.7E-6,546.4E-6,586.0E-6,622.7E-6,658.4E-6,693.8E-6,729.2E-6,764.8E-6,800.5E-6,836.6E-6,0.000,4.963,5.477,5.627,5.565,5.426,5.263,5.094,4.928,4.766,4.610,4.461,4.319,0.000,85.18E-6,137.6E-6,160.6E-6,169.5E-6,172.8E-6,173.7E-6,173.2E-6,171.9E-6,170.0E-6,167.7E-6,165.0E-6,162.0E-6,0.000,1.392E-3,2.334E-3,2.806E-3,3.041E-3,3.180E-3,3.277E-3,3.354E-3,3.419E-3,3.475E-3,3.526E-3,3.571E-3,3.613E-3,3.568E-3,2.064E-3,976.4E-6,555.0E-6,422.8E-6,377.8E-6,361.3E-6,355.4E-6,354.2E-6,355.0E-6,356.9E-6,359.5E-6,362.6E-6,0.000,130.5E9,230.7E9,282.1E9,307.4E9,322.5E9,333.4E9,342.8E9,351.2E9,358.8E9,365.4E9,371.3E9,376.6E9,778.3E-18,775.9E-18,774.0E-18,773.4E-18,773.2E-18,773.2E-18,773.1E-18,773.1E-18,773.1E-18,773.1E-18,773.1E-18,773.1E-18,773.1E-18,878.6E-18,1.043E-15,1.152E-15,1.162E-15,1.162E-15,1.161E-15,1.161E-15,1.160E-15,1.160E-15,1.160E-15,1.160E-15,1.160E-15,1.160E-15,778.3E-18,749.2E-18,723.2E-18,702.2E-18,684.2E-18,668.0E-18,653.3E-18,639.9E-18,627.5E-18,616.2E-18,605.6E-18,595.8E-18,586.7E-18,878.6E-18,627.4E-18,426.6E-18,387.5E-18,378.3E-18,374.1E-18,369.6E-18,363.1E-18,355.1E-18,347.7E-18,341.6E-18,336.8E-18,333.1E-18,21.15E-18,26.45E-18,31.78E-18,33.40E-18,33.90E-18,34.09E-18,34.18E-18,34.22E-18,34.25E-18,34.26E-18,34.27E-18,34.28E-18,34.29E-18
700.0E-3,198.4E-3,200.0E-3,203.8E-3,208.1E-3,212.6E-3,217.0E-3,221.6E-3,226.2E-3,230.8E-3,235.4E-3,240.1E-3,244.8E-3,249.6E-3,0.000,500.7E-3,1.766,4.007,6.229,7.736,8.622,9.137,9.449,9.647,9.775,9.858,9.907,INF,286.7,367.7,467.0,569.0,666.7,757.9,842.2,920.0,991.7,1.058E3,1.119E3,1.175E3,1.000,1.000,1.000,2.000,2.000,2.000,2.000,2.000,2.000,2.000,2.000,2.000,2.000,-20.23E-12,348.8E-6,543.9E-6,642.5E-6,703.0E-6,750.0E-6,791.7E-6,831.1E-6,869.6E-6,907.5E-6,945.3E-6,983.1E-6,1.021E-3,0.000,3.852,4.352,4.566,4.578,4.502,4.393,4.273,4.150,4.028,3.910,3.796,3.686,0.000,83.01E-6,139.8E-6,167.5E-6,178.6E-6,182.4E-6,182.9E-6,181.8E-6,179.8E-6,177.1E-6,174.0E-6,170.5E-6,166.8E-6,0.000,1.344E-3,2.367E-3,2.933E-3,3.218E-3,3.377E-3,3.478E-3,3.551E-3,3.608E-3,3.656E-3,3.696E-3,3.731E-3,3.763E-3,4.263E-3,2.683E-3,1.340E-3,732.1E-6,516.6E-6,436.5E-6,403.4E-6,388.6E-6,381.9E-6,379.0E-6,378.1E-6,378.5E-6,379.8E-6,0.000,122.1E9,226.3E9,286.2E9,316.3E9,333.0E9,344.0E9,352.5E9,359.9E9,366.5E9,372.2E9,377.0E9,381.3E9,779.6E-18,777.7E-18,775.8E-18,775.1E-18,774.9E-18,774.8E-18,774.8E-18,774.8E-18,774.8E-18,774.8E-18,774.7E-18,774.7E-18,774.7E-18,896.8E-18,1.047E-15,1.185E-15,1.206E-15,1.208E-15,1.207E-15,1.207E-15,1.206E-15,1.206E-15,1.206E-15,1.206E-15,1.206E-15,1.205E-15,779.6E-18,751.4E-18,725.5E-18,704.3E-18,686.1E-18,669.9E-18,655.2E-18,641.7E-18,629.4E-18,618.0E-18,607.5E-18,597.7E-18,588.6E-18,896.8E-18,681.7E-18,452.8E-18,395.6E-18,381.6E-18,376.3E-18,372.3E-18,366.7E-18,359.3E-18,351.3E-18,344.5E-18,339.1E-18,334.9E-18,18.39E-18,22.37E-18,27.43E-18,29.36E-18,30.00E-18,30.25E-18,30.37E-18,30.43E-18,30.46E-18,30.48E-18,30.50E-18,30.51E-18,30.51E-18
750.0E-3,220.9E-3,222.5E-3,226.6E-3,231.1E-3,235.8E-3,240.5E-3,245.2E-3,250.0E-3,254.8E-3,259.6E-3,264.5E-3,269.4E-3,274.3E-3,0.000,379.7E-3,1.319,3.122,5.244,6.939,8.053,8.742,9.172,9.448,9.631,9.751,9.826,INF,241.8,302.7,379.9,461.9,542.6,619.5,691.9,759.8,823.3,882.8,938.5,990.6,1.000,1.000,1.000,2.000,2.000,2.000,2.000,2.000,2.000,2.000,2.000,2.000,2.000,-34.37E-12,413.6E-6,660.7E-6,789.7E-6,866.0E-6,921.6E-6,968.6E-6,1.012E-3,1.053E-3,1.093E-3,1.133E-3,1.172E-3,1.211E-3,0.000,3.031,3.492,3.741,3.808,3.782,3.715,3.631,3.542,3.451,3.361,3.273,3.187,0.000,78.19E-6,136.5E-6,168.2E-6,181.9E-6,186.9E-6,187.7E-6,186.5E-6,184.1E-6,181.0E-6,177.4E-6,173.5E-6,169.4E-6,0.000,1.254E-3,2.307E-3,2.955E-3,3.298E-3,3.485E-3,3.598E-3,3.674E-3,3.729E-3,3.772E-3,3.807E-3,3.836E-3,3.861E-3,4.897E-3,3.301E-3,1.749E-3,946.5E-6,628.9E-6,502.2E-6,446.8E-6,420.3E-6,406.6E-6,399.2E-6,395.3E-6,393.4E-6,392.9E-6,0.000,111.5E9,214.9E9,281.7E9,317.2E9,336.5E9,348.4E9,356.8E9,363.7E9,369.7E9,374.9E9,379.2E9,382.9E9,780.6E-18,779.1E-18,777.3E-18,776.5E-18,776.2E-18,776.1E-18,776.1E-18,776.1E-18,776.1E-18,776.0E-18,776.0E-18,776.0E-18,776.0E-18,909.9E-18,1.044E-15,1.202E-15,1.238E-15,1.242E-15,1.243E-15,1.242E-15,1.242E-15,1.241E-15,1.241E-15,1.241E-15,1.241E-15,1.241E-15,780.6E-18,753.0E-18,727.4E-18,706.1E-18,687.7E-18,671.5E-18,656.7E-18,643.3E-18,630.9E-18,619.6E-18,609.0E-18,599.2E-18,590.1E-18,909.9E-18,726.3E-18,482.6E-18,405.8E-18,385.7E-18,378.7E-18,374.6E-18,369.9E-18,363.3E-18,355.3E-18,347.8E-18,341.7E-18,336.9E-18,16.28E-18,19.30E-18,23.88E-18,26.02E-18,26.79E-18,27.10E-18,27.25E-18,27.33E-18,27.37E-18,27.40E-18,27.41E-18,27.43E-18,27.43E-18
800.0E-3,244.6E-3,246.3E-3,250.5E-3,255.3E-3,260.1E-3,265.0E-3,269.9E-3,274.8E-3,279.8E-3,284.7E-3,289.7E-3,294.8E-3,299.8E-3,0.000,293.9E-3,1.001,2.420,4.320,6.082,7.383,8.250,8.816,9.188,9.438,9.607,9.717,INF,211.3,258.8,320.5,388.0,455.9,521.8,584.8,644.6,701.3,754.9,805.7,853.6,1.000,1.000,1.000,2.000,2.000,2.000,2.000,2.000,2.000,2.000,2.000,2.000,2.000,-56.29E-12,473.3E-6,772.9E-6,936.0E-6,1.031E-3,1.097E-3,1.150E-3,1.197E-3,1.241E-3,1.283E-3,1.325E-3,1.365E-3,1.406E-3,0.000,2.419,2.832,3.095,3.200,3.212,3.178,3.124,3.060,2.992,2.924,2.856,2.789,0.000,72.11E-6,129.9E-6,164.5E-6,181.0E-6,187.6E-6,189.2E-6,188.2E-6,185.8E-6,182.6E-6,178.9E-6,174.8E-6,170.5E-6,0.000,1.145E-3,2.189E-3,2.897E-3,3.299E-3,3.523E-3,3.655E-3,3.739E-3,3.797E-3,3.840E-3,3.873E-3,3.899E-3,3.921E-3,5.467E-3,3.895E-3,2.187E-3,1.197E-3,763.7E-6,579.2E-6,495.0E-6,453.2E-6,430.8E-6,417.9E-6,410.3E-6,405.9E-6,403.5E-6,0.000,100.2E9,199.7E9,271.2E9,312.0E9,334.7E9,348.2E9,357.2E9,364.0E9,369.8E9,374.9E9,379.0E9,382.4E9,781.4E-18,780.1E-18,778.4E-18,777.6E-18,777.3E-18,777.2E-18,777.1E-18,777.1E-18,777.1E-18,777.1E-18,777.1E-18,777.1E-18,777.1E-18,919.4E-18,1.039E-15,1.209E-15,1.259E-15,1.268E-15,1.269E-15,1.269E-15,1.269E-15,1.268E-15,1.268E-15,1.268E-15,1.268E-15,1.268E-15,781.4E-18,754.2E-18,728.9E-18,707.5E-18,689.1E-18,672.8E-18,658.0E-18,644.5E-18,632.2E-18,620.8E-18,610.3E-18,600.5E-18,591.3E-18,919.4E-18,762.3E-18,514.3E-18,418.1E-18,390.7E-18,381.3E-18,376.7E-18,372.6E-18,367.0E-18,359.5E-18,351.5E-18,344.6E-18,339.2E-18,14.61E-18,16.95E-18,20.97E-18,23.24E-18,24.12E-18,24.49E-18,24.67E-18,24.76E-18,24.81E-18,24.85E-18,24.87E-18,24.88E-18,24.89E-18
850.0E-3,269.3E-3,271.1E-3,275.4E-3,280.3E-3,285.3E-3,290.3E-3,295.4E-3,300.4E-3,305.5E-3,310.6E-3,315.7E-3,320.8E-3,325.9E-3,0.000,231.9E-3,773.3E-3,1.884,3.513,5.228,6.647,7.675,8.382,8.863,9.194,9.421,9.574,INF,189.6,227.7,278.3,334.9,393.0,450.2,505.7,558.9,609.8,658.4,704.7,748.9,1.000,1.000,1.000,2.000,2.000,2.000,2.000,2.000,2.000,2.000,2.000,2.000,2.000,-90.17E-12,527.4E-6,878.3E-6,1.078E-3,1.194E-3,1.272E-3,1.333E-3,1.384E-3,1.431E-3,1.476E-3,1.519E-3,1.561E-3,1.602E-3,0.000,1.956,2.322,2.585,2.715,2.756,2.748,2.717,2.673,2.623,2.571,2.519,2.466,0.000,65.66E-6,121.6E-6,158.1E-6,177.3E-6,185.8E-6,188.5E-6,188.1E-6,186.1E-6,183.0E-6,179.3E-6,175.3E-6,170.9E-6,0.000,1.032E-3,2.039E-3,2.786E-3,3.242E-3,3.506E-3,3.662E-3,3.761E-3,3.826E-3,3.872E-3,3.906E-3,3.932E-3,3.952E-3,5.972E-3,4.450E-3,2.637E-3,1.478E-3,922.9E-6,670.7E-6,551.0E-6,490.0E-6,456.5E-6,436.9E-6,424.8E-6,417.3E-6,412.8E-6,0.000,89.30E9,183.1E9,256.9E9,302.6E9,329.0E9,344.7E9,354.8E9,362.0E9,367.9E9,372.9E9,377.1E9,380.5E9,782.0E-18,780.9E-18,779.4E-18,778.5E-18,778.2E-18,778.1E-18,778.0E-18,778.0E-18,777.9E-18,777.9E-18,777.9E-18,777.9E-18,777.9E-18,926.2E-18,1.033E-15,1.207E-15,1.272E-15,1.287E-15,1.290E-15,1.290E-15,1.290E-15,1.289E-15,1.289E-15,1.289E-15,1.289E-15,1.288E-15,782.0E-18,755.1E-18,730.2E-18,708.7E-18,690.2E-18,673.8E-18,659.1E-18,645.6E-18,633.2E-18,621.8E-18,611.3E-18,601.5E-18,592.3E-18,926.2E-18,791.2E-18,546.7E-18,432.4E-18,396.7E-18,384.3E-18,378.7E-18,374.9E-18,370.2E-18,363.5E-18,355.5E-18,348.0E-18,341.8E-18,13.26E-18,15.11E-18,18.58E-18,20.89E-18,21.87E-18,22.30E-18,22.51E-18,22.62E-18,22.68E-18,22.72E-18,22.75E-18,22.76E-18,22.77E-18
900.0E-3,294.9E-3,296.7E-3,301.2E-3,306.2E-3,311.2E-3,316.4E-3,321.5E-3,326.7E-3,331.8E-3,337.0E-3,342.2E-3,347.4E-3,352.6E-3,0.000,186.0E-3,608.3E-3,1.481,2.843,4.428,5.886,7.038,7.878,8.474,8.894,9.190,9.395,INF,173.6,205.0,247.3,295.5,345.8,396.1,445.3,493.1,539.1,583.4,625.9,666.7,1.000,1.000,1.000,1.000,2.000,2.000,2.000,2.000,2.000,2.000,2.000,2.000,2.000,-142.4E-12,575.9E-6,975.8E-6,1.213E-3,1.354E-3,1.446E-3,1.515E-3,1.572E-3,1.622E-3,1.669E-3,1.714E-3,1.758E-3,1.800E-3,0.000,1.602,1.924,2.178,2.323,2.385,2.398,2.385,2.357,2.322,2.283,2.242,2.201,0.000,59.32E-6,112.7E-6,150.2E-6,171.8E-6,182.3E-6,186.4E-6,186.9E-6,185.4E-6,182.7E-6,179.2E-6,175.3E-6,171.1E-6,0.000,922.8E-6,1.877E-3,2.642E-3,3.144E-3,3.448E-3,3.633E-3,3.748E-3,3.824E-3,3.876E-3,3.914E-3,3.941E-3,3.962E-3,6.418E-3,4.961E-3,3.086E-3,1.784E-3,1.106E-3,778.7E-6,617.1E-6,532.6E-6,485.4E-6,457.5E-6,440.0E-6,428.9E-6,421.7E-6,0.000,79.23E9,166.4E9,240.7E9,290.4E9,320.5E9,338.7E9,350.3E9,358.3E9,364.4E9,369.6E9,374.0E9,377.6E9,782.5E-18,781.5E-18,780.2E-18,779.3E-18,778.9E-18,778.8E-18,778.7E-18,778.6E-18,778.6E-18,778.6E-18,778.6E-18,778.6E-18,778.6E-18,931.0E-18,1.026E-15,1.200E-15,1.279E-15,1.300E-15,1.304E-15,1.305E-15,1.305E-15,1.305E-15,1.305E-15,1.305E-15,1.304E-15,1.304E-15,782.5E-18,755.8E-18,731.3E-18,709.7E-18,691.2E-18,674.7E-18,659.9E-18,646.4E-18,634.1E-18,622.7E-18,612.1E-18,602.3E-18,593.2E-18,931.0E-18,814.3E-18,578.4E-18,448.4E-18,403.7E-18,387.8E-18,380.9E-18,376.8E-18,372.9E-18,367.3E-18,359.7E-18,351.7E-18,344.7E-18,12.15E-18,13.63E-18,16.60E-18,18.89E-18,19.96E-18,20.45E-18,20.68E-18,20.81E-18,20.88E-18,20.93E-18,20.96E-18,20.98E-18,20.99E-18
950.0E-3,321.1E-3,323.0E-3,327.5E-3,332.6E-3,337.8E-3,343.0E-3,348.2E-3,353.4E-3,358.7E-3,363.9E-3,369.2E-3,374.5E-3,379.8E-3,0.000,151.5E-3,486.6E-3,1.179,2.303,3.717,5.143,6.366,7.319,8.025,8.540,8.912,9.177,INF,161.5,187.8,223.7,265.3,309.4,354.0,398.2,441.3,483.2,523.7,562.9,600.7,1.000,1.000,1.000,1.000,2.000,2.000,2.000,2.000,2.000,2.000,2.000,2.000,2.000,-222.9E-12,619.2E-6,1.065E-3,1.341E-3,1.508E-3,1.616E-3,1.695E-3,1.758E-3,1.813E-3,1.863E-3,1.909E-3,1.954E-3,1.998E-3,0.000,1.327,1.610,1.850,2.002,2.079,2.109,2.110,2.095,2.072,2.044,2.013,1.980,0.000,53.35E-6,103.8E-6,141.8E-6,165.3E-6,177.9E-6,183.5E-6,185.0E-6,184.2E-6,182.0E-6,178.9E-6,175.2E-6,171.2E-6,0.000,822.0E-6,1.715E-3,2.481E-3,3.018E-3,3.360E-3,3.574E-3,3.710E-3,3.799E-3,3.859E-3,3.902E-3,3.933E-3,3.955E-3,6.811E-3,5.427E-3,3.525E-3,2.105E-3,1.311E-3,904.0E-6,694.9E-6,582.7E-6,519.0E-6,480.9E-6,456.9E-6,441.3E-6,431.0E-6,0.000,70.17E9,150.6E9,223.9E9,276.3E9,309.9E9,330.8E9,344.2E9,353.2E9,359.9E9,365.3E9,370.0E9,373.9E9,782.9E-18,782.0E-18,780.8E-18,779.9E-18,779.5E-18,779.4E-18,779.3E-18,779.2E-18,779.2E-18,779.2E-18,779.2E-18,779.1E-18,779.1E-18,934.4E-18,1.019E-15,1.189E-15,1.281E-15,1.308E-15,1.315E-15,1.317E-15,1.317E-15,1.317E-15,1.317E-15,1.317E-15,1.316E-15,1.316E-15,782.9E-18,756.4E-18,732.1E-18,710.6E-18,692.0E-18,675.5E-18,660.7E-18,647.2E-18,634.8E-18,623.4E-18,612.8E-18,603.0E-18,593.9E-18,934.4E-18,832.8E-18,608.9E-18,466.0E-18,411.8E-18,391.8E-18,383.2E-18,378.7E-18,375.0E-18,370.4E-18,363.7E-18,355.7E-18,348.1E-18,11.23E-18,12.43E-18,14.97E-18,17.19E-18,18.32E-18,18.86E-18,19.13E-18,19.27E-18,19.36E-18,19.41E-18,19.44E-18,19.47E-18,19.48E-18
1.000,347.9E-3,349.7E-3,354.3E-3,359.5E-3,364.8E-3,370.1E-3,375.3E-3,380.6E-3,386.0E-3,391.3E-3,396.6E-3,402.0E-3,407.3E-3,0.000,124.9E-3,395.2E-3,950.4E-3,1.875,3.107,4.449,5.691,6.724,7.528,8.135,8.586,8.917,INF,152.0,174.4,205.4,241.8,280.7,320.6,360.5,399.7,438.1,475.4,511.6,546.8,1.000,1.000,1.000,1.000,2.000,2.000,2.000,2.000,2.000,2.000,2.000,2.000,2.000,-346.6E-12,657.7E-6,1.147E-3,1.460E-3,1.654E-3,1.781E-3,1.871E-3,1.942E-3,2.001E-3,2.054E-3,2.104E-3,2.150E-3,2.195E-3,0.000,1.111,1.360,1.584,1.738,1.825,1.867,1.880,1.876,1.862,1.842,1.819,1.793,0.000,47.83E-6,95.32E-6,133.3E-6,158.5E-6,172.9E-6,180.1E-6,182.8E-6,182.8E-6,181.2E-6,178.5E-6,175.2E-6,171.4E-6,0.000,730.7E-6,1.560E-3,2.314E-3,2.875E-3,3.250E-3,3.493E-3,3.650E-3,3.754E-3,3.825E-3,3.874E-3,3.910E-3,3.935E-3,7.156E-3,5.850E-3,3.946E-3,2.434E-3,1.533E-3,1.046E-3,785.2E-6,641.3E-6,558.3E-6,508.1E-6,476.2E-6,455.3E-6,441.3E-6,0.000,62.13E9,135.8E9,207.1E9,261.4E9,298.0E9,321.6E9,336.9E9,347.2E9,354.6E9,360.4E9,365.3E9,369.5E9,783.2E-18,782.4E-18,781.3E-18,780.5E-18,780.0E-18,779.8E-18,779.7E-18,779.7E-18,779.7E-18,779.6E-18,779.6E-18,779.6E-18,779.6E-18,936.5E-18,1.013E-15,1.176E-15,1.278E-15,1.312E-15,1.322E-15,1.325E-15,1.326E-15,1.326E-15,1.326E-15,1.326E-15,1.325E-15,1.325E-15,783.2E-18,756.9E-18,732.8E-18,711.3E-18,692.7E-18,676.1E-18,661.3E-18,647.8E-18,635.4E-18,624.0E-18,613.4E-18,603.6E-18,594.4E-18,936.5E-18,847.7E-18,637.5E-18,484.7E-18,421.0E-18,396.4E-18,385.9E-18,380.5E-18,376.9E-18,373.0E-18,367.4E-18,359.8E-18,351.8E-18,10.44E-18,11.43E-18,13.60E-18,15.72E-18,16.91E-18,17.49E-18,17.79E-18,17.96E-18,18.05E-18,18.11E-18,18.15E-18,18.18E-18,18.20E-18
1.050,375.1E-3,377.0E-3,381.6E-3,386.9E-3,392.2E-3,397.5E-3,402.9E-3,408.2E-3,413.6E-3,419.0E-3,424.4E-3,429.7E-3,435.1E-3,0.000,104.2E-3,325.3E-3,776.0E-3,1.538,2.597,3.823,5.039,6.114,6.996,7.687,8.218,8.617,INF,144.5,163.9,190.9,223.0,257.7,293.7,329.8,365.7,401.0,435.5,469.2,502.0,1.000,1.000,1.000,1.000,2.000,2.000,2.000,2.000,2.000,2.000,2.000,2.000,2.000,-536.7E-12,691.9E-6,1.220E-3,1.571E-3,1.794E-3,1.940E-3,2.043E-3,2.122E-3,2.187E-3,2.244E-3,2.296E-3,2.344E-3,2.390E-3,0.000,938.2E-3,1.159,1.367,1.517,1.611,1.662,1.684,1.689,1.682,1.670,1.653,1.633,0.000,42.78E-6,87.36E-6,125.1E-6,151.5E-6,167.6E-6,176.4E-6,180.4E-6,181.3E-6,180.4E-6,178.2E-6,175.3E-6,171.8E-6,0.000,649.1E-6,1.414E-3,2.147E-3,2.722E-3,3.125E-3,3.395E-3,3.574E-3,3.694E-3,3.776E-3,3.833E-3,3.874E-3,3.904E-3,7.461E-3,6.232E-3,4.347E-3,2.767E-3,1.770E-3,1.203E-3,888.0E-6,709.2E-6,604.1E-6,539.7E-6,498.6E-6,471.5E-6,453.1E-6,0.000,55.05E9,122.5E9,190.9E9,246.1E9,285.1E9,311.2E9,328.5E9,340.2E9,348.5E9,354.8E9,360.0E9,364.5E9,783.5E-18,782.8E-18,781.8E-18,780.9E-18,780.5E-18,780.3E-18,780.1E-18,780.1E-18,780.0E-18,780.0E-18,780.0E-18,780.0E-18,780.0E-18,937.8E-18,1.006E-15,1.162E-15,1.272E-15,1.313E-15,1.327E-15,1.331E-15,1.332E-15,1.332E-15,1.332E-15,1.332E-15,1.332E-15,1.332E-15,783.5E-18,757.3E-18,733.4E-18,712.0E-18,693.2E-18,676.7E-18,661.8E-18,648.2E-18,635.9E-18,624.4E-18,613.9E-18,604.1E-18,594.9E-18,937.8E-18,859.6E-18,664.0E-18,504.3E-18,431.2E-18,401.6E-18,388.8E-18,382.5E-18,378.6E-18,375.2E-18,370.6E-18,363.9E-18,355.8E-18,9.761E-18,10.59E-18,12.45E-18,14.45E-18,15.68E-18,16.31E-18,16.64E-18,16.82E-18,16.93E-18,17.00E-18,17.04E-18,17.07E-18,17.09E-18
1.100,402.6E-3,404.6E-3,409.3E-3,414.6E-3,419.9E-3,425.3E-3,430.7E-3,436.1E-3,441.5E-3,447.0E-3,452.4E-3,457.8E-3,463.3E-3,0.000,87.71E-3,271.1E-3,641.2E-3,1.273,2.177,3.275,4.430,5.512,6.445,7.207,7.811,8.278,INF,138.5,155.4,179.2,207.7,238.9,271.5,304.6,337.6,370.2,402.2,433.6,464.3,1.000,1.000,1.000,1.000,1.000,2.000,2.000,2.000,2.000,2.000,2.000,2.000,2.000,-828.5E-12,722.3E-6,1.287E-3,1.674E-3,1.926E-3,2.093E-3,2.210E-3,2.298E-3,2.370E-3,2.431E-3,2.486E-3,2.537E-3,2.584E-3,0.000,798.6E-3,994.8E-3,1.186,1.333,1.429,1.486,1.516,1.528,1.528,1.521,1.509,1.495,0.000,38.20E-6,79.96E-6,117.2E-6,144.7E-6,162.4E-6,172.7E-6,177.9E-6,179.8E-6,179.6E-6,178.0E-6,175.6E-6,172.5E-6,0.000,576.8E-6,1.281E-3,1.986E-3,2.567E-3,2.991E-3,3.284E-3,3.484E-3,3.620E-3,3.714E-3,3.781E-3,3.828E-3,3.862E-3,7.728E-3,6.576E-3,4.724E-3,3.098E-3,2.016E-3,1.374E-3,1.003E-3,786.4E-6,656.8E-6,576.3E-6,524.6E-6,490.1E-6,466.6E-6,0.000,48.84E9,110.4E9,175.6E9,230.9E9,271.8E9,300.1E9,319.3E9,332.5E9,341.8E9,348.7E9,354.2E9,359.0E9,783.8E-18,783.1E-18,782.2E-18,781.3E-18,780.9E-18,780.6E-18,780.5E-18,780.4E-18,780.4E-18,780.3E-18,780.3E-18,780.3E-18,780.3E-18,938.4E-18,1.000E-15,1.147E-15,1.263E-15,1.312E-15,1.329E-15,1.334E-15,1.336E-15,1.337E-15,1.337E-15,1.336E-15,1.336E-15,1.336E-15,783.8E-18,757.6E-18,733.9E-18,712.5E-18,693.7E-18,677.1E-18,662.2E-18,648.7E-18,636.3E-18,624.8E-18,614.3E-18,604.4E-18,595.3E-18,938.4E-18,869.1E-18,688.2E-18,524.4E-18,442.5E-18,407.5E-18,392.1E-18,384.5E-18,380.2E-18,376.9E-18,373.2E-18,367.6E-18,360.0E-18,9.173E-18,9.870E-18,11.47E-18,13.35E-18,14.60E-18,15.28E-18,15.64E-18,15.84E-18,15.96E-18,16.04E-18,16.09E-18,16.12E-18,16.14E-18
1.150,430.5E-3,432.5E-3,437.2E-3,442.6E-3,448.0E-3,453.4E-3,458.9E-3,464.3E-3,469.8E-3,475.2E-3,480.7E-3,486.1E-3,491.6E-3,0.000,74.48E-3,228.2E-3,535.5E-3,1.063,1.833,2.804,3.877,4.935,5.892,6.707,7.374,7.905,INF,133.5,148.4,169.6,195.1,223.4,253.1,283.4,313.9,344.2,374.1,403.5,432.3,1.000,1.000,1.000,1.000,1.000,2.000,2.000,2.000,2.000,2.000,2.000,2.000,2.000,-1.277E-9,749.2E-6,1.348E-3,1.769E-3,2.050E-3,2.238E-3,2.371E-3,2.470E-3,2.549E-3,2.615E-3,2.673E-3,2.726E-3,2.776E-3,0.000,684.5E-3,859.7E-3,1.036,1.176,1.274,1.335,1.370,1.387,1.393,1.391,1.384,1.373,0.000,34.03E-6,73.10E-6,109.7E-6,138.0E-6,157.2E-6,168.9E-6,175.4E-6,178.4E-6,179.0E-6,178.0E-6,176.0E-6,173.3E-6,0.000,512.9E-6,1.159E-3,1.833E-3,2.412E-3,2.850E-3,3.164E-3,3.383E-3,3.536E-3,3.642E-3,3.718E-3,3.772E-3,3.812E-3,7.965E-3,6.886E-3,5.078E-3,3.423E-3,2.269E-3,1.555E-3,1.128E-3,872.7E-6,716.5E-6,618.2E-6,554.4E-6,511.6E-6,482.2E-6,0.000,43.40E9,99.56E9,161.3E9,216.1E9,258.2E9,288.4E9,309.5E9,324.1E9,334.5E9,342.1E9,348.0E9,353.1E9,784.0E-18,783.3E-18,782.5E-18,781.7E-18,781.2E-18,780.9E-18,780.8E-18,780.7E-18,780.6E-18,780.6E-18,780.6E-18,780.6E-18,780.6E-18,938.4E-18,994.8E-18,1.132E-15,1.252E-15,1.308E-15,1.328E-15,1.336E-15,1.338E-15,1.339E-15,1.339E-15,1.339E-15,1.339E-15,1.339E-15,784.0E-18,757.9E-18,734.3E-18,713.0E-18,694.2E-18,677.5E-18,662.6E-18,649.0E-18,636.6E-18,625.2E-18,614.6E-18,604.8E-18,595.6E-18,938.4E-18,876.8E-18,710.0E-18,544.7E-18,454.6E-18,414.2E-18,395.8E-18,386.8E-18,381.9E-18,378.5E-18,375.2E-18,370.7E-18,364.0E-18,8.658E-18,9.252E-18,10.64E-18,12.39E-18,13.65E-18,14.37E-18,14.76E-18,14.98E-18,15.12E-18,15.20E-18,15.26E-18,15.30E-18,15.32E-18
1.200,458.7E-3,460.7E-3,465.5E-3,470.8E-3,476.3E-3,481.7E-3,487.2E-3,492.7E-3,498.2E-3,503.7E-3,509.2E-3,514.7E-3,520.2E-3,0.000,63.70E-3,193.9E-3,451.7E-3,895.2E-3,1.552,2.405,3.384,4.395,5.351,6.199,6.916,7.505,INF,129.3,142.6,161.6,184.7,210.4,237.6,265.6,293.8,322.0,350.0,377.6,404.7,1.000,1.000,1.000,1.000,1.000,2.000,2.000,2.000,2.000,2.000,2.000,2.000,2.000,-1.965E-9,773.2E-6,1.403E-3,1.857E-3,2.166E-3,2.377E-3,2.525E-3,2.636E-3,2.723E-3,2.795E-3,2.857E-3,2.913E-3,2.965E-3,0.000,590.3E-3,747.5E-3,909.5E-3,1.043,1.139,1.203,1.242,1.264,1.274,1.276,1.273,1.266,0.000,30.24E-6,66.76E-6,102.7E-6,131.7E-6,152.1E-6,165.2E-6,173.0E-6,177.0E-6,178.4E-6,178.1E-6,176.7E-6,174.4E-6,0.000,456.4E-6,1.048E-3,1.689E-3,2.260E-3,2.708E-3,3.039E-3,3.275E-3,3.442E-3,3.561E-3,3.647E-3,3.708E-3,3.753E-3,8.174E-3,7.166E-3,5.408E-3,3.739E-3,2.525E-3,1.745E-3,1.264E-3,967.7E-6,783.2E-6,665.5E-6,588.3E-6,536.1E-6,500.1E-6,0.000,38.62E9,89.86E9,148.0E9,201.9E9,244.7E9,276.4E9,299.1E9,315.2E9,326.7E9,335.1E9,341.4E9,346.7E9,784.2E-18,783.5E-18,782.7E-18,782.0E-18,781.4E-18,781.2E-18,781.0E-18,780.9E-18,780.9E-18,780.8E-18,780.8E-18,780.8E-18,780.8E-18,937.9E-18,989.4E-18,1.117E-15,1.239E-15,1.301E-15,1.326E-15,1.336E-15,1.339E-15,1.340E-15,1.341E-15,1.341E-15,1.341E-15,1.340E-15,784.2E-18,758.1E-18,734.6E-18,713.4E-18,694.6E-18,677.9E-18,662.9E-18,649.3E-18,636.9E-18,625.4E-18,614.8E-18,605.0E-18,595.9E-18,937.9E-18,882.8E-18,729.7E-18,565.0E-18,467.5E-18,421.5E-18,400.0E-18,389.4E-18,383.6E-18,380.0E-18,376.9E-18,373.3E-18,367.7E-18,8.202E-18,8.713E-18,9.916E-18,11.55E-18,12.81E-18,13.56E-18,13.99E-18,14.24E-18,14.39E-18,14.48E-18,14.54E-18,14.59E-18,14.62E-18
