vsg ,M0:vearly vsd 0  (V),M0:vearly vsd 0.1  (V),M0:vearly vsd 0.2  (V),M0:vearly vsd 0.3  (V),M0:vearly vsd 0.4  (V),M0:vearly vsd 0.5  (V),M0:vearly vsd 0.6  (V),M0:vearly vsd 0.7  (V),M0:vearly vsd 0.8  (V),M0:vearly vsd 0.9  (V),M0:vearly vsd 1  (V),M0:vearly vsd 1.1  (V),M0:vearly vsd 1.2  (V),M0:vdsat vsd 0 ,M0:vdsat vsd 0.1 ,M0:vdsat vsd 0.2 ,M0:vdsat vsd 0.3 ,M0:vdsat vsd 0.4 ,M0:vdsat vsd 0.5 ,M0:vdsat vsd 0.6 ,M0:vdsat vsd 0.7 ,M0:vdsat vsd 0.8 ,M0:vdsat vsd 0.9 ,M0:vdsat vsd 1 ,M0:vdsat vsd 1.1 ,M0:vdsat vsd 1.2 ,M0:self_gain vsd 0 ,M0:self_gain vsd 0.1 ,M0:self_gain vsd 0.2 ,M0:self_gain vsd 0.3 ,M0:self_gain vsd 0.4 ,M0:self_gain vsd 0.5 ,M0:self_gain vsd 0.6 ,M0:self_gain vsd 0.7 ,M0:self_gain vsd 0.8 ,M0:self_gain vsd 0.9 ,M0:self_gain vsd 1 ,M0:self_gain vsd 1.1 ,M0:self_gain vsd 1.2 ,M0:id vsd 0 ,M0:id vsd 0.1 ,M0:id vsd 0.2 ,M0:id vsd 0.3 ,M0:id vsd 0.4 ,M0:id vsd 0.5 ,M0:id vsd 0.6 ,M0:id vsd 0.7 ,M0:id vsd 0.8 ,M0:id vsd 0.9 ,M0:id vsd 1 ,M0:id vsd 1.1 ,M0:id vsd 1.2 ,M0:region vsd 0 ,M0:region vsd 0.1 ,M0:region vsd 0.2 ,M0:region vsd 0.3 ,M0:region vsd 0.4 ,M0:region vsd 0.5 ,M0:region vsd 0.6 ,M0:region vsd 0.7 ,M0:region vsd 0.8 ,M0:region vsd 0.9 ,M0:region vsd 1 ,M0:region vsd 1.1 ,M0:region vsd 1.2 ,M0:gmoverid vsd 0 ,M0:gmoverid vsd 0.1 ,M0:gmoverid vsd 0.2 ,M0:gmoverid vsd 0.3 ,M0:gmoverid vsd 0.4 ,M0:gmoverid vsd 0.5 ,M0:gmoverid vsd 0.6 ,M0:gmoverid vsd 0.7 ,M0:gmoverid vsd 0.8 ,M0:gmoverid vsd 0.9 ,M0:gmoverid vsd 1 ,M0:gmoverid vsd 1.1 ,M0:gmoverid vsd 1.2 ,M0:gm vsd 0 ,M0:gm vsd 0.1 ,M0:gm vsd 0.2 ,M0:gm vsd 0.3 ,M0:gm vsd 0.4 ,M0:gm vsd 0.5 ,M0:gm vsd 0.6 ,M0:gm vsd 0.7 ,M0:gm vsd 0.8 ,M0:gm vsd 0.9 ,M0:gm vsd 1 ,M0:gm vsd 1.1 ,M0:gm vsd 1.2 ,M0:gmbs vsd 0 ,M0:gmbs vsd 0.1 ,M0:gmbs vsd 0.2 ,M0:gmbs vsd 0.3 ,M0:gmbs vsd 0.4 ,M0:gmbs vsd 0.5 ,M0:gmbs vsd 0.6 ,M0:gmbs vsd 0.7 ,M0:gmbs vsd 0.8 ,M0:gmbs vsd 0.9 ,M0:gmbs vsd 1 ,M0:gmbs vsd 1.1 ,M0:gmbs vsd 1.2 ,M0:gds vsd 0 ,M0:gds vsd 0.1 ,M0:gds vsd 0.2 ,M0:gds vsd 0.3 ,M0:gds vsd 0.4 ,M0:gds vsd 0.5 ,M0:gds vsd 0.6 ,M0:gds vsd 0.7 ,M0:gds vsd 0.8 ,M0:gds vsd 0.9 ,M0:gds vsd 1 ,M0:gds vsd 1.1 ,M0:gds vsd 1.2 ,M0:ft vsd 0 ,M0:ft vsd 0.1 ,M0:ft vsd 0.2 ,M0:ft vsd 0.3 ,M0:ft vsd 0.4 ,M0:ft vsd 0.5 ,M0:ft vsd 0.6 ,M0:ft vsd 0.7 ,M0:ft vsd 0.8 ,M0:ft vsd 0.9 ,M0:ft vsd 1 ,M0:ft vsd 1.1 ,M0:ft vsd 1.2 ,M0:csb vsd 0 ,M0:csb vsd 0.1 ,M0:csb vsd 0.2 ,M0:csb vsd 0.3 ,M0:csb vsd 0.4 ,M0:csb vsd 0.5 ,M0:csb vsd 0.6 ,M0:csb vsd 0.7 ,M0:csb vsd 0.8 ,M0:csb vsd 0.9 ,M0:csb vsd 1 ,M0:csb vsd 1.1 ,M0:csb vsd 1.2 ,M0:cgs vsd 0 ,M0:cgs vsd 0.1 ,M0:cgs vsd 0.2 ,M0:cgs vsd 0.3 ,M0:cgs vsd 0.4 ,M0:cgs vsd 0.5 ,M0:cgs vsd 0.6 ,M0:cgs vsd 0.7 ,M0:cgs vsd 0.8 ,M0:cgs vsd 0.9 ,M0:cgs vsd 1 ,M0:cgs vsd 1.1 ,M0:cgs vsd 1.2 ,M0:cgd vsd 0 ,M0:cgd vsd 0.1 ,M0:cgd vsd 0.2 ,M0:cgd vsd 0.3 ,M0:cgd vsd 0.4 ,M0:cgd vsd 0.5 ,M0:cgd vsd 0.6 ,M0:cgd vsd 0.7 ,M0:cgd vsd 0.8 ,M0:cgd vsd 0.9 ,M0:cgd vsd 1 ,M0:cgd vsd 1.1 ,M0:cgd vsd 1.2 ,M0:cdb vsd 0 ,M0:cdb vsd 0.1 ,M0:cdb vsd 0.2 ,M0:cdb vsd 0.3 ,M0:cdb vsd 0.4 ,M0:cdb vsd 0.5 ,M0:cdb vsd 0.6 ,M0:cdb vsd 0.7 ,M0:cdb vsd 0.8 ,M0:cdb vsd 0.9 ,M0:cdb vsd 1 ,M0:cdb vsd 1.1 ,M0:cdb vsd 1.2 
0.000,0.000,336.9E-3,557.4E-3,597.7E-3,619.7E-3,633.5E-3,642.8E-3,649.4E-3,654.3E-3,658.1E-3,661.1E-3,663.5E-3,665.4E-3,-83.34E-3,-83.40E-3,-83.42E-3,-83.43E-3,-83.44E-3,-83.45E-3,-83.46E-3,-83.47E-3,-83.48E-3,-83.49E-3,-83.50E-3,-83.51E-3,-83.51E-3,0.000,9.975,16.51,17.70,18.36,18.78,19.06,19.27,19.42,19.54,19.64,19.71,19.78,-342.7E-15,-46.55E-12,-58.18E-12,-70.49E-12,-85.07E-12,-102.6E-12,-124.0E-12,-150.0E-12,-181.8E-12,-221.5E-12,-274.7E-12,-356.6E-12,-502.8E-12,0.000,0.000,0.000,0.000,0.000,0.000,0.000,0.000,0.000,0.000,0.000,0.000,0.000,0.000,29.61,29.61,29.62,29.63,29.65,29.66,29.67,29.68,29.69,29.70,29.71,29.73,0.000,1.349E-9,1.662E-9,1.975E-9,2.329E-9,2.732E-9,3.197E-9,3.733E-9,4.354E-9,5.072E-9,5.905E-9,6.870E-9,7.989E-9,0.000,151.6E-12,183.8E-12,215.0E-12,249.4E-12,287.8E-12,331.1E-12,380.1E-12,435.7E-12,498.7E-12,570.3E-12,651.5E-12,743.8E-12,1.122E-9,135.3E-12,100.7E-12,111.6E-12,126.8E-12,145.5E-12,167.7E-12,193.8E-12,224.2E-12,259.6E-12,300.7E-12,348.5E-12,403.9E-12,0.000,197.6E3,245.7E3,294.2E3,348.9E3,411.4E3,483.2E3,566.0E3,661.9E3,772.8E3,901.5E3,1.051E6,1.223E6,860.8E-18,860.8E-18,860.8E-18,860.8E-18,860.8E-18,860.8E-18,860.8E-18,860.8E-18,860.8E-18,860.8E-18,860.8E-18,860.8E-18,860.8E-18,413.3E-18,413.3E-18,413.3E-18,413.3E-18,413.3E-18,413.3E-18,413.3E-18,413.3E-18,413.3E-18,413.3E-18,413.3E-18,413.3E-18,413.3E-18,413.3E-18,402.7E-18,392.7E-18,384.6E-18,378.2E-18,373.2E-18,369.2E-18,365.8E-18,363.1E-18,360.7E-18,358.7E-18,356.9E-18,355.3E-18,860.8E-18,806.4E-18,761.7E-18,724.3E-18,692.4E-18,664.9E-18,641.0E-18,619.9E-18,601.2E-18,584.5E-18,569.5E-18,555.9E-18,543.6E-18
50.00E-3,0.000,337.0E-3,556.0E-3,595.7E-3,617.5E-3,631.3E-3,640.5E-3,647.1E-3,652.0E-3,655.8E-3,658.8E-3,661.2E-3,663.1E-3,-83.42E-3,-83.48E-3,-83.50E-3,-83.51E-3,-83.52E-3,-83.53E-3,-83.54E-3,-83.54E-3,-83.55E-3,-83.56E-3,-83.57E-3,-83.58E-3,-83.59E-3,0.000,10.02,16.54,17.73,18.38,18.80,19.08,19.28,19.43,19.55,19.65,19.73,19.79,-341.8E-15,-201.9E-12,-249.5E-12,-298.0E-12,-353.3E-12,-417.4E-12,-492.3E-12,-580.1E-12,-683.4E-12,-805.2E-12,-950.8E-12,-1.132E-9,-1.375E-9,0.000,0.000,0.000,0.000,0.000,0.000,0.000,0.000,0.000,0.000,0.000,0.000,0.000,0.000,29.74,29.75,29.76,29.77,29.78,29.79,29.80,29.81,29.82,29.83,29.84,29.85,0.000,5.977E-9,7.363E-9,8.756E-9,10.33E-9,12.12E-9,14.19E-9,16.58E-9,19.35E-9,22.55E-9,26.27E-9,30.57E-9,35.57E-9,0.000,652.4E-12,791.3E-12,926.1E-12,1.075E-9,1.241E-9,1.428E-9,1.640E-9,1.881E-9,2.154E-9,2.464E-9,2.817E-9,3.217E-9,4.952E-9,596.2E-12,445.2E-12,494.0E-12,561.8E-12,645.0E-12,743.9E-12,860.0E-12,995.5E-12,1.153E-9,1.337E-9,1.550E-9,1.797E-9,0.000,873.3E3,1.086E6,1.303E6,1.547E6,1.826E6,2.146E6,2.517E6,2.945E6,3.441E6,4.016E6,4.683E6,5.457E6,860.8E-18,860.8E-18,860.8E-18,860.8E-18,860.8E-18,860.8E-18,860.8E-18,860.8E-18,860.8E-18,860.8E-18,860.8E-18,860.8E-18,860.8E-18,417.9E-18,418.0E-18,418.0E-18,418.0E-18,418.0E-18,418.0E-18,418.0E-18,418.0E-18,418.0E-18,418.0E-18,418.0E-18,418.0E-18,418.0E-18,417.9E-18,408.1E-18,397.5E-18,388.4E-18,381.2E-18,375.6E-18,371.1E-18,367.4E-18,364.4E-18,361.8E-18,359.6E-18,357.7E-18,356.1E-18,860.8E-18,806.4E-18,761.7E-18,724.3E-18,692.4E-18,664.9E-18,641.0E-18,619.9E-18,601.2E-18,584.5E-18,569.5E-18,555.9E-18,543.6E-18
100.0E-3,0.000,337.2E-3,554.8E-3,594.0E-3,615.7E-3,629.3E-3,638.5E-3,645.1E-3,650.0E-3,653.8E-3,656.8E-3,659.2E-3,661.1E-3,-83.50E-3,-83.56E-3,-83.57E-3,-83.58E-3,-83.59E-3,-83.60E-3,-83.61E-3,-83.62E-3,-83.63E-3,-83.64E-3,-83.65E-3,-83.66E-3,-83.67E-3,0.000,10.07,16.57,17.74,18.40,18.81,19.09,19.29,19.45,19.57,19.66,19.74,19.80,-333.7E-15,-892.8E-12,-1.101E-9,-1.310E-9,-1.548E-9,-1.820E-9,-2.134E-9,-2.499E-9,-2.923E-9,-3.416E-9,-3.991E-9,-4.664E-9,-5.467E-9,0.000,0.000,0.000,0.000,0.000,0.000,0.000,0.000,0.000,0.000,0.000,0.000,0.000,0.000,29.86,29.87,29.87,29.88,29.89,29.90,29.91,29.92,29.93,29.94,29.94,29.95,0.000,26.63E-9,32.81E-9,39.04E-9,46.06E-9,54.10E-9,63.36E-9,74.06E-9,86.45E-9,100.8E-9,117.5E-9,136.8E-9,159.2E-9,0.000,2.836E-9,3.440E-9,4.028E-9,4.675E-9,5.401E-9,6.219E-9,7.146E-9,8.198E-9,9.393E-9,10.75E-9,12.29E-9,14.04E-9,22.00E-9,2.645E-9,1.980E-9,2.200E-9,2.504E-9,2.876E-9,3.318E-9,3.838E-9,4.445E-9,5.152E-9,5.974E-9,6.929E-9,8.038E-9,0.000,3.883E6,4.831E6,5.800E6,6.896E6,8.149E6,9.589E6,11.25E6,13.18E6,15.41E6,17.99E6,20.99E6,24.47E6,860.8E-18,860.8E-18,860.8E-18,860.8E-18,860.8E-18,860.8E-18,860.8E-18,860.8E-18,860.8E-18,860.8E-18,860.8E-18,860.8E-18,860.8E-18,421.9E-18,421.9E-18,421.9E-18,421.9E-18,421.9E-18,421.9E-18,421.9E-18,421.9E-18,421.9E-18,421.9E-18,421.9E-18,421.9E-18,421.9E-18,421.9E-18,413.3E-18,402.7E-18,392.7E-18,384.6E-18,378.2E-18,373.2E-18,369.2E-18,365.8E-18,363.1E-18,360.7E-18,358.7E-18,356.9E-18,860.8E-18,806.4E-18,761.7E-18,724.3E-18,692.4E-18,664.9E-18,641.0E-18,619.9E-18,601.2E-18,584.5E-18,569.5E-18,555.9E-18,543.6E-18
150.0E-3,0.000,337.4E-3,553.8E-3,592.5E-3,614.1E-3,627.7E-3,636.9E-3,643.5E-3,648.4E-3,652.2E-3,655.3E-3,657.8E-3,659.8E-3,-83.58E-3,-83.63E-3,-83.65E-3,-83.66E-3,-83.67E-3,-83.68E-3,-83.69E-3,-83.70E-3,-83.71E-3,-83.72E-3,-83.73E-3,-83.74E-3,-83.75E-3,0.000,10.11,16.60,17.76,18.41,18.83,19.11,19.31,19.46,19.58,19.67,19.75,19.81,-315.2E-15,-3.981E-9,-4.906E-9,-5.839E-9,-6.892E-9,-8.098E-9,-9.489E-9,-11.10E-9,-12.96E-9,-15.12E-9,-17.63E-9,-20.55E-9,-23.95E-9,0.000,0.000,0.000,0.000,0.000,0.000,0.000,0.000,0.000,0.000,0.000,0.000,0.000,0.000,29.97,29.97,29.98,29.99,29.99,30.00,30.01,30.01,30.02,30.02,30.03,30.03,0.000,119.3E-9,147.0E-9,174.9E-9,206.5E-9,242.6E-9,284.2E-9,332.3E-9,388.0E-9,452.6E-9,527.5E-9,614.4E-9,715.2E-9,0.000,12.44E-9,15.09E-9,17.67E-9,20.52E-9,23.71E-9,27.31E-9,31.39E-9,36.03E-9,41.29E-9,47.26E-9,54.05E-9,61.76E-9,98.32E-9,11.80E-9,8.855E-9,9.848E-9,11.21E-9,12.89E-9,14.87E-9,17.21E-9,19.94E-9,23.12E-9,26.81E-9,31.10E-9,36.09E-9,0.000,17.36E6,21.59E6,25.94E6,30.88E6,36.53E6,43.03E6,50.53E6,59.20E6,69.26E6,80.92E6,94.45E6,110.1E6,860.9E-18,860.8E-18,860.8E-18,860.8E-18,860.8E-18,860.8E-18,860.8E-18,860.8E-18,860.8E-18,860.8E-18,860.8E-18,860.8E-18,860.8E-18,425.5E-18,425.5E-18,425.5E-18,425.5E-18,425.5E-18,425.5E-18,425.5E-18,425.5E-18,425.5E-18,425.5E-18,425.5E-18,425.5E-18,425.5E-18,425.5E-18,417.9E-18,408.1E-18,397.5E-18,388.4E-18,381.2E-18,375.6E-18,371.1E-18,367.4E-18,364.4E-18,361.8E-18,359.6E-18,357.7E-18,860.9E-18,806.5E-18,761.7E-18,724.3E-18,692.4E-18,664.9E-18,641.0E-18,619.9E-18,601.3E-18,584.6E-18,569.5E-18,555.9E-18,543.6E-18
200.0E-3,0.000,337.7E-3,553.2E-3,591.6E-3,613.1E-3,626.8E-3,636.0E-3,642.7E-3,647.8E-3,651.9E-3,655.1E-3,657.8E-3,660.1E-3,-83.66E-3,-83.71E-3,-83.73E-3,-83.74E-3,-83.75E-3,-83.77E-3,-83.78E-3,-83.79E-3,-83.80E-3,-83.81E-3,-83.82E-3,-83.83E-3,-83.85E-3,0.000,10.15,16.62,17.78,18.42,18.84,19.12,19.32,19.47,19.59,19.68,19.76,19.82,-284.4E-15,-17.85E-9,-22.00E-9,-26.18E-9,-30.90E-9,-36.31E-9,-42.54E-9,-49.75E-9,-58.09E-9,-67.76E-9,-78.97E-9,-91.98E-9,-107.1E-9,0.000,0.000,3.000,3.000,3.000,3.000,3.000,3.000,3.000,3.000,3.000,3.000,3.000,0.000,30.05,30.05,30.05,30.05,30.05,30.05,30.05,30.05,30.05,30.04,30.04,30.03,0.000,536.4E-9,660.9E-9,786.6E-9,928.5E-9,1.091E-6,1.278E-6,1.494E-6,1.745E-6,2.035E-6,2.371E-6,2.760E-6,3.211E-6,0.000,54.92E-9,66.62E-9,78.04E-9,90.63E-9,104.7E-9,120.6E-9,138.7E-9,159.1E-9,182.3E-9,208.6E-9,238.5E-9,272.4E-9,441.2E-9,52.86E-9,39.75E-9,44.25E-9,50.39E-9,57.92E-9,66.86E-9,77.36E-9,89.62E-9,103.9E-9,120.4E-9,139.7E-9,162.0E-9,0.000,77.80E6,96.61E6,116.1E6,138.3E6,163.8E6,193.1E6,226.8E6,265.8E6,311.0E6,363.3E6,424.0E6,494.3E6,861.3E-18,861.1E-18,861.1E-18,861.1E-18,861.1E-18,861.1E-18,861.1E-18,861.1E-18,861.1E-18,861.1E-18,861.1E-18,861.1E-18,861.1E-18,431.4E-18,431.5E-18,431.6E-18,431.6E-18,431.6E-18,431.6E-18,431.6E-18,431.6E-18,431.6E-18,431.6E-18,431.6E-18,431.6E-18,431.6E-18,431.4E-18,421.8E-18,413.3E-18,402.7E-18,392.7E-18,384.6E-18,378.2E-18,373.2E-18,369.2E-18,365.8E-18,363.1E-18,360.7E-18,358.7E-18,861.3E-18,806.6E-18,761.9E-18,724.4E-18,692.6E-18,665.1E-18,641.2E-18,620.1E-18,601.4E-18,584.7E-18,569.7E-18,556.1E-18,543.7E-18
250.0E-3,0.000,338.0E-3,553.9E-3,592.3E-3,614.2E-3,628.3E-3,638.1E-3,645.4E-3,651.2E-3,656.0E-3,660.2E-3,663.9E-3,667.4E-3,-83.75E-3,-83.81E-3,-83.83E-3,-83.85E-3,-83.86E-3,-83.88E-3,-83.90E-3,-83.91E-3,-83.93E-3,-83.95E-3,-83.98E-3,-84.00E-3,-84.03E-3,0.000,10.16,16.64,17.78,18.43,18.84,19.12,19.32,19.47,19.59,19.68,19.75,19.82,-238.5E-15,-80.24E-9,-98.84E-9,-117.6E-9,-138.8E-9,-163.0E-9,-190.9E-9,-223.1E-9,-260.3E-9,-303.3E-9,-353.1E-9,-410.7E-9,-477.2E-9,3.000,3.000,3.000,3.000,3.000,3.000,3.000,3.000,3.000,3.000,3.000,3.000,3.000,0.000,30.05,30.03,30.02,30.00,29.98,29.96,29.93,29.90,29.86,29.81,29.75,29.69,0.000,2.411E-6,2.968E-6,3.530E-6,4.164E-6,4.887E-6,5.718E-6,6.676E-6,7.780E-6,9.054E-6,10.52E-6,12.22E-6,14.17E-6,0.000,243.1E-9,294.7E-9,345.0E-9,400.3E-9,462.1E-9,531.6E-9,610.1E-9,698.8E-9,798.9E-9,912.0E-9,1.040E-6,1.183E-6,1.982E-6,237.4E-9,178.4E-9,198.5E-9,226.0E-9,259.4E-9,299.1E-9,345.6E-9,399.6E-9,462.3E-9,534.7E-9,618.4E-9,714.9E-9,0.000,343.9E6,426.1E6,511.3E6,608.9E6,720.6E6,848.9E6,996.2E6,1.166E9,1.362E9,1.587E9,1.847E9,2.146E9,863.5E-18,862.6E-18,862.6E-18,862.6E-18,862.6E-18,862.6E-18,862.6E-18,862.6E-18,862.6E-18,862.6E-18,862.6E-18,862.6E-18,862.6E-18,453.5E-18,454.4E-18,454.5E-18,454.5E-18,454.5E-18,454.5E-18,454.5E-18,454.5E-18,454.5E-18,454.5E-18,454.5E-18,454.5E-18,454.5E-18,453.5E-18,425.0E-18,417.9E-18,408.1E-18,397.5E-18,388.4E-18,381.2E-18,375.6E-18,371.1E-18,367.4E-18,364.4E-18,361.8E-18,359.6E-18,863.5E-18,807.4E-18,762.7E-18,725.2E-18,693.4E-18,665.9E-18,641.9E-18,620.9E-18,602.2E-18,585.5E-18,570.5E-18,556.9E-18,544.5E-18
300.0E-3,0.000,338.3E-3,559.4E-3,599.8E-3,623.6E-3,639.7E-3,651.7E-3,661.4E-3,669.8E-3,677.5E-3,684.9E-3,692.2E-3,699.5E-3,-83.92E-3,-83.99E-3,-84.02E-3,-84.06E-3,-84.09E-3,-84.13E-3,-84.17E-3,-84.22E-3,-84.27E-3,-84.33E-3,-84.40E-3,-84.47E-3,-84.56E-3,0.000,10.05,16.59,17.75,18.39,18.80,19.08,19.28,19.43,19.54,19.63,19.71,19.76,-174.0E-15,-358.3E-9,-440.8E-9,-523.4E-9,-616.3E-9,-721.9E-9,-842.8E-9,-981.4E-9,-1.140E-6,-1.323E-6,-1.532E-6,-1.772E-6,-2.046E-6,3.000,3.000,3.000,3.000,3.000,3.000,3.000,3.000,3.000,3.000,3.000,3.000,3.000,0.000,29.72,29.66,29.59,29.50,29.40,29.28,29.15,29.01,28.85,28.67,28.47,28.25,0.000,10.65E-6,13.07E-6,15.49E-6,18.18E-6,21.22E-6,24.68E-6,28.61E-6,33.08E-6,38.16E-6,43.92E-6,50.44E-6,57.79E-6,0.000,1.060E-6,1.282E-6,1.494E-6,1.725E-6,1.981E-6,2.265E-6,2.581E-6,2.933E-6,3.324E-6,3.757E-6,4.235E-6,4.763E-6,8.776E-6,1.059E-6,787.9E-9,872.7E-9,988.3E-9,1.128E-6,1.293E-6,1.484E-6,1.703E-6,1.953E-6,2.237E-6,2.559E-6,2.924E-6,0.000,1.405E9,1.734E9,2.069E9,2.450E9,2.885E9,3.378E9,3.938E9,4.574E9,5.294E9,6.111E9,7.035E9,8.077E9,873.1E-18,869.4E-18,869.3E-18,869.3E-18,869.3E-18,869.3E-18,869.3E-18,869.3E-18,869.3E-18,869.3E-18,869.3E-18,869.3E-18,869.3E-18,547.8E-18,555.5E-18,555.8E-18,555.8E-18,555.8E-18,555.8E-18,555.8E-18,555.8E-18,555.8E-18,555.8E-18,555.8E-18,555.8E-18,555.8E-18,547.8E-18,428.7E-18,421.8E-18,413.3E-18,402.7E-18,392.7E-18,384.6E-18,378.2E-18,373.2E-18,369.2E-18,365.8E-18,363.1E-18,360.7E-18,873.1E-18,811.1E-18,766.3E-18,728.9E-18,697.0E-18,669.5E-18,645.6E-18,624.5E-18,605.8E-18,589.1E-18,574.1E-18,560.5E-18,548.2E-18
350.0E-3,0.000,337.9E-3,581.8E-3,630.0E-3,660.1E-3,682.3E-3,700.3E-3,716.2E-3,730.9E-3,745.1E-3,759.1E-3,773.2E-3,787.5E-3,-84.42E-3,-84.51E-3,-84.60E-3,-84.70E-3,-84.82E-3,-84.95E-3,-85.10E-3,-85.27E-3,-85.45E-3,-85.66E-3,-85.89E-3,-86.15E-3,-86.43E-3,0.000,9.557,16.37,17.57,18.24,18.66,18.94,19.14,19.29,19.41,19.50,19.57,19.62,-84.29E-15,-1.538E-6,-1.883E-6,-2.219E-6,-2.591E-6,-3.007E-6,-3.475E-6,-4.002E-6,-4.595E-6,-5.262E-6,-6.010E-6,-6.848E-6,-7.784E-6,3.000,3.000,3.000,3.000,3.000,3.000,3.000,3.000,3.000,3.000,3.000,3.000,3.000,0.000,28.28,28.13,27.90,27.63,27.35,27.05,26.73,26.40,26.05,25.68,25.31,24.92,0.000,43.51E-6,52.97E-6,61.91E-6,71.60E-6,82.25E-6,94.00E-6,107.0E-6,121.3E-6,137.1E-6,154.3E-6,173.3E-6,193.9E-6,0.000,4.284E-6,5.134E-6,5.905E-6,6.717E-6,7.587E-6,8.524E-6,9.534E-6,10.62E-6,11.79E-6,13.03E-6,14.36E-6,15.77E-6,36.48E-6,4.553E-6,3.236E-6,3.523E-6,3.925E-6,4.407E-6,4.962E-6,5.588E-6,6.287E-6,7.062E-6,7.917E-6,8.856E-6,9.884E-6,0.000,4.738E9,5.815E9,6.829E9,7.953E9,9.203E9,10.59E9,12.11E9,13.78E9,15.63E9,17.64E9,19.85E9,22.26E9,896.3E-18,886.7E-18,886.5E-18,886.4E-18,886.4E-18,886.4E-18,886.4E-18,886.4E-18,886.4E-18,886.4E-18,886.4E-18,886.4E-18,886.4E-18,783.3E-18,830.2E-18,831.5E-18,831.4E-18,831.4E-18,831.4E-18,831.4E-18,831.4E-18,831.4E-18,831.4E-18,831.4E-18,831.4E-18,831.4E-18,783.3E-18,438.9E-18,424.9E-18,417.9E-18,408.1E-18,397.5E-18,388.4E-18,381.2E-18,375.6E-18,371.1E-18,367.4E-18,364.4E-18,361.8E-18,896.3E-18,821.9E-18,776.5E-18,739.0E-18,707.2E-18,679.7E-18,655.7E-18,634.7E-18,616.0E-18,599.3E-18,584.3E-18,570.7E-18,558.3E-18
400.0E-3,0.000,327.9E-3,636.5E-3,703.9E-3,746.7E-3,779.5E-3,807.4E-3,832.7E-3,856.7E-3,880.2E-3,903.7E-3,927.5E-3,951.7E-3,-86.15E-3,-86.34E-3,-86.63E-3,-86.97E-3,-87.34E-3,-87.75E-3,-88.20E-3,-88.69E-3,-89.22E-3,-89.80E-3,-90.42E-3,-91.08E-3,-91.79E-3,0.000,8.164,15.75,17.15,17.89,18.35,18.66,18.89,19.05,19.18,19.28,19.36,19.42,46.98E-15,-5.860E-6,-7.110E-6,-8.248E-6,-9.466E-6,-10.79E-6,-12.24E-6,-13.82E-6,-15.56E-6,-17.46E-6,-19.53E-6,-21.79E-6,-24.23E-6,3.000,3.000,3.000,3.000,3.000,3.000,3.000,3.000,3.000,3.000,3.000,3.000,3.000,0.000,24.90,24.74,24.36,23.96,23.54,23.12,22.68,22.24,21.79,21.33,20.87,20.40,0.000,145.9E-6,175.9E-6,201.0E-6,226.8E-6,254.0E-6,282.9E-6,313.6E-6,346.1E-6,380.4E-6,416.6E-6,454.6E-6,494.4E-6,0.000,14.22E-6,16.86E-6,18.94E-6,21.02E-6,23.15E-6,25.34E-6,27.59E-6,29.91E-6,32.28E-6,34.69E-6,37.14E-6,39.61E-6,128.8E-6,17.87E-6,11.17E-6,11.72E-6,12.68E-6,13.84E-6,15.16E-6,16.60E-6,18.17E-6,19.84E-6,21.61E-6,23.49E-6,25.46E-6,0.000,12.85E9,15.87E9,18.19E9,20.64E9,23.26E9,26.05E9,29.01E9,32.13E9,35.43E9,38.89E9,42.52E9,46.31E9,920.8E-18,907.0E-18,905.7E-18,905.7E-18,905.7E-18,905.7E-18,905.7E-18,905.7E-18,905.7E-18,905.7E-18,905.7E-18,905.7E-18,905.7E-18,1.045E-15,1.169E-15,1.176E-15,1.175E-15,1.175E-15,1.175E-15,1.175E-15,1.175E-15,1.175E-15,1.175E-15,1.175E-15,1.175E-15,1.175E-15,1.045E-15,481.3E-18,428.2E-18,421.9E-18,413.3E-18,402.7E-18,392.7E-18,384.6E-18,378.2E-18,373.2E-18,369.2E-18,365.8E-18,363.1E-18,920.8E-18,837.5E-18,789.7E-18,752.1E-18,720.2E-18,692.7E-18,668.8E-18,647.7E-18,629.0E-18,612.3E-18,597.3E-18,583.7E-18,571.4E-18
450.0E-3,0.000,286.5E-3,719.6E-3,829.0E-3,895.0E-3,946.1E-3,990.0E-3,1.030,1.068,1.105,1.142,1.179,1.216,-91.23E-3,-91.62E-3,-92.31E-3,-93.09E-3,-93.92E-3,-94.80E-3,-95.73E-3,-96.70E-3,-97.72E-3,-98.78E-3,-99.88E-3,-101.0E-3,-102.2E-3,0.000,5.758,14.55,16.41,17.31,17.86,18.23,18.50,18.69,18.84,18.96,19.05,19.13,254.3E-15,-18.12E-6,-21.94E-6,-24.94E-6,-28.00E-6,-31.21E-6,-34.60E-6,-38.20E-6,-42.02E-6,-46.07E-6,-50.35E-6,-54.88E-6,-59.66E-6,3.000,3.000,3.000,3.000,2.000,2.000,2.000,2.000,2.000,2.000,2.000,2.000,2.000,0.000,20.10,20.21,19.80,19.34,18.88,18.42,17.96,17.50,17.05,16.60,16.16,15.73,0.000,364.2E-6,443.4E-6,493.7E-6,541.5E-6,589.2E-6,637.2E-6,685.9E-6,735.3E-6,785.3E-6,835.9E-6,887.1E-6,938.7E-6,0.000,35.18E-6,42.00E-6,45.97E-6,49.57E-6,53.00E-6,56.31E-6,59.53E-6,62.65E-6,65.67E-6,68.57E-6,71.36E-6,74.02E-6,353.8E-6,63.26E-6,30.48E-6,30.08E-6,31.28E-6,32.98E-6,34.95E-6,37.09E-6,39.34E-6,41.68E-6,44.09E-6,46.56E-6,49.08E-6,0.000,27.04E9,35.09E9,39.29E9,43.26E9,47.31E9,51.44E9,55.63E9,59.85E9,64.11E9,68.40E9,72.72E9,77.07E9,936.9E-18,923.0E-18,919.0E-18,918.7E-18,918.7E-18,918.7E-18,918.7E-18,918.7E-18,918.7E-18,918.7E-18,918.7E-18,918.7E-18,918.7E-18,1.228E-15,1.409E-15,1.439E-15,1.437E-15,1.437E-15,1.437E-15,1.437E-15,1.437E-15,1.437E-15,1.437E-15,1.437E-15,1.437E-15,1.437E-15,1.228E-15,610.1E-18,435.2E-18,425.3E-18,418.0E-18,408.1E-18,397.5E-18,388.4E-18,381.2E-18,375.6E-18,371.1E-18,367.4E-18,364.4E-18,936.9E-18,854.6E-18,800.1E-18,762.1E-18,730.1E-18,702.6E-18,678.7E-18,657.6E-18,638.9E-18,622.2E-18,607.2E-18,593.6E-18,581.3E-18
500.0E-3,0.000,221.2E-3,803.8E-3,1.003,1.110,1.189,1.255,1.314,1.368,1.421,1.471,1.521,1.570,-101.3E-3,-101.9E-3,-103.0E-3,-104.3E-3,-105.6E-3,-106.9E-3,-108.2E-3,-109.6E-3,-111.0E-3,-112.4E-3,-113.9E-3,-115.4E-3,-116.9E-3,0.000,3.280,12.46,15.23,16.42,17.13,17.60,17.93,18.19,18.38,18.53,18.66,18.75,577.6E-15,-43.32E-6,-53.44E-6,-59.61E-6,-65.51E-6,-71.46E-6,-77.54E-6,-83.82E-6,-90.30E-6,-97.01E-6,-104.0E-6,-111.1E-6,-118.6E-6,1.000,1.000,2.000,2.000,2.000,2.000,2.000,2.000,2.000,2.000,2.000,2.000,2.000,0.000,14.83,15.50,15.18,14.80,14.41,14.03,13.65,13.29,12.94,12.60,12.26,11.94,0.000,642.3E-6,828.1E-6,904.8E-6,969.3E-6,1.030E-3,1.088E-3,1.144E-3,1.200E-3,1.255E-3,1.309E-3,1.363E-3,1.416E-3,0.000,61.86E-6,77.51E-6,83.17E-6,87.53E-6,91.32E-6,94.74E-6,97.84E-6,100.7E-6,103.3E-6,105.6E-6,107.8E-6,109.7E-6,738.6E-6,195.8E-6,66.49E-6,59.42E-6,59.03E-6,60.11E-6,61.81E-6,63.81E-6,66.00E-6,68.29E-6,70.65E-6,73.05E-6,75.49E-6,0.000,41.73E9,59.97E9,66.41E9,71.41E9,76.18E9,80.89E9,85.51E9,90.02E9,94.42E9,98.73E9,103.0E9,107.1E9,946.7E-18,935.4E-18,927.7E-18,926.9E-18,926.8E-18,926.8E-18,926.8E-18,926.8E-18,926.8E-18,926.8E-18,926.8E-18,926.8E-18,926.8E-18,1.347E-15,1.539E-15,1.622E-15,1.618E-15,1.617E-15,1.616E-15,1.616E-15,1.616E-15,1.616E-15,1.616E-15,1.616E-15,1.616E-15,1.616E-15,1.347E-15,815.4E-18,457.4E-18,429.5E-18,422.3E-18,413.4E-18,402.7E-18,392.8E-18,384.6E-18,378.2E-18,373.2E-18,369.2E-18,365.8E-18,946.7E-18,871.1E-18,808.3E-18,768.8E-18,736.7E-18,709.2E-18,685.2E-18,664.2E-18,645.5E-18,628.8E-18,613.8E-18,600.2E-18,587.8E-18
550.0E-3,0.000,175.0E-3,823.6E-3,1.184,1.358,1.477,1.572,1.654,1.728,1.797,1.862,1.926,1.987,-115.8E-3,-116.6E-3,-118.0E-3,-119.5E-3,-121.1E-3,-122.7E-3,-124.3E-3,-125.9E-3,-127.6E-3,-129.3E-3,-131.0E-3,-132.7E-3,-134.4E-3,0.000,1.849,9.575,13.61,15.25,16.18,16.80,17.23,17.56,17.82,18.02,18.18,18.31,1.050E-12,-81.18E-6,-104.8E-6,-115.5E-6,-124.9E-6,-134.0E-6,-143.1E-6,-152.3E-6,-161.5E-6,-170.9E-6,-180.5E-6,-190.3E-6,-200.3E-6,1.000,1.000,2.000,2.000,2.000,2.000,2.000,2.000,2.000,2.000,2.000,2.000,2.000,0.000,10.57,11.63,11.49,11.23,10.96,10.69,10.42,10.17,9.916,9.674,9.440,9.213,0.000,857.9E-6,1.218E-3,1.327E-3,1.403E-3,1.469E-3,1.530E-3,1.587E-3,1.642E-3,1.695E-3,1.746E-3,1.796E-3,1.845E-3,0.000,83.30E-6,112.8E-6,120.4E-6,124.9E-6,128.3E-6,131.2E-6,133.5E-6,135.5E-6,137.2E-6,138.5E-6,139.6E-6,140.4E-6,1.238E-3,464.0E-6,127.2E-6,97.56E-6,92.00E-6,90.76E-6,91.05E-6,92.08E-6,93.49E-6,95.14E-6,96.93E-6,98.82E-6,100.8E-6,0.000,50.81E9,81.89E9,92.10E9,97.93E9,102.9E9,107.7E9,112.2E9,116.6E9,120.8E9,124.8E9,128.6E9,132.3E9,952.9E-18,944.5E-18,934.4E-18,932.4E-18,932.2E-18,932.1E-18,932.1E-18,932.1E-18,932.1E-18,932.1E-18,932.1E-18,932.1E-18,932.1E-18,1.427E-15,1.604E-15,1.747E-15,1.747E-15,1.744E-15,1.743E-15,1.742E-15,1.742E-15,1.742E-15,1.742E-15,1.742E-15,1.742E-15,1.742E-15,1.427E-15,1.009E-15,517.0E-18,437.7E-18,426.4E-18,418.4E-18,408.2E-18,397.6E-18,388.5E-18,381.2E-18,375.6E-18,371.1E-18,367.4E-18,952.9E-18,883.5E-18,816.6E-18,774.0E-18,741.4E-18,713.7E-18,689.7E-18,668.7E-18,650.0E-18,633.3E-18,618.2E-18,604.7E-18,592.3E-18
600.0E-3,0.000,153.2E-3,751.6E-3,1.318,1.597,1.774,1.908,2.019,2.117,2.207,2.290,2.369,2.444,-133.1E-3,-134.0E-3,-135.6E-3,-137.3E-3,-139.1E-3,-140.9E-3,-142.7E-3,-144.5E-3,-146.3E-3,-148.2E-3,-150.0E-3,-151.9E-3,-153.7E-3,0.000,1.180,6.606,11.65,13.87,15.09,15.87,16.43,16.85,17.17,17.43,17.64,17.81,1.707E-12,-127.5E-6,-173.7E-6,-191.2E-6,-204.7E-6,-217.2E-6,-229.3E-6,-241.2E-6,-253.1E-6,-265.1E-6,-277.1E-6,-289.3E-6,-301.5E-6,1.000,1.000,2.000,2.000,2.000,2.000,2.000,2.000,2.000,2.000,2.000,2.000,2.000,0.000,7.705,8.789,8.839,8.687,8.506,8.320,8.136,7.956,7.781,7.611,7.446,7.285,0.000,982.1E-6,1.527E-3,1.690E-3,1.778E-3,1.847E-3,1.907E-3,1.963E-3,2.014E-3,2.063E-3,2.109E-3,2.154E-3,2.197E-3,0.000,97.13E-6,140.5E-6,151.4E-6,156.1E-6,159.1E-6,161.2E-6,162.7E-6,163.7E-6,164.4E-6,164.7E-6,164.8E-6,164.6E-6,1.788E-3,832.1E-6,231.2E-6,145.0E-6,128.2E-6,122.4E-6,120.2E-6,119.4E-6,119.5E-6,120.1E-6,121.0E-6,122.1E-6,123.4E-6,0.000,54.74E9,95.71E9,112.1E9,119.3E9,124.5E9,129.1E9,133.5E9,137.6E9,141.4E9,145.0E9,148.4E9,151.6E9,957.1E-18,950.7E-18,940.5E-18,936.6E-18,936.0E-18,935.8E-18,935.8E-18,935.8E-18,935.8E-18,935.8E-18,935.8E-18,935.8E-18,935.8E-18,1.484E-15,1.640E-15,1.823E-15,1.844E-15,1.839E-15,1.837E-15,1.836E-15,1.836E-15,1.836E-15,1.836E-15,1.836E-15,1.836E-15,1.836E-15,1.484E-15,1.156E-15,629.8E-18,456.1E-18,431.8E-18,423.1E-18,413.7E-18,402.9E-18,392.8E-18,384.7E-18,378.3E-18,373.2E-18,369.2E-18,957.1E-18,891.7E-18,825.8E-18,778.6E-18,745.0E-18,717.1E-18,693.0E-18,671.9E-18,653.2E-18,636.5E-18,621.5E-18,607.9E-18,595.6E-18
650.0E-3,0.000,141.6E-3,634.0E-3,1.369,1.793,2.052,2.239,2.390,2.519,2.634,2.739,2.836,2.928,-152.4E-3,-153.4E-3,-155.1E-3,-157.0E-3,-158.9E-3,-160.8E-3,-162.7E-3,-164.7E-3,-166.6E-3,-168.6E-3,-170.6E-3,-172.6E-3,-174.6E-3,0.000,816.9E-3,4.266,9.503,12.33,13.87,14.85,15.54,16.06,16.46,16.78,17.04,17.25,2.594E-12,-177.9E-6,-255.3E-6,-282.8E-6,-301.1E-6,-317.2E-6,-332.2E-6,-346.9E-6,-361.3E-6,-375.6E-6,-389.8E-6,-404.0E-6,-418.2E-6,1.000,1.000,2.000,2.000,2.000,2.000,2.000,2.000,2.000,2.000,2.000,2.000,2.000,0.000,5.770,6.729,6.942,6.875,6.759,6.632,6.503,6.375,6.250,6.127,6.007,5.890,0.000,1.026E-3,1.718E-3,1.964E-3,2.070E-3,2.144E-3,2.203E-3,2.256E-3,2.303E-3,2.347E-3,2.388E-3,2.427E-3,2.463E-3,0.000,103.8E-6,158.4E-6,174.3E-6,179.8E-6,182.4E-6,183.9E-6,184.6E-6,184.8E-6,184.6E-6,184.0E-6,183.1E-6,182.0E-6,2.341E-3,1.256E-3,402.7E-6,206.6E-6,167.9E-6,154.6E-6,148.4E-6,145.2E-6,143.4E-6,142.6E-6,142.3E-6,142.4E-6,142.8E-6,0.000,54.92E9,101.0E9,125.0E9,134.6E9,140.2E9,144.8E9,148.9E9,152.7E9,156.2E9,159.4E9,162.4E9,165.2E9,960.1E-18,955.0E-18,946.0E-18,940.2E-18,938.9E-18,938.6E-18,938.5E-18,938.5E-18,938.5E-18,938.5E-18,938.5E-18,938.5E-18,938.5E-18,1.525E-15,1.663E-15,1.856E-15,1.917E-15,1.914E-15,1.910E-15,1.909E-15,1.908E-15,1.908E-15,1.908E-15,1.907E-15,1.907E-15,1.907E-15,1.525E-15,1.262E-15,778.6E-18,493.6E-18,440.9E-18,428.1E-18,419.1E-18,408.5E-18,397.7E-18,388.5E-18,381.3E-18,375.6E-18,371.1E-18,960.1E-18,897.2E-18,834.9E-18,783.5E-18,748.1E-18,719.8E-18,695.6E-18,674.5E-18,655.7E-18,639.0E-18,624.0E-18,610.4E-18,598.0E-18
700.0E-3,0.000,133.7E-3,525.3E-3,1.327,1.923,2.290,2.548,2.749,2.918,3.065,3.197,3.318,3.431,-173.1E-3,-174.2E-3,-176.0E-3,-178.0E-3,-180.0E-3,-182.1E-3,-184.2E-3,-186.2E-3,-188.3E-3,-190.4E-3,-192.5E-3,-194.6E-3,-196.7E-3,0.000,588.9E-3,2.733,7.355,10.67,12.55,13.74,14.58,15.20,15.68,16.07,16.38,16.64,3.772E-12,-228.8E-6,-343.2E-6,-385.6E-6,-410.0E-6,-429.8E-6,-447.9E-6,-465.1E-6,-481.8E-6,-498.1E-6,-514.3E-6,-530.3E-6,-546.2E-6,1.000,1.000,2.000,2.000,2.000,2.000,2.000,2.000,2.000,2.000,2.000,2.000,2.000,0.000,4.405,5.203,5.543,5.548,5.479,5.393,5.301,5.209,5.117,5.026,4.937,4.849,0.000,1.008E-3,1.786E-3,2.138E-3,2.274E-3,2.355E-3,2.416E-3,2.466E-3,2.509E-3,2.549E-3,2.585E-3,2.618E-3,2.649E-3,0.000,104.5E-6,166.5E-6,188.8E-6,195.6E-6,198.3E-6,199.3E-6,199.4E-6,198.9E-6,197.9E-6,196.5E-6,194.8E-6,192.9E-6,2.868E-3,1.712E-3,653.4E-6,290.6E-6,213.2E-6,187.7E-6,175.8E-6,169.2E-6,165.1E-6,162.5E-6,160.9E-6,159.8E-6,159.2E-6,0.000,52.41E9,99.74E9,130.6E9,143.8E9,150.4E9,155.0E9,158.9E9,162.5E9,165.8E9,168.7E9,171.3E9,173.7E9,962.3E-18,958.1E-18,950.7E-18,943.6E-18,941.4E-18,940.8E-18,940.6E-18,940.6E-18,940.5E-18,940.5E-18,940.5E-18,940.5E-18,940.5E-18,1.557E-15,1.680E-15,1.861E-15,1.968E-15,1.973E-15,1.969E-15,1.967E-15,1.965E-15,1.965E-15,1.964E-15,1.964E-15,1.964E-15,1.964E-15,1.557E-15,1.339E-15,928.9E-18,558.2E-18,457.1E-18,434.4E-18,424.3E-18,414.3E-18,403.2E-18,393.0E-18,384.7E-18,378.3E-18,373.2E-18,962.3E-18,901.0E-18,842.4E-18,789.0E-18,751.2E-18,722.2E-18,697.7E-18,676.5E-18,657.7E-18,641.0E-18,626.0E-18,612.4E-18,600.0E-18
750.0E-3,0.000,127.8E-3,446.6E-3,1.215,1.969,2.471,2.819,3.085,3.303,3.490,3.655,3.806,3.943,-195.2E-3,-196.3E-3,-198.2E-3,-200.3E-3,-202.5E-3,-204.6E-3,-206.8E-3,-209.0E-3,-211.1E-3,-213.3E-3,-215.5E-3,-217.7E-3,-220.0E-3,0.000,437.4E-3,1.816,5.434,8.943,11.15,12.56,13.55,14.28,14.85,15.30,15.67,15.98,5.314E-12,-277.7E-6,-431.9E-6,-494.6E-6,-526.9E-6,-551.0E-6,-572.2E-6,-591.8E-6,-610.6E-6,-628.8E-6,-646.7E-6,-664.2E-6,-681.5E-6,1.000,1.000,2.000,2.000,2.000,2.000,2.000,2.000,2.000,2.000,2.000,2.000,2.000,0.000,3.422,4.066,4.473,4.542,4.513,4.456,4.391,4.323,4.255,4.186,4.119,4.052,0.000,950.4E-6,1.756E-3,2.212E-3,2.393E-3,2.486E-3,2.550E-3,2.599E-3,2.640E-3,2.675E-3,2.707E-3,2.736E-3,2.762E-3,0.000,100.9E-6,166.2E-6,194.9E-6,204.0E-6,207.0E-6,207.7E-6,207.3E-6,206.2E-6,204.6E-6,202.6E-6,200.2E-6,197.6E-6,3.353E-3,2.173E-3,967.0E-6,407.2E-6,267.6E-6,223.0E-6,203.0E-6,191.8E-6,184.9E-6,180.2E-6,176.9E-6,174.5E-6,172.8E-6,0.000,48.39E9,94.33E9,129.7E9,147.3E9,155.5E9,160.5E9,164.4E9,167.7E9,170.8E9,173.5E9,175.8E9,177.9E9,963.9E-18,960.4E-18,954.3E-18,947.0E-18,943.6E-18,942.6E-18,942.3E-18,942.2E-18,942.2E-18,942.1E-18,942.1E-18,942.1E-18,942.1E-18,1.581E-15,1.691E-15,1.855E-15,1.996E-15,2.021E-15,2.017E-15,2.014E-15,2.012E-15,2.011E-15,2.011E-15,2.010E-15,2.010E-15,2.010E-15,1.581E-15,1.397E-15,1.059E-15,650.2E-18,484.7E-18,443.7E-18,430.0E-18,420.0E-18,409.0E-18,398.0E-18,388.7E-18,381.4E-18,375.7E-18,963.9E-18,903.7E-18,848.2E-18,794.8E-18,754.5E-18,724.4E-18,699.6E-18,678.2E-18,659.4E-18,642.6E-18,627.6E-18,614.0E-18,601.6E-18
800.0E-3,0.000,123.4E-3,395.0E-3,1.073,1.931,2.580,3.037,3.383,3.661,3.897,4.103,4.288,4.455,-218.4E-3,-219.5E-3,-221.5E-3,-223.7E-3,-226.0E-3,-228.2E-3,-230.5E-3,-232.7E-3,-235.0E-3,-237.3E-3,-239.6E-3,-241.9E-3,-244.1E-3,0.000,333.3E-3,1.273,3.899,7.258,9.707,11.33,12.47,13.31,13.97,14.49,14.92,15.28,7.311E-12,-323.2E-6,-517.4E-6,-605.0E-6,-647.7E-6,-676.9E-6,-701.4E-6,-723.5E-6,-744.3E-6,-764.3E-6,-783.6E-6,-802.4E-6,-821.0E-6,1.000,1.000,1.000,2.000,2.000,2.000,2.000,2.000,2.000,2.000,2.000,2.000,2.000,0.000,2.701,3.222,3.634,3.759,3.763,3.730,3.686,3.636,3.584,3.532,3.481,3.429,0.000,873.0E-6,1.667E-3,2.199E-3,2.435E-3,2.547E-3,2.617E-3,2.667E-3,2.706E-3,2.739E-3,2.768E-3,2.793E-3,2.815E-3,0.000,94.95E-6,160.1E-6,193.2E-6,205.2E-6,209.0E-6,209.7E-6,209.0E-6,207.5E-6,205.3E-6,202.8E-6,199.9E-6,196.8E-6,3.789E-3,2.619E-3,1.310E-3,563.9E-6,335.4E-6,262.4E-6,230.9E-6,213.9E-6,203.3E-6,196.1E-6,191.0E-6,187.2E-6,184.3E-6,0.000,43.76E9,86.99E9,124.0E9,145.9E9,156.4E9,162.1E9,166.0E9,169.3E9,172.1E9,174.7E9,176.9E9,178.7E9,965.2E-18,962.1E-18,957.1E-18,950.1E-18,945.7E-18,944.2E-18,943.7E-18,943.5E-18,943.4E-18,943.4E-18,943.4E-18,943.4E-18,943.4E-18,1.600E-15,1.700E-15,1.844E-15,2.003E-15,2.055E-15,2.057E-15,2.053E-15,2.050E-15,2.049E-15,2.048E-15,2.048E-15,2.048E-15,2.047E-15,1.600E-15,1.442E-15,1.163E-15,760.1E-18,527.6E-18,458.1E-18,436.8E-18,425.8E-18,415.1E-18,403.6E-18,393.2E-18,384.9E-18,378.4E-18,965.2E-18,905.7E-18,852.3E-18,800.6E-18,758.1E-18,726.6E-18,701.2E-18,679.7E-18,660.8E-18,643.9E-18,628.9E-18,615.3E-18,602.9E-18
850.0E-3,0.000,119.9E-3,361.1E-3,938.0E-3,1.824,2.609,3.191,3.630,3.980,4.274,4.528,4.754,4.957,-242.5E-3,-243.7E-3,-245.8E-3,-248.1E-3,-250.4E-3,-252.7E-3,-255.0E-3,-257.4E-3,-259.7E-3,-262.1E-3,-264.4E-3,-266.8E-3,-269.1E-3,0.000,259.5E-3,936.6E-3,2.785,5.721,8.270,10.07,11.36,12.31,13.05,13.65,14.14,14.54,9.877E-12,-364.5E-6,-597.6E-6,-712.9E-6,-768.9E-6,-804.4E-6,-832.6E-6,-857.3E-6,-880.0E-6,-901.6E-6,-922.3E-6,-942.3E-6,-961.9E-6,1.000,1.000,1.000,2.000,2.000,2.000,2.000,2.000,2.000,2.000,2.000,2.000,2.000,0.000,2.164,2.593,2.968,3.136,3.170,3.157,3.128,3.093,3.054,3.015,2.974,2.934,0.000,788.8E-6,1.550E-3,2.116E-3,2.411E-3,2.550E-3,2.629E-3,2.682E-3,2.722E-3,2.754E-3,2.780E-3,2.803E-3,2.822E-3,0.000,87.75E-6,150.5E-6,185.3E-6,200.3E-6,205.1E-6,206.1E-6,205.2E-6,203.4E-6,200.9E-6,198.0E-6,194.7E-6,191.2E-6,4.177E-3,3.039E-3,1.655E-3,760.0E-6,421.4E-6,308.3E-6,260.9E-6,236.2E-6,221.1E-6,211.0E-6,203.7E-6,198.2E-6,194.1E-6,0.000,39.06E9,79.17E9,115.3E9,140.5E9,153.6E9,160.5E9,164.7E9,168.0E9,170.8E9,173.2E9,175.3E9,177.0E9,966.3E-18,963.4E-18,959.2E-18,952.9E-18,947.8E-18,945.7E-18,944.9E-18,944.6E-18,944.5E-18,944.4E-18,944.4E-18,944.4E-18,944.4E-18,1.615E-15,1.707E-15,1.834E-15,1.995E-15,2.077E-15,2.088E-15,2.086E-15,2.083E-15,2.081E-15,2.080E-15,2.079E-15,2.078E-15,2.078E-15,1.615E-15,1.477E-15,1.245E-15,874.3E-18,587.7E-18,479.9E-18,446.0E-18,431.8E-18,421.1E-18,409.6E-18,398.4E-18,388.9E-18,381.5E-18,966.3E-18,907.2E-18,855.4E-18,805.7E-18,762.0E-18,728.9E-18,702.8E-18,681.0E-18,661.9E-18,645.1E-18,629.9E-18,616.3E-18,603.9E-18
900.0E-3,0.000,117.2E-3,337.4E-3,828.7E-3,1.679,2.564,3.272,3.817,4.250,4.611,4.921,5.193,5.438,-267.5E-3,-268.7E-3,-270.8E-3,-273.2E-3,-275.6E-3,-278.0E-3,-280.3E-3,-282.7E-3,-285.1E-3,-287.6E-3,-290.0E-3,-292.4E-3,-294.8E-3,0.000,205.8E-3,714.9E-3,2.024,4.418,6.902,8.824,10.23,11.29,12.12,12.79,13.33,13.79,13.15E-12,-401.7E-6,-671.7E-6,-815.5E-6,-887.5E-6,-930.8E-6,-963.2E-6,-990.7E-6,-1.016E-3,-1.039E-3,-1.061E-3,-1.082E-3,-1.102E-3,1.000,1.000,1.000,2.000,2.000,2.000,2.000,2.000,2.000,2.000,2.000,2.000,2.000,0.000,1.755,2.119,2.442,2.632,2.692,2.697,2.681,2.657,2.629,2.598,2.567,2.536,0.000,705.0E-6,1.423E-3,1.992E-3,2.336E-3,2.505E-3,2.598E-3,2.656E-3,2.698E-3,2.730E-3,2.756E-3,2.777E-3,2.795E-3,0.000,80.13E-6,139.1E-6,173.1E-6,190.2E-6,196.3E-6,197.7E-6,196.9E-6,194.9E-6,192.2E-6,189.0E-6,185.4E-6,181.6E-6,4.519E-3,3.427E-3,1.991E-3,984.1E-6,528.7E-6,363.0E-6,294.4E-6,259.6E-6,238.9E-6,225.3E-6,215.5E-6,208.3E-6,202.7E-6,0.000,34.58E9,71.54E9,105.5E9,132.4E9,148.1E9,156.4E9,161.3E9,164.6E9,167.4E9,169.8E9,171.8E9,173.5E9,967.1E-18,964.5E-18,960.8E-18,955.3E-18,949.9E-18,947.1E-18,946.0E-18,945.5E-18,945.4E-18,945.3E-18,945.2E-18,945.2E-18,945.2E-18,1.628E-15,1.712E-15,1.824E-15,1.978E-15,2.085E-15,2.112E-15,2.113E-15,2.109E-15,2.107E-15,2.106E-15,2.105E-15,2.104E-15,2.104E-15,1.628E-15,1.505E-15,1.310E-15,981.6E-18,663.4E-18,511.4E-18,458.9E-18,438.9E-18,427.2E-18,416.0E-18,404.1E-18,393.6E-18,385.1E-18,967.1E-18,908.4E-18,857.6E-18,809.9E-18,766.0E-18,731.3E-18,704.4E-18,682.1E-18,662.9E-18,646.0E-18,630.8E-18,617.2E-18,604.8E-18
950.0E-3,0.000,115.0E-3,319.3E-3,747.5E-3,1.524,2.459,3.281,3.937,4.463,4.899,5.272,5.598,5.889,-293.1E-3,-294.4E-3,-296.6E-3,-299.0E-3,-301.4E-3,-303.8E-3,-306.3E-3,-308.7E-3,-311.2E-3,-313.6E-3,-316.1E-3,-318.6E-3,-321.0E-3,0.000,165.5E-3,559.7E-3,1.517,3.384,5.659,7.618,9.123,10.27,11.18,11.91,12.51,13.02,17.31E-12,-434.7E-6,-739.4E-6,-911.3E-6,-1.001E-3,-1.054E-3,-1.091E-3,-1.122E-3,-1.149E-3,-1.174E-3,-1.197E-3,-1.219E-3,-1.241E-3,1.000,1.000,1.000,2.000,2.000,2.000,2.000,2.000,2.000,2.000,2.000,2.000,2.000,0.000,1.439,1.753,2.029,2.221,2.301,2.322,2.317,2.302,2.282,2.259,2.235,2.210,0.000,625.6E-6,1.296E-3,1.850E-3,2.224E-3,2.425E-3,2.534E-3,2.600E-3,2.645E-3,2.679E-3,2.705E-3,2.725E-3,2.742E-3,0.000,72.53E-6,126.9E-6,158.5E-6,176.2E-6,183.6E-6,185.5E-6,184.8E-6,182.8E-6,179.9E-6,176.5E-6,172.8E-6,168.7E-6,4.818E-3,3.780E-3,2.315E-3,1.219E-3,657.1E-6,428.6E-6,332.7E-6,285.0E-6,257.5E-6,239.6E-6,227.1E-6,217.8E-6,210.7E-6,0.000,30.46E9,64.33E9,95.78E9,122.7E9,140.6E9,150.5E9,156.2E9,159.8E9,162.6E9,165.0E9,167.1E9,168.8E9,967.8E-18,965.3E-18,962.1E-18,957.3E-18,951.9E-18,948.5E-18,947.0E-18,946.4E-18,946.1E-18,946.0E-18,945.9E-18,945.9E-18,945.8E-18,1.638E-15,1.716E-15,1.816E-15,1.958E-15,2.082E-15,2.128E-15,2.134E-15,2.132E-15,2.129E-15,2.128E-15,2.126E-15,2.126E-15,2.125E-15,1.638E-15,1.528E-15,1.361E-15,1.076E-15,749.8E-18,554.2E-18,476.9E-18,447.7E-18,433.6E-18,422.3E-18,410.4E-18,398.9E-18,389.2E-18,967.8E-18,909.4E-18,859.4E-18,813.3E-18,769.9E-18,734.0E-18,706.1E-18,683.3E-18,663.8E-18,646.8E-18,631.6E-18,617.9E-18,605.4E-18
1.000,0.000,113.2E-3,304.9E-3,688.8E-3,1.382,2.316,3.226,3.989,4.613,5.132,5.574,5.960,6.303,-319.4E-3,-320.6E-3,-322.8E-3,-325.3E-3,-327.7E-3,-330.2E-3,-332.7E-3,-335.2E-3,-337.7E-3,-340.2E-3,-342.7E-3,-345.2E-3,-347.7E-3,0.000,134.8E-3,446.5E-3,1.176,2.604,4.583,6.491,8.049,9.273,10.25,11.04,11.69,12.24,22.56E-12,-464.0E-6,-800.8E-6,-1.000E-3,-1.109E-3,-1.173E-3,-1.216E-3,-1.250E-3,-1.279E-3,-1.306E-3,-1.330E-3,-1.354E-3,-1.376E-3,1.000,1.000,1.000,1.000,2.000,2.000,2.000,2.000,2.000,2.000,2.000,2.000,2.000,0.000,1.190,1.464,1.707,1.884,1.978,2.012,2.018,2.010,1.997,1.980,1.961,1.942,0.000,552.3E-6,1.172E-3,1.707E-3,2.090E-3,2.320E-3,2.446E-3,2.522E-3,2.572E-3,2.607E-3,2.634E-3,2.655E-3,2.672E-3,0.000,65.20E-6,114.6E-6,143.2E-6,159.8E-6,167.9E-6,170.3E-6,169.8E-6,167.8E-6,164.9E-6,161.4E-6,157.5E-6,153.3E-6,5.079E-3,4.098E-3,2.626E-3,1.452E-3,802.7E-6,506.2E-6,376.9E-6,313.3E-6,277.3E-6,254.5E-6,238.7E-6,227.1E-6,218.3E-6,0.000,26.73E9,57.63E9,86.80E9,112.5E9,131.8E9,143.3E9,149.9E9,154.0E9,157.0E9,159.4E9,161.4E9,163.2E9,968.4E-18,966.0E-18,963.1E-18,958.9E-18,953.8E-18,949.9E-18,947.9E-18,947.1E-18,946.7E-18,946.5E-18,946.4E-18,946.4E-18,946.3E-18,1.646E-15,1.719E-15,1.810E-15,1.938E-15,2.070E-15,2.136E-15,2.151E-15,2.151E-15,2.148E-15,2.146E-15,2.145E-15,2.144E-15,2.143E-15,1.646E-15,1.547E-15,1.402E-15,1.157E-15,840.3E-18,608.4E-18,501.7E-18,459.4E-18,440.7E-18,428.7E-18,416.9E-18,404.8E-18,394.0E-18,968.4E-18,910.2E-18,860.7E-18,815.9E-18,773.6E-18,736.9E-18,707.8E-18,684.4E-18,664.7E-18,647.4E-18,632.2E-18,618.4E-18,606.0E-18
1.050,0.000,111.7E-3,293.1E-3,645.2E-3,1.263,2.159,3.121,3.979,4.701,5.306,5.824,6.275,6.675,-346.1E-3,-347.3E-3,-349.5E-3,-352.0E-3,-354.5E-3,-357.1E-3,-359.6E-3,-362.1E-3,-364.7E-3,-367.2E-3,-369.7E-3,-372.3E-3,-374.8E-3,0.000,110.8E-3,361.3E-3,936.9E-3,2.033,3.690,5.473,7.033,8.304,9.331,10.17,10.87,11.46,29.15E-12,-489.7E-6,-856.2E-6,-1.082E-3,-1.210E-3,-1.285E-3,-1.336E-3,-1.374E-3,-1.406E-3,-1.434E-3,-1.460E-3,-1.484E-3,-1.507E-3,1.000,1.000,1.000,1.000,2.000,2.000,2.000,2.000,2.000,2.000,2.000,2.000,2.000,0.000,992.0E-3,1.233,1.452,1.610,1.709,1.753,1.767,1.767,1.759,1.747,1.733,1.718,0.000,485.8E-6,1.056E-3,1.570E-3,1.948E-3,2.197E-3,2.342E-3,2.428E-3,2.483E-3,2.522E-3,2.550E-3,2.572E-3,2.589E-3,0.000,58.27E-6,102.7E-6,127.9E-6,142.1E-6,150.1E-6,152.9E-6,152.6E-6,150.7E-6,147.7E-6,144.2E-6,140.2E-6,135.9E-6,5.306E-3,4.385E-3,2.921E-3,1.676E-3,957.9E-6,595.3E-6,427.9E-6,345.2E-6,299.1E-6,270.3E-6,250.7E-6,236.6E-6,225.8E-6,0.000,23.39E9,51.48E9,78.75E9,102.6E9,122.2E9,135.2E9,142.9E9,147.5E9,150.7E9,153.2E9,155.2E9,157.0E9,968.9E-18,966.6E-18,963.9E-18,960.2E-18,955.5E-18,951.3E-18,948.9E-18,947.7E-18,947.2E-18,947.0E-18,946.8E-18,946.8E-18,946.7E-18,1.653E-15,1.721E-15,1.804E-15,1.920E-15,2.051E-15,2.135E-15,2.162E-15,2.166E-15,2.164E-15,2.162E-15,2.160E-15,2.159E-15,2.158E-15,1.653E-15,1.563E-15,1.435E-15,1.224E-15,928.9E-18,672.6E-18,534.2E-18,474.9E-18,449.2E-18,435.2E-18,423.5E-18,411.2E-18,399.4E-18,968.9E-18,910.8E-18,861.8E-18,818.0E-18,776.8E-18,739.8E-18,709.8E-18,685.6E-18,665.5E-18,648.1E-18,632.7E-18,618.9E-18,606.4E-18
1.100,0.000,110.4E-3,283.1E-3,610.8E-3,1.169,2.006,2.983,3.916,4.728,5.421,6.017,6.538,6.999,-373.1E-3,-374.4E-3,-376.7E-3,-379.2E-3,-381.7E-3,-384.3E-3,-386.8E-3,-389.4E-3,-392.0E-3,-394.5E-3,-397.1E-3,-399.7E-3,-402.3E-3,0.000,91.81E-3,295.8E-3,761.9E-3,1.622,2.976,4.581,6.095,7.383,8.447,9.330,10.07,10.70,37.41E-12,-512.3E-6,-906.0E-6,-1.157E-3,-1.304E-3,-1.392E-3,-1.450E-3,-1.492E-3,-1.527E-3,-1.558E-3,-1.585E-3,-1.611E-3,-1.635E-3,1.000,1.000,1.000,1.000,2.000,2.000,2.000,2.000,2.000,2.000,2.000,2.000,2.000,0.000,831.6E-3,1.045,1.247,1.387,1.484,1.535,1.556,1.561,1.558,1.550,1.540,1.529,0.000,426.1E-6,946.4E-6,1.443E-3,1.808E-3,2.065E-3,2.226E-3,2.323E-3,2.385E-3,2.427E-3,2.458E-3,2.481E-3,2.498E-3,0.000,51.79E-6,91.21E-6,113.2E-6,124.3E-6,131.2E-6,133.9E-6,133.8E-6,131.9E-6,128.9E-6,125.4E-6,121.3E-6,117.0E-6,5.503E-3,4.641E-3,3.200E-3,1.894E-3,1.115E-3,694.0E-6,485.9E-6,381.1E-6,323.0E-6,287.3E-6,263.4E-6,246.4E-6,233.5E-6,0.000,20.43E9,45.88E9,71.53E9,93.48E9,112.6E9,126.5E9,135.2E9,140.6E9,144.1E9,146.6E9,148.7E9,150.6E9,969.3E-18,967.1E-18,964.6E-18,961.2E-18,956.9E-18,952.7E-18,949.8E-18,948.4E-18,947.7E-18,947.4E-18,947.2E-18,947.1E-18,947.0E-18,1.658E-15,1.723E-15,1.798E-15,1.903E-15,2.030E-15,2.127E-15,2.168E-15,2.177E-15,2.177E-15,2.175E-15,2.173E-15,2.171E-15,2.170E-15,1.658E-15,1.576E-15,1.463E-15,1.280E-15,1.011E-15,743.9E-18,575.0E-18,495.2E-18,459.8E-18,442.2E-18,430.0E-18,417.9E-18,405.5E-18,969.3E-18,911.4E-18,862.6E-18,819.6E-18,779.6E-18,742.7E-18,711.8E-18,686.9E-18,666.3E-18,648.6E-18,633.1E-18,619.2E-18,606.7E-18
1.150,0.000,109.3E-3,274.7E-3,581.9E-3,1.097,1.868,2.831,3.812,4.703,5.480,6.156,6.748,7.274,-400.6E-3,-401.8E-3,-404.1E-3,-406.6E-3,-409.2E-3,-411.8E-3,-414.4E-3,-417.0E-3,-419.6E-3,-422.2E-3,-424.8E-3,-427.4E-3,-430.0E-3,0.000,76.56E-3,244.5E-3,627.8E-3,1.323,2.420,3.822,5.248,6.521,7.604,8.515,9.287,9.946,47.72E-12,-532.1E-6,-950.5E-6,-1.225E-3,-1.390E-3,-1.492E-3,-1.558E-3,-1.606E-3,-1.644E-3,-1.677E-3,-1.706E-3,-1.732E-3,-1.757E-3,1.000,1.000,1.000,1.000,1.000,2.000,2.000,2.000,2.000,2.000,2.000,2.000,2.000,0.000,700.4E-3,889.9E-3,1.079,1.206,1.295,1.350,1.377,1.387,1.387,1.383,1.376,1.367,0.000,372.7E-6,845.8E-6,1.322E-3,1.676E-3,1.932E-3,2.103E-3,2.211E-3,2.279E-3,2.326E-3,2.359E-3,2.384E-3,2.402E-3,0.000,45.78E-6,80.40E-6,99.05E-6,107.0E-6,111.8E-6,114.0E-6,113.8E-6,111.9E-6,109.0E-6,105.4E-6,101.3E-6,96.98E-6,5.673E-3,4.868E-3,3.460E-3,2.106E-3,1.267E-3,798.5E-6,550.3E-6,421.3E-6,349.5E-6,305.9E-6,277.1E-6,256.7E-6,241.6E-6,0.000,17.81E9,40.79E9,64.97E9,85.35E9,103.4E9,117.7E9,127.3E9,133.3E9,137.2E9,139.9E9,142.1E9,143.9E9,969.6E-18,967.5E-18,965.1E-18,962.1E-18,958.2E-18,954.0E-18,950.8E-18,949.0E-18,948.1E-18,947.7E-18,947.5E-18,947.3E-18,947.3E-18,1.663E-15,1.724E-15,1.794E-15,1.888E-15,2.008E-15,2.113E-15,2.168E-15,2.185E-15,2.187E-15,2.186E-15,2.183E-15,2.182E-15,2.180E-15,1.663E-15,1.588E-15,1.485E-15,1.326E-15,1.086E-15,818.7E-18,624.0E-18,521.2E-18,473.4E-18,450.4E-18,436.6E-18,424.7E-18,412.1E-18,969.6E-18,911.9E-18,863.3E-18,820.9E-18,781.9E-18,745.5E-18,714.0E-18,688.3E-18,667.1E-18,649.2E-18,633.5E-18,619.5E-18,606.9E-18
1.200,0.000,108.4E-3,267.5E-3,556.5E-3,1.041,1.752,2.678,3.680,4.634,5.488,6.241,6.906,7.498,-428.3E-3,-429.5E-3,-431.8E-3,-434.4E-3,-437.0E-3,-439.6E-3,-442.2E-3,-444.9E-3,-447.5E-3,-450.1E-3,-452.7E-3,-455.3E-3,-458.0E-3,0.000,64.15E-3,203.6E-3,522.0E-3,1.100,1.993,3.193,4.500,5.730,6.810,7.736,8.530,9.214,60.54E-12,-549.4E-6,-990.2E-6,-1.288E-3,-1.471E-3,-1.585E-3,-1.660E-3,-1.713E-3,-1.755E-3,-1.790E-3,-1.821E-3,-1.849E-3,-1.875E-3,1.000,1.000,1.000,1.000,1.000,2.000,2.000,2.000,2.000,2.000,2.000,2.000,2.000,0.000,592.0E-3,761.1E-3,938.0E-3,1.057,1.138,1.192,1.223,1.237,1.241,1.240,1.235,1.229,0.000,325.3E-6,753.6E-6,1.209E-3,1.555E-3,1.803E-3,1.979E-3,2.095E-3,2.170E-3,2.221E-3,2.257E-3,2.284E-3,2.304E-3,0.000,40.21E-6,70.26E-6,85.65E-6,90.54E-6,92.63E-6,93.74E-6,93.18E-6,91.18E-6,88.20E-6,84.58E-6,80.51E-6,76.14E-6,5.820E-3,5.071E-3,3.702E-3,2.315E-3,1.413E-3,904.7E-6,619.8E-6,465.5E-6,378.8E-6,326.2E-6,291.8E-6,267.7E-6,250.0E-6,0.000,15.51E9,36.20E9,58.96E9,78.18E9,94.77E9,108.9E9,119.2E9,125.9E9,130.2E9,133.2E9,135.4E9,137.3E9,970.0E-18,967.9E-18,965.6E-18,962.8E-18,959.3E-18,955.2E-18,951.8E-18,949.7E-18,948.5E-18,948.0E-18,947.7E-18,947.5E-18,947.4E-18,1.667E-15,1.724E-15,1.789E-15,1.875E-15,1.986E-15,2.095E-15,2.163E-15,2.189E-15,2.195E-15,2.194E-15,2.192E-15,2.191E-15,2.189E-15,1.667E-15,1.597E-15,1.505E-15,1.365E-15,1.151E-15,893.4E-18,680.0E-18,553.5E-18,490.7E-18,460.2E-18,443.5E-18,431.3E-18,418.9E-18,970.0E-18,912.3E-18,863.9E-18,822.0E-18,783.7E-18,748.0E-18,716.2E-18,689.8E-18,668.0E-18,649.7E-18,633.8E-18,619.7E-18,607.1E-18
