,vearly,vdsat,self_gain,region,id,gmoverid,gmbs,gm,gds,ft,csb,cgs,cgb,cgd,cds,cdb,vsb,w,l,vds,vgs
0,0.0,0.1014,0.0,0.0,1.5239999999999997e-51,0.0,0.0,0.0,3.784e-08,0.0,9.427e-16,3.659e-16,1.338e-16,3.659e-16,-7.964999999999999e-22,9.427e-16,0.0,2.2999999999999996e-06,3.0000000000000004e-08,0.0,0.0
1,0.0,0.1015,0.0,0.0,-1.323e-14,0.0,0.0,0.0,1.425e-07,0.0,9.427e-16,3.687e-16,1.295e-16,3.687e-16,-4.508e-21,9.427e-16,0.0,2.2999999999999996e-06,3.0000000000000004e-08,0.0,0.05
2,0.0,0.1015,0.0,0.0,-5.08e-14,0.0,0.0,0.0,5.392e-07,0.0,9.427e-16,3.708e-16,1.256e-16,3.708e-16,-2.5680000000000003e-20,9.427e-16,0.0,2.2999999999999996e-06,3.0000000000000004e-08,0.0,0.1
3,0.0,0.1016,0.0,3.0,-1.172e-13,0.0,0.0,0.0,2.044e-06,0.0,9.427e-16,3.726e-16,1.22e-16,3.726e-16,-1.47e-19,9.427e-16,0.0,2.2999999999999996e-06,3.0000000000000004e-08,0.0,0.15
4,0.0,0.1017,0.0,3.0,-2.183e-13,0.0,0.0,0.0,7.702e-06,0.0,9.429e-16,3.755e-16,1.184e-16,3.755e-16,-8.397e-19,9.429e-16,0.0,2.2999999999999996e-06,3.0000000000000004e-08,0.0,0.2
5,0.0,0.1019,0.0,3.0,-3.652e-13,0.0,0.0,0.0,2.815e-05,0.0,9.439e-16,3.859e-16,1.137e-16,3.859e-16,-4.636e-18,9.439e-16,0.0,2.2999999999999996e-06,3.0000000000000004e-08,0.0,0.25
6,0.0,0.1026,0.0,3.0,-5.863e-13,0.0,0.0,0.0,9.415e-05,0.0,9.483e-16,4.297e-16,1.036e-16,4.297e-16,-2.145e-17,9.483e-16,0.0,2.2999999999999996e-06,3.0000000000000004e-08,0.0,0.3
7,0.0,0.105,0.0,3.0,-9.501e-13,0.0,0.0,0.0,0.0002669,0.0,9.582e-16,5.345e-16,8.408e-17,5.345e-16,-6.216e-17,9.582e-16,0.0,2.2999999999999996e-06,3.0000000000000004e-08,0.0,0.35
8,0.0,0.1109,0.0,1.0,-1.572e-12,0.0,0.0,0.0,0.0006142,0.0,9.688e-16,6.533e-16,6.345e-17,6.533e-16,-1.084e-16,9.688e-16,0.0,2.2999999999999996e-06,3.0000000000000004e-08,0.0,0.4
9,0.0,0.1211,0.0,1.0,-2.609e-12,0.0,0.0,0.0,0.001153,0.0,9.763e-16,7.426e-16,4.844e-17,7.426e-16,-1.425e-16,9.763e-16,0.0,2.2999999999999996e-06,3.0000000000000004e-08,0.0,0.45
10,0.0,0.1348,0.0,1.0,-4.285e-12,0.0,0.0,0.0,0.001835,0.0,9.812e-16,8.032e-16,3.84e-17,8.032e-16,-1.652e-16,9.812e-16,0.0,2.2999999999999996e-06,3.0000000000000004e-08,0.0,0.5
11,0.0,0.1511,0.0,1.0,-6.944e-12,0.0,0.0,0.0,0.002585,0.0,9.845e-16,8.443e-16,3.154e-17,8.443e-16,-1.801e-16,9.845e-16,0.0,2.2999999999999996e-06,3.0000000000000004e-08,0.0,0.55
12,0.0,0.1695,0.0,1.0,-1.112e-11,0.0,0.0,0.0,0.003339,0.0,9.868e-16,8.729e-16,2.668e-17,8.729e-16,-1.901e-16,9.868e-16,0.0,2.2999999999999996e-06,3.0000000000000004e-08,0.0,0.6
13,0.0,0.1897,0.0,1.0,-1.765e-11,0.0,0.0,0.0,0.004057,0.0,9.885e-16,8.932e-16,2.309e-17,8.932e-16,-1.969e-16,9.885e-16,0.0,2.2999999999999996e-06,3.0000000000000004e-08,0.0,0.65
14,0.0,0.2114,0.0,1.0,-2.78e-11,0.0,0.0,0.0,0.004717,0.0,9.897e-16,9.078e-16,2.036e-17,9.078e-16,-2.016e-16,9.897e-16,0.0,2.2999999999999996e-06,3.0000000000000004e-08,0.0,0.7
15,0.0,0.2345,0.0,1.0,-4.353e-11,0.0,0.0,0.0,0.005311,0.0,9.906e-16,9.183e-16,1.821e-17,9.183e-16,-2.048e-16,9.906e-16,0.0,2.2999999999999996e-06,3.0000000000000004e-08,0.0,0.75
16,0.0,0.2587,0.0,1.0,-6.784e-11,0.0,0.0,0.0,0.005839,0.0,9.914e-16,9.26e-16,1.649e-17,9.26e-16,-2.07e-16,9.914e-16,0.0,2.2999999999999996e-06,3.0000000000000004e-08,0.0,0.8
17,0.0,0.2837,0.0,1.0,-1.053e-10,0.0,0.0,0.0,0.006305,0.0,9.92e-16,9.315e-16,1.507e-17,9.315e-16,-2.084e-16,9.92e-16,0.0,2.2999999999999996e-06,3.0000000000000004e-08,0.0,0.85
18,0.0,0.3094,0.0,1.0,-1.631e-10,0.0,0.0,0.0,0.006715,0.0,9.924e-16,9.354e-16,1.389e-17,9.354e-16,-2.092e-16,9.924e-16,0.0,2.2999999999999996e-06,3.0000000000000004e-08,0.0,0.9
19,0.0,0.3358,0.0,1.0,-2.518e-10,0.0,0.0,0.0,0.007075,0.0,9.928e-16,9.379e-16,1.289e-17,9.379e-16,-2.096e-16,9.928e-16,0.0,2.2999999999999996e-06,3.0000000000000004e-08,0.0,0.95
20,0.0,0.3626,0.0,1.0,-3.88e-10,0.0,0.0,0.0,0.007391,0.0,9.932e-16,9.395e-16,1.203e-17,9.395e-16,-2.097e-16,9.932e-16,0.0,2.2999999999999996e-06,3.0000000000000004e-08,0.0,1.0
21,0.0,0.3899,0.0,1.0,-5.971e-10,0.0,0.0,0.0,0.007668,0.0,9.935e-16,9.403e-16,1.129e-17,9.403e-16,-2.095e-16,9.935e-16,0.0,2.2999999999999996e-06,3.0000000000000004e-08,0.0,1.05
22,0.0,0.4175,0.0,1.0,-9.18e-10,0.0,0.0,0.0,0.007912,0.0,9.937e-16,9.405e-16,1.064e-17,9.405e-16,-2.091e-16,9.937e-16,0.0,2.2999999999999996e-06,3.0000000000000004e-08,0.0,1.1
23,0.0,0.4454,0.0,1.0,-1.41e-09,0.0,0.0,0.0,0.008127,0.0,9.939e-16,9.402e-16,1.006e-17,9.402e-16,-2.086e-16,9.939e-16,0.0,2.2999999999999996e-06,3.0000000000000004e-08,0.0,1.15
24,0.0,0.4735,0.0,1.0,-2.165e-09,0.0,0.0,0.0,0.008317,0.0,9.941e-16,9.395e-16,9.549e-18,9.395e-16,-2.079e-16,9.941e-16,0.0,2.2999999999999996e-06,3.0000000000000004e-08,0.0,1.2
25,0.2006,0.1015,5.304,0.0,1.89e-09,26.44,4.84e-09,4.996e-08,9.418e-09,9261000.0,9.427e-16,3.659e-16,1.338e-16,3.588e-16,-1.048e-21,8.866e-16,0.0,2.2999999999999996e-06,3.0000000000000004e-08,0.1,0.0
26,0.2016,0.1016,5.351,0.0,7.107e-09,26.55,1.742e-08,1.887e-07,3.525e-08,34880000.0,9.427e-16,3.687e-16,1.295e-16,3.626e-16,-5.925e-21,8.866e-16,0.0,2.2999999999999996e-06,3.0000000000000004e-08,0.1,0.05
27,0.2026,0.1016,5.394,0.0,2.686e-08,26.63,6.32e-08,7.151e-07,1.326e-07,132000000.0,9.427e-16,3.708e-16,1.256e-16,3.659e-16,-3.3710000000000004e-20,8.866e-16,0.0,2.2999999999999996e-06,3.0000000000000004e-08,0.1,0.1
28,0.2036,0.1017,5.426,3.0,1.018e-07,26.65,2.303e-07,2.712e-06,4.998e-07,499900000.0,9.427e-16,3.727e-16,1.22e-16,3.687e-16,-1.927e-19,8.867e-16,0.0,2.2999999999999996e-06,3.0000000000000004e-08,0.1,0.15
29,0.2047,0.1018,5.418,3.0,3.845e-07,26.47,8.332e-07,1.018e-05,1.879e-06,1873000000.0,9.429e-16,3.758e-16,1.186e-16,3.708e-16,-1.101e-18,8.867e-16,0.0,2.2999999999999996e-06,3.0000000000000004e-08,0.1,0.2
30,0.2053,0.102,5.279,3.0,1.423e-06,25.71,2.892e-06,3.659e-05,6.93e-06,6657000000.0,9.436e-16,3.878e-16,1.146e-16,3.724e-16,-6.112e-18,8.872e-16,0.0,2.2999999999999996e-06,3.0000000000000004e-08,0.1,0.25
31,0.2036,0.1027,4.812,3.0,4.919e-06,23.63,8.886e-06,0.0001163,2.416e-05,20090000000.0,9.468e-16,4.397e-16,1.074e-16,3.739e-16,-2.913e-17,8.892e-16,0.0,2.2999999999999996e-06,3.0000000000000004e-08,0.1,0.3
32,0.1942,0.1053,3.897,3.0,1.474e-05,20.07,2.19e-05,0.0002957,7.589e-05,45060000000.0,9.544e-16,5.732e-16,9.375e-17,3.776e-16,-9.109e-17,8.947e-16,0.0,2.2999999999999996e-06,3.0000000000000004e-08,0.1,0.35
33,0.1778,0.1115,2.833,1.0,3.622e-05,15.93,4.176e-05,0.0005771,0.0002037,75830000000.0,9.632e-16,7.431e-16,7.729e-17,3.908e-16,-1.736e-16,9.022e-16,0.0,2.2999999999999996e-06,3.0000000000000004e-08,0.1,0.4
34,0.1644,0.122,2.016,1.0,7.303e-05,12.26,6.416e-05,0.0008953,0.0004441,104100000000.0,9.706e-16,8.825e-16,6.232e-17,4.246e-16,-2.421e-16,9.097e-16,0.0,2.2999999999999996e-06,3.0000000000000004e-08,0.1,0.45
35,0.1552,0.1359,1.453,1.0,0.0001249,9.36,8.371e-05,0.001169,0.0008047,123800000000.0,9.763e-16,9.73e-16,5e-17,4.797e-16,-2.841e-16,9.162e-16,0.0,2.2999999999999996e-06,3.0000000000000004e-08,0.1,0.5
36,0.1471,0.1523,1.048,1.0,0.000188,7.129,9.616e-05,0.00134,0.001278,132700000000.0,9.805e-16,1.022e-15,4.047e-17,5.447e-16,-3.029e-16,9.212e-16,0.0,2.2999999999999996e-06,3.0000000000000004e-08,0.1,0.55
37,0.1395,0.1708,0.7605,1.0,0.0002568,5.451,0.0001007,0.0014,0.00184,132100000000.0,9.836e-16,1.044e-15,3.334e-17,6.081e-16,-3.072e-16,9.25e-16,0.0,2.2999999999999996e-06,3.0000000000000004e-08,0.1,0.6
38,0.133,0.1911,0.5601,1.0,0.0003261,4.21,9.93e-05,0.001373,0.002451,125300000000.0,9.859e-16,1.051e-15,2.806e-17,6.64e-16,-3.04e-16,9.277e-16,0.0,2.2999999999999996e-06,3.0000000000000004e-08,0.1,0.65
39,0.1278,0.2129,0.421,1.0,0.0003927,3.295,9.42e-05,0.001294,0.003074,115300000000.0,9.875e-16,1.051e-15,2.409e-17,7.109e-16,-2.977e-16,9.298e-16,0.0,2.2999999999999996e-06,3.0000000000000004e-08,0.1,0.7
40,0.1236,0.236,0.3232,1.0,0.0004546,2.616,8.73e-05,0.001189,0.003679,104200000000.0,9.888e-16,1.046e-15,2.107e-17,7.493e-16,-2.902e-16,9.313e-16,0.0,2.2999999999999996e-06,3.0000000000000004e-08,0.1,0.75
41,0.1202,0.2603,0.253,1.0,0.0005109,2.105,7.981e-05,0.001075,0.004251,93070000000.0,9.897e-16,1.04e-15,1.871e-17,7.804e-16,-2.827e-16,9.324e-16,0.0,2.2999999999999996e-06,3.0000000000000004e-08,0.1,0.8
42,0.1174,0.2853,0.2015,1.0,0.0005615,1.716,7.238e-05,0.0009634,0.004781,82640000000.0,9.905e-16,1.033e-15,1.683e-17,8.055e-16,-2.756e-16,9.333e-16,0.0,2.2999999999999996e-06,3.0000000000000004e-08,0.1,0.85
43,0.1152,0.3111,0.163,1.0,0.0006067,1.415,6.535e-05,0.0008583,0.005267,73160000000.0,9.911e-16,1.026e-15,1.53e-17,8.258e-16,-2.69e-16,9.34e-16,0.0,2.2999999999999996e-06,3.0000000000000004e-08,0.1,0.9
44,0.1133,0.3375,0.1336,1.0,0.0006469,1.178,5.887e-05,0.0007624,0.005708,64700000000.0,9.916e-16,1.019e-15,1.403e-17,8.421e-16,-2.63e-16,9.346e-16,0.0,2.2999999999999996e-06,3.0000000000000004e-08,0.1,0.95
45,0.1118,0.3644,0.1107,1.0,0.0006826,0.9908,5.295e-05,0.0006763,0.006107,57220000000.0,9.92e-16,1.013e-15,1.297e-17,8.553e-16,-2.576e-16,9.35e-16,0.0,2.2999999999999996e-06,3.0000000000000004e-08,0.1,1.0
46,0.1104,0.3916,0.09274,1.0,0.0007142,0.8397,4.759e-05,0.0005997,0.006467,50650000000.0,9.923e-16,1.007e-15,1.207e-17,8.659e-16,-2.527e-16,9.354e-16,0.0,2.2999999999999996e-06,3.0000000000000004e-08,0.1,1.05
47,0.1093,0.4192,0.07834,1.0,0.0007422,0.7168,4.275e-05,0.000532,0.006791,44890000000.0,9.926e-16,1.001e-15,1.13e-17,8.744e-16,-2.481e-16,9.357e-16,0.0,2.2999999999999996e-06,3.0000000000000004e-08,0.1,1.1
48,0.1083,0.4472,0.06668,1.0,0.0007671,0.6157,3.836e-05,0.0004723,0.007082,39840000000.0,9.929e-16,9.95e-16,1.062e-17,8.813e-16,-2.44e-16,9.36e-16,0.0,2.2999999999999996e-06,3.0000000000000004e-08,0.1,1.15
49,0.1075,0.4753,0.05713,1.0,0.0007891,0.5316,3.437e-05,0.0004195,0.007344,35400000000.0,9.931e-16,9.896e-16,1.003e-17,8.867e-16,-2.402e-16,9.363e-16,0.0,2.2999999999999996e-06,3.0000000000000004e-08,0.1,1.2
50,0.3346,0.1017,8.828,0.0,2.687e-09,26.38,6.734e-09,7.088e-08,8.03e-09,13260000.0,9.427e-16,3.659e-16,1.338e-16,3.51e-16,-1.045e-21,8.411e-16,0.0,2.2999999999999996e-06,3.0000000000000004e-08,0.2,0.0
51,0.3381,0.1018,8.956,0.0,1.008e-08,26.49,2.417e-08,2.669e-07,2.98e-08,49800000.0,9.427e-16,3.687e-16,1.295e-16,3.549e-16,-5.907e-21,8.411e-16,0.0,2.2999999999999996e-06,3.0000000000000004e-08,0.2,0.05
52,0.342,0.1018,9.085,3.0,3.796e-08,26.56,8.741e-08,1.008e-06,1.11e-07,187700000.0,9.427e-16,3.708e-16,1.256e-16,3.588e-16,-3.36e-20,8.411e-16,0.0,2.2999999999999996e-06,3.0000000000000004e-08,0.2,0.1
53,0.3467,0.1019,9.212,3.0,1.434e-07,26.57,3.172e-07,3.809e-06,4.135e-07,707200000.0,9.427e-16,3.727e-16,1.22e-16,3.626e-16,-1.921e-19,8.411e-16,0.0,2.2999999999999996e-06,3.0000000000000004e-08,0.2,0.15
54,0.3537,0.102,9.325,3.0,5.392e-07,26.36,1.141e-06,1.422e-05,1.524e-06,2630000000.0,9.429e-16,3.758e-16,1.186e-16,3.659e-16,-1.097e-18,8.412e-16,0.0,2.2999999999999996e-06,3.0000000000000004e-08,0.2,0.2
55,0.3677,0.1022,9.383,3.0,1.981e-06,25.52,3.917e-06,5.054e-05,5.386e-06,9234000000.0,9.436e-16,3.878e-16,1.146e-16,3.687e-16,-6.091e-18,8.416e-16,0.0,2.2999999999999996e-06,3.0000000000000004e-08,0.2,0.25
56,0.3968,0.1032,9.28,3.0,6.767e-06,23.39,1.186e-05,0.0001583,1.706e-05,27450000000.0,9.468e-16,4.396e-16,1.074e-16,3.708e-16,-2.9e-17,8.436e-16,0.0,2.2999999999999996e-06,3.0000000000000004e-08,0.2,0.3
57,0.4415,0.1062,8.838,3.0,2.01e-05,20.02,2.922e-05,0.0004024,4.553e-05,61640000000.0,9.542e-16,5.724e-16,9.41e-17,3.725e-16,-9.046e-17,8.489e-16,0.0,2.2999999999999996e-06,3.0000000000000004e-08,0.2,0.35
58,0.4866,0.1131,7.877,2.0,4.969e-05,16.19,5.705e-05,0.0008044,0.0001021,107100000000.0,9.627e-16,7.42e-16,7.86e-17,3.746e-16,-1.728e-16,8.557e-16,0.0,2.2999999999999996e-06,3.0000000000000004e-08,0.2,0.4
59,0.5119,0.1242,6.476,2.0,0.0001019,12.65,9.029e-05,0.001289,0.000199,153900000000.0,9.695e-16,8.89e-16,6.537e-17,3.787e-16,-2.471e-16,8.618e-16,0.0,2.2999999999999996e-06,3.0000000000000004e-08,0.2,0.45
60,0.511,0.1385,5.006,2.0,0.0001779,9.797,0.0001215,0.001743,0.0003482,192100000000.0,9.745e-16,1.003e-15,5.476e-17,3.867e-16,-3.06e-16,8.67e-16,0.0,2.2999999999999996e-06,3.0000000000000004e-08,0.2,0.5
61,0.4908,0.1552,3.738,2.0,0.0002741,7.617,0.0001451,0.002088,0.0005585,216900000000.0,9.783e-16,1.086e-15,4.627e-17,4e-16,-3.498e-16,8.712e-16,0.0,2.2999999999999996e-06,3.0000000000000004e-08,0.2,0.55
62,0.4604,0.174,2.749,2.0,0.0003841,5.971,0.0001587,0.002293,0.0008342,227700000000.0,9.813e-16,1.144e-15,3.942e-17,4.189e-16,-3.8e-16,8.747e-16,0.0,2.2999999999999996e-06,3.0000000000000004e-08,0.2,0.6
63,0.4272,0.1945,2.019,2.0,0.0005008,4.725,0.0001631,0.002366,0.001172,227000000000.0,9.835e-16,1.183e-15,3.388e-17,4.427e-16,-3.988e-16,8.776e-16,0.0,2.2999999999999996e-06,3.0000000000000004e-08,0.2,0.65
64,0.396,0.2166,1.497,1.0,0.0006184,3.779,0.0001605,0.002337,0.001561,218200000000.0,9.853e-16,1.205e-15,2.937e-17,4.703e-16,-4.085e-16,8.799e-16,0.0,2.2999999999999996e-06,3.0000000000000004e-08,0.2,0.7
65,0.3688,0.2399,1.127,1.0,0.0007327,3.056,0.0001535,0.002239,0.001987,204700000000.0,9.867e-16,1.215e-15,2.569e-17,5.003e-16,-4.11e-16,8.818e-16,0.0,2.2999999999999996e-06,3.0000000000000004e-08,0.2,0.75
66,0.3458,0.2642,0.8639,1.0,0.0008409,2.498,0.0001442,0.002101,0.002432,188800000000.0,9.879e-16,1.216e-15,2.268e-17,5.316e-16,-4.083e-16,8.833e-16,0.0,2.2999999999999996e-06,3.0000000000000004e-08,0.2,0.8
67,0.3267,0.2894,0.6743,1.0,0.0009416,2.064,0.0001339,0.001944,0.002882,172400000000.0,9.888e-16,1.211e-15,2.021e-17,5.629e-16,-4.02e-16,8.845e-16,0.0,2.2999999999999996e-06,3.0000000000000004e-08,0.2,0.85
68,0.3108,0.3153,0.5354,1.0,0.001034,1.723,0.0001236,0.001782,0.003328,156400000000.0,9.896e-16,1.202e-15,1.816e-17,5.933e-16,-3.932e-16,8.855e-16,0.0,2.2999999999999996e-06,3.0000000000000004e-08,0.2,0.9
69,0.2976,0.3417,0.4318,1.0,0.001119,1.451,0.0001136,0.001623,0.00376,141300000000.0,9.902e-16,1.189e-15,1.645e-17,6.224e-16,-3.829e-16,8.864e-16,0.0,2.2999999999999996e-06,3.0000000000000004e-08,0.2,0.95
70,0.2865,0.3687,0.3531,1.0,0.001196,1.232,0.0001043,0.001474,0.004174,127500000000.0,9.907e-16,1.175e-15,1.502e-17,6.496e-16,-3.718e-16,8.87e-16,0.0,2.2999999999999996e-06,3.0000000000000004e-08,0.2,1.0
71,0.2772,0.396,0.2923,1.0,0.001266,1.054,9.564e-05,0.001334,0.004565,114900000000.0,9.911e-16,1.16e-15,1.381e-17,6.747e-16,-3.605e-16,8.876e-16,0.0,2.2999999999999996e-06,3.0000000000000004e-08,0.2,1.05
72,0.2693,0.4236,0.2446,1.0,0.001329,0.9082,8.765e-05,0.001207,0.004934,103500000000.0,9.914e-16,1.145e-15,1.278e-17,6.977e-16,-3.493e-16,8.881e-16,0.0,2.2999999999999996e-06,3.0000000000000004e-08,0.2,1.1
73,0.2625,0.4516,0.2066,1.0,0.001386,0.7871,8.027e-05,0.001091,0.005278,93300000000.0,9.917e-16,1.13e-15,1.189e-17,7.185e-16,-3.384e-16,8.885e-16,0.0,2.2999999999999996e-06,3.0000000000000004e-08,0.2,1.15
74,0.2567,0.4798,0.176,1.0,0.001437,0.6856,7.347e-05,0.0009853,0.005599,84140000000.0,9.92e-16,1.115e-15,1.113e-17,7.372e-16,-3.279e-16,8.888e-16,0.0,2.2999999999999996e-06,3.0000000000000004e-08,0.2,1.2
75,0.3518,0.102,9.26,0.0,3.591e-09,26.32,8.783e-09,9.448e-08,1.02e-08,17820000.0,9.427e-16,3.659e-16,1.338e-16,3.443e-16,-1.044e-21,8.029e-16,0.0,2.2999999999999996e-06,3.0000000000000004e-08,0.3,0.0
76,0.3559,0.102,9.403,0.0,1.342e-08,26.42,3.142e-08,3.546e-07,3.771e-08,66730000.0,9.427e-16,3.687e-16,1.295e-16,3.475e-16,-5.9020000000000004e-21,8.029e-16,0.0,2.2999999999999996e-06,3.0000000000000004e-08,0.3,0.05
77,0.3604,0.102,9.547,3.0,5.039e-08,26.49,1.132e-07,1.335e-06,1.398e-07,250600000.0,9.427e-16,3.708e-16,1.256e-16,3.51e-16,-3.3570000000000005e-20,8.029e-16,0.0,2.2999999999999996e-06,3.0000000000000004e-08,0.3,0.1
78,0.3662,0.1021,9.693,3.0,1.895e-07,26.47,4.088e-07,5.016e-06,5.175e-07,939700000.0,9.427e-16,3.727e-16,1.22e-16,3.549e-16,-1.919e-19,8.029e-16,0.0,2.2999999999999996e-06,3.0000000000000004e-08,0.3,0.15
79,0.3754,0.1022,9.835,3.0,7.082e-07,26.19,1.457e-06,1.855e-05,1.886e-06,3461000000.0,9.429e-16,3.758e-16,1.186e-16,3.588e-16,-1.096e-18,8.03e-16,0.0,2.2999999999999996e-06,3.0000000000000004e-08,0.3,0.2
80,0.3953,0.1026,9.953,3.0,2.57e-06,25.18,4.905e-06,6.469e-05,6.5e-06,11900000000.0,9.436e-16,3.878e-16,1.146e-16,3.626e-16,-6.084e-18,8.035e-16,0.0,2.2999999999999996e-06,3.0000000000000004e-08,0.3,0.25
81,0.4383,0.1037,10.01,3.0,8.583e-06,22.83,1.436e-05,0.000196,1.958e-05,34170000000.0,9.468e-16,4.395e-16,1.075e-16,3.659e-16,-2.896e-17,8.055e-16,0.0,2.2999999999999996e-06,3.0000000000000004e-08,0.3,0.3
82,0.512,0.1074,9.934,2.0,2.474e-05,19.4,3.409e-05,0.00048,4.832e-05,73810000000.0,9.542e-16,5.721e-16,9.414e-17,3.687e-16,-9.025e-17,8.107e-16,0.0,2.2999999999999996e-06,3.0000000000000004e-08,0.3,0.35
83,0.6143,0.115,9.636,2.0,5.943e-05,15.69,6.476e-05,0.0009322,9.675e-05,124600000000.0,9.627e-16,7.41e-16,7.876e-17,3.71e-16,-1.721e-16,8.174e-16,0.0,2.2999999999999996e-06,3.0000000000000004e-08,0.3,0.4
84,0.731,0.1267,9.023,2.0,0.0001194,12.34,0.0001011,0.001474,0.0001633,176900000000.0,9.693e-16,8.872e-16,6.58e-17,3.732e-16,-2.458e-16,8.233e-16,0.0,2.2999999999999996e-06,3.0000000000000004e-08,0.3,0.45
85,0.8375,0.1415,8.099,2.0,0.0002063,9.67,0.000136,0.001995,0.0002463,221600000000.0,9.742e-16,1.001e-15,5.56e-17,3.76e-16,-3.049e-16,8.282e-16,0.0,2.2999999999999996e-06,3.0000000000000004e-08,0.3,0.5
86,0.9109,0.1586,6.954,2.0,0.000317,7.635,0.000164,0.002421,0.0003481,254300000000.0,9.779e-16,1.087e-15,4.756e-17,3.798e-16,-3.509e-16,8.321e-16,0.0,2.2999999999999996e-06,3.0000000000000004e-08,0.3,0.55
87,0.9392,0.1777,5.726,2.0,0.0004459,6.097,0.0001828,0.002718,0.0004747,274000000000.0,9.806e-16,1.152e-15,4.113e-17,3.851e-16,-3.86e-16,8.352e-16,0.0,2.2999999999999996e-06,3.0000000000000004e-08,0.3,0.6
88,0.9258,0.1985,4.56,2.0,0.0005863,4.925,0.0001924,0.002888,0.0006333,282200000000.0,9.828e-16,1.201e-15,3.592e-17,3.922e-16,-4.122e-16,8.378e-16,0.0,2.2999999999999996e-06,3.0000000000000004e-08,0.3,0.65
89,0.8838,0.2207,3.556,2.0,0.0007323,4.023,0.0001944,0.002946,0.0008285,281000000000.0,9.845e-16,1.236e-15,3.164e-17,4.013e-16,-4.311e-16,8.399e-16,0.0,2.2999999999999996e-06,3.0000000000000004e-08,0.3,0.7
90,0.8283,0.2442,2.751,2.0,0.0008789,3.321,0.0001909,0.002919,0.001061,273200000000.0,9.858e-16,1.26e-15,2.809e-17,4.123e-16,-4.441e-16,8.416e-16,0.0,2.2999999999999996e-06,3.0000000000000004e-08,0.3,0.75
91,0.7702,0.2687,2.132,2.0,0.001022,2.768,0.0001839,0.00283,0.001328,260900000000.0,9.869e-16,1.276e-15,2.512e-17,4.253e-16,-4.52e-16,8.431e-16,0.0,2.2999999999999996e-06,3.0000000000000004e-08,0.3,0.8
92,0.7156,0.294,1.666,2.0,0.00116,2.329,0.000175,0.002702,0.001622,246100000000.0,9.878e-16,1.285e-15,2.261e-17,4.401e-16,-4.559e-16,8.443e-16,0.0,2.2999999999999996e-06,3.0000000000000004e-08,0.3,0.85
93,0.6669,0.32,1.318,1.0,0.001291,1.976,0.0001652,0.002551,0.001936,230000000000.0,9.886e-16,1.289e-15,2.048e-17,4.564e-16,-4.563e-16,8.453e-16,0.0,2.2999999999999996e-06,3.0000000000000004e-08,0.3,0.9
94,0.6247,0.3465,1.055,1.0,0.001415,1.689,0.0001552,0.002389,0.002264,213600000000.0,9.892e-16,1.287e-15,1.865e-17,4.741e-16,-4.54e-16,8.462e-16,0.0,2.2999999999999996e-06,3.0000000000000004e-08,0.3,0.95
95,0.5886,0.3735,0.8559,1.0,0.001529,1.454,0.0001455,0.002224,0.002599,197500000000.0,9.897e-16,1.282e-15,1.708e-17,4.929e-16,-4.494e-16,8.469e-16,0.0,2.2999999999999996e-06,3.0000000000000004e-08,0.3,1.0
96,0.5576,0.4009,0.7026,1.0,0.001636,1.26,0.0001361,0.002062,0.002934,182000000000.0,9.901e-16,1.275e-15,1.572e-17,5.123e-16,-4.43e-16,8.475e-16,0.0,2.2999999999999996e-06,3.0000000000000004e-08,0.3,1.05
97,0.5311,0.4286,0.5832,1.0,0.001735,1.098,0.0001272,0.001905,0.003266,167400000000.0,9.905e-16,1.264e-15,1.454e-17,5.323e-16,-4.351e-16,8.48e-16,0.0,2.2999999999999996e-06,3.0000000000000004e-08,0.3,1.1
98,0.5083,0.4566,0.489,1.0,0.001826,0.962,0.0001189,0.001756,0.003592,153800000000.0,9.908e-16,1.252e-15,1.351e-17,5.524e-16,-4.262e-16,8.485e-16,0.0,2.2999999999999996e-06,3.0000000000000004e-08,0.3,1.15
99,0.4887,0.4848,0.4137,1.0,0.00191,0.8465,0.000111,0.001616,0.003908,141100000000.0,9.911e-16,1.239e-15,1.261e-17,5.723e-16,-4.165e-16,8.489e-16,0.0,2.2999999999999996e-06,3.0000000000000004e-08,0.3,1.2
100,0.3581,0.1022,9.403,0.0,4.76e-09,26.26,1.135e-08,1.249e-07,1.328e-08,23700000.0,9.427e-16,3.659e-16,1.338e-16,3.39e-16,-1.044e-21,7.703e-16,0.0,2.2999999999999996e-06,3.0000000000000004e-08,0.4,0.0
101,0.3623,0.1022,9.549,0.0,1.773e-08,26.35,4.048e-08,4.671e-07,4.892e-08,88540000.0,9.427e-16,3.687e-16,1.295e-16,3.415e-16,-5.9e-21,7.703e-16,0.0,2.2999999999999996e-06,3.0000000000000004e-08,0.4,0.05
102,0.3672,0.1023,9.698,3.0,6.631e-08,26.41,1.453e-07,1.751e-06,1.806e-07,331500000.0,9.427e-16,3.708e-16,1.256e-16,3.443e-16,-3.3560000000000005e-20,7.703e-16,0.0,2.2999999999999996e-06,3.0000000000000004e-08,0.4,0.1
103,0.3735,0.1023,9.848,3.0,2.482e-07,26.37,5.218e-07,6.545e-06,6.646e-07,1237000000.0,9.427e-16,3.727e-16,1.22e-16,3.475e-16,-1.918e-19,7.703e-16,0.0,2.2999999999999996e-06,3.0000000000000004e-08,0.4,0.15
104,0.3845,0.1025,9.996,3.0,9.212e-07,26.0,1.839e-06,2.395e-05,2.396e-06,4509000000.0,9.429e-16,3.758e-16,1.186e-16,3.51e-16,-1.096e-18,7.704e-16,0.0,2.2999999999999996e-06,3.0000000000000004e-08,0.4,0.2
105,0.4088,0.1029,10.13,3.0,3.295e-06,24.77,6.049e-06,8.162e-05,8.059e-06,15150000000.0,9.436e-16,3.878e-16,1.146e-16,3.549e-16,-6.083e-18,7.708e-16,0.0,2.2999999999999996e-06,3.0000000000000004e-08,0.4,0.25
106,0.4602,0.1044,10.22,3.0,1.072e-05,22.21,1.704e-05,0.000238,2.329e-05,41830000000.0,9.468e-16,4.395e-16,1.075e-16,3.588e-16,-2.895e-17,7.728e-16,0.0,2.2999999999999996e-06,3.0000000000000004e-08,0.4,0.3
107,0.5479,0.1087,10.25,2.0,2.986e-05,18.7,3.879e-05,0.0005585,5.451e-05,86400000000.0,9.542e-16,5.72e-16,9.415e-17,3.626e-16,-9.019e-17,7.78e-16,0.0,2.2999999999999996e-06,3.0000000000000004e-08,0.4,0.35
108,0.6748,0.1171,10.16,2.0,6.936e-05,15.06,7.105e-05,0.001045,0.0001028,140200000000.0,9.627e-16,7.407e-16,7.88e-17,3.66e-16,-1.719e-16,7.847e-16,0.0,2.2999999999999996e-06,3.0000000000000004e-08,0.4,0.4
109,0.8354,0.1294,9.916,2.0,0.0001356,11.87,0.0001082,0.001609,0.0001623,193800000000.0,9.693e-16,8.865e-16,6.591e-17,3.69e-16,-2.452e-16,7.906e-16,0.0,2.2999999999999996e-06,3.0000000000000004e-08,0.4,0.45
110,1.013,0.1446,9.472,2.0,0.0002297,9.353,0.0001434,0.002148,0.0002268,239500000000.0,9.742e-16,9.999e-16,5.583e-17,3.716e-16,-3.04e-16,7.954e-16,0.0,2.2999999999999996e-06,3.0000000000000004e-08,0.4,0.5
111,1.184,0.162,8.815,2.0,0.0003486,7.448,0.000172,0.002596,0.0002945,273900000000.0,9.778e-16,1.086e-15,4.792e-17,3.742e-16,-3.5e-16,7.991e-16,0.0,2.2999999999999996e-06,3.0000000000000004e-08,0.4,0.55
112,1.323,0.1814,7.956,2.0,0.0004869,6.012,0.0001921,0.002928,0.000368,296700000000.0,9.805e-16,1.152e-15,4.164e-17,3.769e-16,-3.856e-16,8.022e-16,0.0,2.2999999999999996e-06,3.0000000000000004e-08,0.4,0.6
113,1.413,0.2025,6.95,2.0,0.0006389,4.92,0.0002038,0.003143,0.0004523,309100000000.0,9.826e-16,1.202e-15,3.657e-17,3.8e-16,-4.131e-16,8.046e-16,0.0,2.2999999999999996e-06,3.0000000000000004e-08,0.4,0.65
114,1.444,0.225,5.889,2.0,0.0007991,4.077,0.0002085,0.003258,0.0005532,313200000000.0,9.842e-16,1.24e-15,3.243e-17,3.837e-16,-4.34e-16,8.066e-16,0.0,2.2999999999999996e-06,3.0000000000000004e-08,0.4,0.7
115,1.425,0.2486,4.871,2.0,0.0009628,3.418,0.000208,0.003291,0.0006755,310800000000.0,9.855e-16,1.268e-15,2.9e-17,3.882e-16,-4.497e-16,8.083e-16,0.0,2.2999999999999996e-06,3.0000000000000004e-08,0.4,0.75
116,1.37,0.2733,3.966,2.0,0.001126,2.894,0.0002039,0.00326,0.000822,303800000000.0,9.866e-16,1.288e-15,2.612e-17,3.936e-16,-4.611e-16,8.096e-16,0.0,2.2999999999999996e-06,3.0000000000000004e-08,0.4,0.8
117,1.296,0.2987,3.205,2.0,0.001287,2.473,0.0001976,0.003183,0.0009933,293400000000.0,9.874e-16,1.303e-15,2.368e-17,3.999e-16,-4.691e-16,8.108e-16,0.0,2.2999999999999996e-06,3.0000000000000004e-08,0.4,0.85
118,1.215,0.3248,2.588,2.0,0.001444,2.129,0.0001899,0.003074,0.001188,280900000000.0,9.881e-16,1.313e-15,2.16e-17,4.073e-16,-4.742e-16,8.117e-16,0.0,2.2999999999999996e-06,3.0000000000000004e-08,0.4,0.9
119,1.136,0.3514,2.097,2.0,0.001594,1.846,0.0001817,0.002943,0.001403,267000000000.0,9.887e-16,1.318e-15,1.982e-17,4.157e-16,-4.769e-16,8.125e-16,0.0,2.2999999999999996e-06,3.0000000000000004e-08,0.4,0.95
120,1.062,0.3784,1.712,2.0,0.001737,1.611,0.0001732,0.002798,0.001635,252500000000.0,9.892e-16,1.321e-15,1.827e-17,4.251e-16,-4.774e-16,8.132e-16,0.0,2.2999999999999996e-06,3.0000000000000004e-08,0.4,1.0
121,0.9965,0.4058,1.409,1.0,0.001873,1.413,0.0001649,0.002647,0.001879,237700000000.0,9.896e-16,1.32e-15,1.692e-17,4.356e-16,-4.762e-16,8.138e-16,0.0,2.2999999999999996e-06,3.0000000000000004e-08,0.4,1.05
122,0.9383,0.4336,1.169,1.0,0.002001,1.246,0.0001568,0.002493,0.002132,223000000000.0,9.899e-16,1.317e-15,1.574e-17,4.47e-16,-4.735e-16,8.143e-16,0.0,2.2999999999999996e-06,3.0000000000000004e-08,0.4,1.1
123,0.8873,0.4616,0.9794,1.0,0.002121,1.104,0.000149,0.002341,0.00239,208700000000.0,9.902e-16,1.311e-15,1.47e-17,4.593e-16,-4.694e-16,8.147e-16,0.0,2.2999999999999996e-06,3.0000000000000004e-08,0.4,1.15
124,0.8427,0.4899,0.8271,1.0,0.002234,0.9815,0.0001415,0.002193,0.002651,194900000000.0,9.905e-16,1.304e-15,1.378e-17,4.723e-16,-4.641e-16,8.15e-16,0.0,2.2999999999999996e-06,3.0000000000000004e-08,0.4,1.2
125,0.3619,0.1024,9.481,0.0,6.285e-09,26.2,1.462e-08,1.645e-07,1.735e-08,31370000.0,9.427e-16,3.659e-16,1.338e-16,3.348e-16,-1.044e-21,7.42e-16,0.0,2.2999999999999996e-06,3.0000000000000004e-08,0.5,0.0
126,0.3663,0.1025,9.629,0.0,2.333e-08,26.29,5.194e-08,6.13e-07,6.366e-08,116800000.0,9.427e-16,3.687e-16,1.295e-16,3.367e-16,-5.899e-21,7.42e-16,0.0,2.2999999999999996e-06,3.0000000000000004e-08,0.5,0.05
127,0.3714,0.1025,9.78,3.0,8.693e-08,26.33,1.857e-07,2.289e-06,2.34e-07,436000000.0,9.427e-16,3.708e-16,1.256e-16,3.39e-16,-3.3560000000000005e-20,7.42e-16,0.0,2.2999999999999996e-06,3.0000000000000004e-08,0.5,0.1
128,0.3784,0.1026,9.932,3.0,3.239e-07,26.25,6.626e-07,8.501e-06,8.559e-07,1618000000.0,9.427e-16,3.727e-16,1.22e-16,3.415e-16,-1.918e-19,7.42e-16,0.0,2.2999999999999996e-06,3.0000000000000004e-08,0.5,0.15
129,0.3912,0.1027,10.08,3.0,1.192e-06,25.77,2.306e-06,3.072e-05,3.048e-06,5831000000.0,9.429e-16,3.758e-16,1.186e-16,3.443e-16,-1.096e-18,7.421e-16,0.0,2.2999999999999996e-06,3.0000000000000004e-08,0.5,0.2
130,0.42,0.1033,10.22,3.0,4.193e-06,24.32,7.385e-06,0.000102,9.984e-06,19100000000.0,9.436e-16,3.878e-16,1.146e-16,3.475e-16,-6.082e-18,7.425e-16,0.0,2.2999999999999996e-06,3.0000000000000004e-08,0.5,0.25
131,0.479,0.1051,10.32,3.0,1.326e-05,21.54,1.998e-05,0.0002857,2.769e-05,50640000000.0,9.468e-16,4.395e-16,1.075e-16,3.51e-16,-2.895e-17,7.445e-16,0.0,2.2999999999999996e-06,3.0000000000000004e-08,0.5,0.3
132,0.5772,0.1101,10.38,2.0,3.567e-05,17.98,4.355e-05,0.0006415,6.18e-05,100000000000.0,9.542e-16,5.72e-16,9.415e-17,3.549e-16,-9.017e-17,7.497e-16,0.0,2.2999999999999996e-06,3.0000000000000004e-08,0.5,0.35
133,0.7193,0.1193,10.37,2.0,8.005e-05,14.42,7.687e-05,0.001154,0.0001113,155900000000.0,9.627e-16,7.406e-16,7.881e-17,3.588e-16,-1.718e-16,7.564e-16,0.0,2.2999999999999996e-06,3.0000000000000004e-08,0.5,0.4
134,0.903,0.1321,10.27,2.0,0.000152,11.37,0.0001139,0.001729,0.0001684,209300000000.0,9.693e-16,8.861e-16,6.595e-17,3.627e-16,-2.449e-16,7.623e-16,0.0,2.2999999999999996e-06,3.0000000000000004e-08,0.5,0.45
135,1.117,0.1478,10.05,2.0,0.0002522,8.997,0.0001484,0.002269,0.0002257,254000000000.0,9.741e-16,9.993e-16,5.591e-17,3.663e-16,-3.036e-16,7.67e-16,0.0,2.2999999999999996e-06,3.0000000000000004e-08,0.5,0.5
136,1.345,0.1656,9.693,2.0,0.0003771,7.205,0.0001762,0.002717,0.0002803,287700000000.0,9.777e-16,1.086e-15,4.806e-17,3.695e-16,-3.494e-16,7.707e-16,0.0,2.2999999999999996e-06,3.0000000000000004e-08,0.5,0.55
137,1.566,0.1852,9.173,2.0,0.0005216,5.856,0.0001958,0.003055,0.000333,310600000000.0,9.804e-16,1.151e-15,4.183e-17,3.723e-16,-3.85e-16,7.737e-16,0.0,2.2999999999999996e-06,3.0000000000000004e-08,0.5,0.6
138,1.758,0.2066,8.491,2.0,0.0006803,4.831,0.0002078,0.003287,0.0003871,324300000000.0,9.825e-16,1.201e-15,3.683e-17,3.748e-16,-4.126e-16,7.761e-16,0.0,2.2999999999999996e-06,3.0000000000000004e-08,0.5,0.65
139,1.898,0.2293,7.669,2.0,0.0008482,4.04,0.0002135,0.003427,0.0004468,330700000000.0,9.841e-16,1.24e-15,3.274e-17,3.772e-16,-4.339e-16,7.781e-16,0.0,2.2999999999999996e-06,3.0000000000000004e-08,0.5,0.7
140,1.977,0.2531,6.763,2.0,0.001021,3.421,0.0002146,0.003494,0.0005166,331400000000.0,9.854e-16,1.269e-15,2.937e-17,3.798e-16,-4.503e-16,7.797e-16,0.0,2.2999999999999996e-06,3.0000000000000004e-08,0.5,0.75
141,1.994,0.2779,5.839,2.0,0.001196,2.929,0.0002125,0.003503,0.0005999,328000000000.0,9.864e-16,1.291e-15,2.654e-17,3.826e-16,-4.628e-16,7.81e-16,0.0,2.2999999999999996e-06,3.0000000000000004e-08,0.5,0.8
142,1.959,0.3034,4.959,2.0,0.00137,2.531,0.0002082,0.003468,0.0006993,321400000000.0,9.872e-16,1.307e-15,2.416e-17,3.858e-16,-4.72e-16,7.821e-16,0.0,2.2999999999999996e-06,3.0000000000000004e-08,0.5,0.85
143,1.889,0.3296,4.164,2.0,0.001542,2.205,0.0002027,0.003399,0.0008162,312600000000.0,9.879e-16,1.319e-15,2.212e-17,3.895e-16,-4.787e-16,7.83e-16,0.0,2.2999999999999996e-06,3.0000000000000004e-08,0.5,0.9
144,1.798,0.3562,3.476,2.0,0.001709,1.934,0.0001964,0.003304,0.0009505,302000000000.0,9.885e-16,1.327e-15,2.038e-17,3.936e-16,-4.833e-16,7.837e-16,0.0,2.2999999999999996e-06,3.0000000000000004e-08,0.5,0.95
145,1.699,0.3833,2.898,2.0,0.001871,1.706,0.0001897,0.003191,0.001101,290300000000.0,9.889e-16,1.332e-15,1.886e-17,3.984e-16,-4.861e-16,7.844e-16,0.0,2.2999999999999996e-06,3.0000000000000004e-08,0.5,1.0
146,1.6,0.4108,2.419,2.0,0.002027,1.512,0.0001829,0.003065,0.001267,277800000000.0,9.893e-16,1.335e-15,1.755e-17,4.039e-16,-4.873e-16,7.849e-16,0.0,2.2999999999999996e-06,3.0000000000000004e-08,0.5,1.05
147,1.506,0.4386,2.028,2.0,0.002177,1.347,0.0001762,0.002931,0.001445,264800000000.0,9.897e-16,1.335e-15,1.64e-17,4.099e-16,-4.872e-16,7.853e-16,0.0,2.2999999999999996e-06,3.0000000000000004e-08,0.5,1.1
148,1.42,0.4667,1.709,2.0,0.002319,1.204,0.0001696,0.002792,0.001634,251700000000.0,9.899e-16,1.334e-15,1.538e-17,4.167e-16,-4.86e-16,7.857e-16,0.0,2.2999999999999996e-06,3.0000000000000004e-08,0.5,1.15
149,1.342,0.495,1.449,2.0,0.002455,1.08,0.0001632,0.002652,0.00183,238600000000.0,9.901e-16,1.331e-15,1.448e-17,4.242e-16,-4.837e-16,7.86e-16,0.0,2.2999999999999996e-06,3.0000000000000004e-08,0.5,1.2
150,0.3649,0.1026,9.536,0.0,8.278e-09,26.13,1.877e-08,2.16e-07,2.266e-08,41370000.0,9.427e-16,3.659e-16,1.338e-16,3.314e-16,-1.044e-21,7.171e-16,0.0,2.2999999999999996e-06,3.0000000000000004e-08,0.6,0.0
151,0.3694,0.1027,9.685,0.0,3.061e-08,26.22,6.645e-08,8.023e-07,8.284e-08,153600000.0,9.427e-16,3.687e-16,1.295e-16,3.33e-16,-5.899e-21,7.171e-16,0.0,2.2999999999999996e-06,3.0000000000000004e-08,0.6,0.05
152,0.3748,0.1027,9.836,3.0,1.136e-07,26.25,2.365e-07,2.982e-06,3.032e-07,571100000.0,9.427e-16,3.708e-16,1.256e-16,3.348e-16,-3.355e-20,7.171e-16,0.0,2.2999999999999996e-06,3.0000000000000004e-08,0.6,0.1
153,0.3825,0.1028,9.989,3.0,4.212e-07,26.12,8.38e-07,1.1e-05,1.101e-06,2106000000.0,9.427e-16,3.727e-16,1.22e-16,3.367e-16,-1.918e-19,7.171e-16,0.0,2.2999999999999996e-06,3.0000000000000004e-08,0.6,0.15
154,0.3974,0.103,10.14,3.0,1.536e-06,25.51,2.874e-06,3.92e-05,3.866e-06,7486000000.0,9.429e-16,3.758e-16,1.186e-16,3.39e-16,-1.096e-18,7.172e-16,0.0,2.2999999999999996e-06,3.0000000000000004e-08,0.6,0.2
155,0.4312,0.1037,10.27,3.0,5.304e-06,23.83,8.935e-06,0.0001264,1.23e-05,23840000000.0,9.436e-16,3.878e-16,1.146e-16,3.415e-16,-6.082e-18,7.177e-16,0.0,2.2999999999999996e-06,3.0000000000000004e-08,0.6,0.25
156,0.4977,0.106,10.38,3.0,1.628e-05,20.86,2.318e-05,0.0003395,3.271e-05,60620000000.0,9.468e-16,4.395e-16,1.075e-16,3.443e-16,-2.895e-17,7.197e-16,0.0,2.2999999999999996e-06,3.0000000000000004e-08,0.6,0.3
157,0.6053,0.1117,10.45,2.0,4.224e-05,17.27,4.84e-05,0.0007295,6.978e-05,114500000000.0,9.542e-16,5.72e-16,9.415e-17,3.475e-16,-9.015e-17,7.249e-16,0.0,2.2999999999999996e-06,3.0000000000000004e-08,0.6,0.35
158,0.7596,0.1216,10.48,2.0,9.163e-05,13.79,8.239e-05,0.001264,0.0001206,171900000000.0,9.627e-16,7.405e-16,7.882e-17,3.511e-16,-1.717e-16,7.315e-16,0.0,2.2999999999999996e-06,3.0000000000000004e-08,0.6,0.4
159,0.9589,0.135,10.44,2.0,0.0001693,10.89,0.0001189,0.001843,0.0001765,224400000000.0,9.693e-16,8.86e-16,6.597e-17,3.549e-16,-2.448e-16,7.374e-16,0.0,2.2999999999999996e-06,3.0000000000000004e-08,0.6,0.45
160,1.195,0.151,10.33,2.0,0.0002749,8.641,0.0001521,0.002375,0.00023,267400000000.0,9.741e-16,9.99e-16,5.595e-17,3.59e-16,-3.034e-16,7.421e-16,0.0,2.2999999999999996e-06,3.0000000000000004e-08,0.6,0.5
161,1.456,0.1691,10.12,2.0,0.0004049,6.951,0.0001785,0.002814,0.000278,299400000000.0,9.777e-16,1.085e-15,4.812e-17,3.63e-16,-3.491e-16,7.458e-16,0.0,2.2999999999999996e-06,3.0000000000000004e-08,0.6,0.55
162,1.727,0.1891,9.809,2.0,0.0005542,5.679,0.0001971,0.003147,0.0003208,321200000000.0,9.804e-16,1.151e-15,4.192e-17,3.667e-16,-3.846e-16,7.488e-16,0.0,2.2999999999999996e-06,3.0000000000000004e-08,0.6,0.6
163,1.988,0.2107,9.368,2.0,0.0007175,4.712,0.0002086,0.00338,0.0003608,334700000000.0,9.824e-16,1.201e-15,3.694e-17,3.699e-16,-4.122e-16,7.512e-16,0.0,2.2999999999999996e-06,3.0000000000000004e-08,0.6,0.65
164,2.219,0.2336,8.798,2.0,0.0008903,3.965,0.0002144,0.00353,0.0004013,341600000000.0,9.84e-16,1.239e-15,3.289e-17,3.727e-16,-4.336e-16,7.531e-16,0.0,2.2999999999999996e-06,3.0000000000000004e-08,0.6,0.7
165,2.399,0.2576,8.112,2.0,0.001069,3.381,0.0002161,0.003614,0.0004455,343800000000.0,9.853e-16,1.268e-15,2.954e-17,3.751e-16,-4.501e-16,7.547e-16,0.0,2.2999999999999996e-06,3.0000000000000004e-08,0.6,0.75
166,2.517,0.2825,7.34,2.0,0.00125,2.916,0.000215,0.003646,0.0004967,342300000000.0,9.863e-16,1.291e-15,2.675e-17,3.773e-16,-4.628e-16,7.56e-16,0.0,2.2999999999999996e-06,3.0000000000000004e-08,0.6,0.8
167,2.57,0.3081,6.527,2.0,0.001432,2.54,0.0002121,0.003638,0.0005573,338200000000.0,9.872e-16,1.308e-15,2.439e-17,3.795e-16,-4.725e-16,7.57e-16,0.0,2.2999999999999996e-06,3.0000000000000004e-08,0.6,0.85
168,2.563,0.3344,5.718,2.0,0.001613,2.231,0.0002081,0.003598,0.0006292,332100000000.0,9.878e-16,1.32e-15,2.238e-17,3.818e-16,-4.798e-16,7.579e-16,0.0,2.2999999999999996e-06,3.0000000000000004e-08,0.6,0.9
169,2.51,0.3611,4.952,2.0,0.001791,1.973,0.0002034,0.003534,0.0007136,324300000000.0,9.884e-16,1.329e-15,2.066e-17,3.842e-16,-4.85e-16,7.586e-16,0.0,2.2999999999999996e-06,3.0000000000000004e-08,0.6,0.95
170,2.424,0.3883,4.255,2.0,0.001965,1.755,0.0001983,0.00345,0.0008108,315200000000.0,9.888e-16,1.336e-15,1.917e-17,3.869e-16,-4.886e-16,7.592e-16,0.0,2.2999999999999996e-06,3.0000000000000004e-08,0.6,1.0
171,2.319,0.4158,3.639,2.0,0.002135,1.569,0.0001931,0.00335,0.0009206,305100000000.0,9.892e-16,1.34e-15,1.788e-17,3.9e-16,-4.909e-16,7.597e-16,0.0,2.2999999999999996e-06,3.0000000000000004e-08,0.6,1.05
172,2.206,0.4437,3.108,2.0,0.002299,1.409,0.0001878,0.003239,0.001042,294300000000.0,9.895e-16,1.342e-15,1.675e-17,3.934e-16,-4.92e-16,7.602e-16,0.0,2.2999999999999996e-06,3.0000000000000004e-08,0.6,1.1
173,2.092,0.4718,2.656,2.0,0.002458,1.269,0.0001826,0.00312,0.001175,282900000000.0,9.898e-16,1.342e-15,1.576e-17,3.973e-16,-4.921e-16,7.605e-16,0.0,2.2999999999999996e-06,3.0000000000000004e-08,0.6,1.15
174,1.983,0.5001,2.275,2.0,0.002611,1.147,0.0001774,0.002995,0.001316,271300000000.0,9.9e-16,1.341e-15,1.489e-17,4.016e-16,-4.913e-16,7.608e-16,0.0,2.2999999999999996e-06,3.0000000000000004e-08,0.6,1.2
175,0.3675,0.1029,9.58,0.0,1.088e-08,26.07,2.403e-08,2.832e-07,2.956e-08,54400000.0,9.427e-16,3.659e-16,1.338e-16,3.287e-16,-1.044e-21,6.951e-16,0.0,2.2999999999999996e-06,3.0000000000000004e-08,0.7,0.0
176,0.3722,0.1029,9.73,3.0,4.01e-08,26.14,8.48e-08,1.048e-06,1.077e-07,201400000.0,9.427e-16,3.687e-16,1.295e-16,3.3e-16,-5.899e-21,6.951e-16,0.0,2.2999999999999996e-06,3.0000000000000004e-08,0.7,0.05
177,0.3778,0.1029,9.882,3.0,1.482e-07,26.16,3.004e-07,3.877e-06,3.923e-07,745300000.0,9.427e-16,3.708e-16,1.256e-16,3.314e-16,-3.355e-20,6.951e-16,0.0,2.2999999999999996e-06,3.0000000000000004e-08,0.7,0.1
178,0.3863,0.103,10.03,3.0,5.464e-07,25.97,1.056e-06,1.419e-05,1.414e-06,2729000000.0,9.427e-16,3.727e-16,1.22e-16,3.33e-16,-1.918e-19,6.951e-16,0.0,2.2999999999999996e-06,3.0000000000000004e-08,0.7,0.15
179,0.4038,0.1033,10.18,3.0,1.972e-06,25.22,3.561e-06,4.973e-05,4.884e-06,9546000000.0,9.429e-16,3.758e-16,1.186e-16,3.348e-16,-1.096e-18,6.952e-16,0.0,2.2999999999999996e-06,3.0000000000000004e-08,0.7,0.2
180,0.443,0.1042,10.32,3.0,6.668e-06,23.29,1.071e-05,0.0001553,1.505e-05,29450000000.0,9.436e-16,3.878e-16,1.146e-16,3.367e-16,-6.081e-18,6.956e-16,0.0,2.2999999999999996e-06,3.0000000000000004e-08,0.7,0.25
181,0.5171,0.1069,10.42,3.0,1.982e-05,20.16,2.662e-05,0.0003996,3.834e-05,71780000000.0,9.468e-16,4.395e-16,1.075e-16,3.39e-16,-2.894e-17,6.976e-16,0.0,2.2999999999999996e-06,3.0000000000000004e-08,0.7,0.3
182,0.634,0.1134,10.5,2.0,4.964e-05,16.56,5.331e-05,0.0008221,7.829e-05,129900000000.0,9.542e-16,5.72e-16,9.415e-17,3.415e-16,-9.015e-17,7.028e-16,0.0,2.2999999999999996e-06,3.0000000000000004e-08,0.7,0.35
183,0.7992,0.124,10.54,2.0,0.0001042,13.19,8.764e-05,0.001374,0.0001303,187900000000.0,9.627e-16,7.405e-16,7.882e-17,3.443e-16,-1.717e-16,7.095e-16,0.0,2.2999999999999996e-06,3.0000000000000004e-08,0.7,0.4
184,1.011,0.1379,10.53,2.0,0.0001873,10.42,0.0001233,0.001952,0.0001853,239100000000.0,9.693e-16,8.859e-16,6.598e-17,3.475e-16,-2.447e-16,7.154e-16,0.0,2.2999999999999996e-06,3.0000000000000004e-08,0.7,0.45
185,1.263,0.1543,10.48,2.0,0.0002982,8.296,0.000155,0.002474,0.0002361,280000000000.0,9.741e-16,9.988e-16,5.597e-17,3.511e-16,-3.032e-16,7.201e-16,0.0,2.2999999999999996e-06,3.0000000000000004e-08,0.7,0.5
186,1.546,0.1728,10.36,2.0,0.0004328,6.7,0.0001798,0.0029,0.00028,310100000000.0,9.777e-16,1.085e-15,4.815e-17,3.551e-16,-3.489e-16,7.238e-16,0.0,2.2999999999999996e-06,3.0000000000000004e-08,0.7,0.55
187,1.848,0.193,10.16,2.0,0.000586,5.498,0.0001971,0.003222,0.0003172,330500000000.0,9.804e-16,1.15e-15,4.197e-17,3.592e-16,-3.844e-16,7.267e-16,0.0,2.2999999999999996e-06,3.0000000000000004e-08,0.7,0.6
188,2.154,0.2148,9.871,2.0,0.0007529,4.583,0.0002078,0.00345,0.0003495,343100000000.0,9.824e-16,1.2e-15,3.701e-17,3.632e-16,-4.119e-16,7.291e-16,0.0,2.2999999999999996e-06,3.0000000000000004e-08,0.7,0.65
189,2.446,0.2379,9.482,2.0,0.0009291,3.876,0.0002132,0.003601,0.0003798,349800000000.0,9.84e-16,1.239e-15,3.297e-17,3.67e-16,-4.333e-16,7.31e-16,0.0,2.2999999999999996e-06,3.0000000000000004e-08,0.7,0.7
190,2.706,0.2621,8.989,2.0,0.001111,3.322,0.0002151,0.003692,0.0004107,352300000000.0,9.853e-16,1.268e-15,2.963e-17,3.703e-16,-4.498e-16,7.326e-16,0.0,2.2999999999999996e-06,3.0000000000000004e-08,0.7,0.75
191,2.916,0.2871,8.4,2.0,0.001297,2.881,0.0002145,0.003736,0.0004448,351700000000.0,9.863e-16,1.291e-15,2.685e-17,3.73e-16,-4.626e-16,7.339e-16,0.0,2.2999999999999996e-06,3.0000000000000004e-08,0.7,0.8
192,3.065,0.3129,7.734,2.0,0.001484,2.523,0.0002124,0.003744,0.0004841,349000000000.0,9.871e-16,1.308e-15,2.451e-17,3.753e-16,-4.725e-16,7.349e-16,0.0,2.2999999999999996e-06,3.0000000000000004e-08,0.7,0.85
193,3.149,0.3392,7.021,2.0,0.00167,2.229,0.0002094,0.003724,0.0005304,344500000000.0,9.878e-16,1.321e-15,2.252e-17,3.773e-16,-4.799e-16,7.358e-16,0.0,2.2999999999999996e-06,3.0000000000000004e-08,0.7,0.9
194,3.171,0.366,6.292,2.0,0.001855,1.984,0.0002058,0.003681,0.000585,338600000000.0,9.883e-16,1.33e-15,2.081e-17,3.792e-16,-4.854e-16,7.365e-16,0.0,2.2999999999999996e-06,3.0000000000000004e-08,0.7,0.95
195,3.141,0.3932,5.579,2.0,0.002037,1.776,0.000202,0.003619,0.0006487,331500000000.0,9.888e-16,1.337e-15,1.934e-17,3.812e-16,-4.893e-16,7.371e-16,0.0,2.2999999999999996e-06,3.0000000000000004e-08,0.7,1.0
196,3.07,0.4208,4.906,2.0,0.002216,1.598,0.000198,0.003542,0.0007219,323500000000.0,9.891e-16,1.341e-15,1.807e-17,3.832e-16,-4.92e-16,7.376e-16,0.0,2.2999999999999996e-06,3.0000000000000004e-08,0.7,1.05
197,2.971,0.4487,4.289,2.0,0.002391,1.444,0.0001939,0.003452,0.0008047,314600000000.0,9.894e-16,1.344e-15,1.695e-17,3.853e-16,-4.936e-16,7.38e-16,0.0,2.2999999999999996e-06,3.0000000000000004e-08,0.7,1.1
198,2.855,0.4768,3.737,2.0,0.002561,1.309,0.0001899,0.003351,0.0008967,305000000000.0,9.897e-16,1.345e-15,1.598e-17,3.877e-16,-4.943e-16,7.383e-16,0.0,2.2999999999999996e-06,3.0000000000000004e-08,0.7,1.15
199,2.732,0.5052,3.252,2.0,0.002725,1.19,0.000186,0.003243,0.0009974,295000000000.0,9.899e-16,1.345e-15,1.513e-17,3.903e-16,-4.942e-16,7.386e-16,0.0,2.2999999999999996e-06,3.0000000000000004e-08,0.7,1.2
200,0.3699,0.1031,9.619,0.0,1.428e-08,26.0,3.071e-08,3.705e-07,3.851e-08,71370000.0,9.427e-16,3.659e-16,1.338e-16,3.265e-16,-1.044e-21,6.754e-16,0.0,2.2999999999999996e-06,3.0000000000000004e-08,0.8,0.0
201,0.3747,0.1031,9.769,3.0,5.241e-08,26.07,1.08e-07,1.366e-06,1.398e-07,263200000.0,9.427e-16,3.687e-16,1.295e-16,3.276e-16,-5.899e-21,6.754e-16,0.0,2.2999999999999996e-06,3.0000000000000004e-08,0.8,0.05
202,0.3807,0.1032,9.921,3.0,1.93e-07,26.06,3.805e-07,5.028e-06,5.068e-07,969900000.0,9.427e-16,3.708e-16,1.256e-16,3.287e-16,-3.355e-20,6.754e-16,0.0,2.2999999999999996e-06,3.0000000000000004e-08,0.8,0.1
203,0.3903,0.1033,10.07,3.0,7.069e-07,25.81,1.325e-06,1.825e-05,1.811e-06,3521000000.0,9.427e-16,3.727e-16,1.22e-16,3.3e-16,-1.918e-19,6.754e-16,0.0,2.2999999999999996e-06,3.0000000000000004e-08,0.8,0.15
204,0.4108,0.1036,10.22,3.0,2.521e-06,24.88,4.384e-06,6.272e-05,6.137e-06,12090000000.0,9.429e-16,3.758e-16,1.186e-16,3.314e-16,-1.096e-18,6.755e-16,0.0,2.2999999999999996e-06,3.0000000000000004e-08,0.8,0.2
205,0.4558,0.1047,10.35,3.0,8.33e-06,22.71,1.273e-05,0.0001891,1.827e-05,36040000000.0,9.436e-16,3.878e-16,1.146e-16,3.33e-16,-6.081e-18,6.76e-16,0.0,2.2999999999999996e-06,3.0000000000000004e-08,0.8,0.25
206,0.5377,0.108,10.46,2.0,2.396e-05,19.45,3.029e-05,0.000466,4.456e-05,84110000000.0,9.468e-16,4.395e-16,1.075e-16,3.348e-16,-2.894e-17,6.78e-16,0.0,2.2999999999999996e-06,3.0000000000000004e-08,0.8,0.3
207,0.6639,0.1152,10.54,2.0,5.791e-05,15.87,5.823e-05,0.000919,8.722e-05,145800000000.0,9.542e-16,5.72e-16,9.415e-17,3.367e-16,-9.014e-17,6.831e-16,0.0,2.2999999999999996e-06,3.0000000000000004e-08,0.8,0.35
208,0.8394,0.1265,10.58,2.0,0.0001177,12.61,9.261e-05,0.001484,0.0001402,203900000000.0,9.627e-16,7.405e-16,7.883e-17,3.39e-16,-1.717e-16,6.898e-16,0.0,2.2999999999999996e-06,3.0000000000000004e-08,0.8,0.4
209,1.062,0.1409,10.59,2.0,0.0002063,9.975,0.0001273,0.002058,0.0001942,253200000000.0,9.693e-16,8.858e-16,6.599e-17,3.415e-16,-2.447e-16,6.957e-16,0.0,2.2999999999999996e-06,3.0000000000000004e-08,0.8,0.45
210,1.326,0.1576,10.57,2.0,0.0003221,7.967,0.0001573,0.002566,0.0002429,291900000000.0,9.741e-16,9.987e-16,5.598e-17,3.444e-16,-3.031e-16,7.004e-16,0.0,2.2999999999999996e-06,3.0000000000000004e-08,0.8,0.5
211,1.625,0.1764,10.49,2.0,0.0004609,6.458,0.0001804,0.002977,0.0002837,320000000000.0,9.777e-16,1.085e-15,4.817e-17,3.476e-16,-3.488e-16,7.041e-16,0.0,2.2999999999999996e-06,3.0000000000000004e-08,0.8,0.55
212,1.948,0.197,10.36,2.0,0.0006176,5.32,0.0001963,0.003286,0.000317,338900000000.0,9.803e-16,1.15e-15,4.199e-17,3.513e-16,-3.842e-16,7.07e-16,0.0,2.2999999999999996e-06,3.0000000000000004e-08,0.8,0.6
213,2.285,0.219,10.17,2.0,0.0007875,4.452,0.000206,0.003506,0.0003447,350400000000.0,9.824e-16,1.2e-15,3.704e-17,3.553e-16,-4.117e-16,7.094e-16,0.0,2.2999999999999996e-06,3.0000000000000004e-08,0.8,0.65
214,2.619,0.2423,9.903,2.0,0.0009665,3.781,0.0002109,0.003654,0.000369,356600000000.0,9.84e-16,1.238e-15,3.301e-17,3.594e-16,-4.331e-16,7.113e-16,0.0,2.2999999999999996e-06,3.0000000000000004e-08,0.8,0.7
215,2.935,0.2666,9.551,2.0,0.001151,3.254,0.0002126,0.003747,0.0003923,359000000000.0,9.853e-16,1.268e-15,2.969e-17,3.635e-16,-4.496e-16,7.129e-16,0.0,2.2999999999999996e-06,3.0000000000000004e-08,0.8,0.75
216,3.216,0.2918,9.114,2.0,0.00134,2.834,0.0002123,0.003797,0.0004166,358700000000.0,9.863e-16,1.29e-15,2.692e-17,3.673e-16,-4.624e-16,7.141e-16,0.0,2.2999999999999996e-06,3.0000000000000004e-08,0.8,0.8
217,3.449,0.3176,8.598,2.0,0.00153,2.493,0.0002106,0.003814,0.0004436,356600000000.0,9.871e-16,1.307e-15,2.458e-17,3.705e-16,-4.723e-16,7.152e-16,0.0,2.2999999999999996e-06,3.0000000000000004e-08,0.8,0.85
218,3.622,0.344,8.015,2.0,0.00172,2.213,0.0002083,0.003807,0.0004749,353000000000.0,9.877e-16,1.32e-15,2.26e-17,3.732e-16,-4.798e-16,7.16e-16,0.0,2.2999999999999996e-06,3.0000000000000004e-08,0.8,0.9
219,3.732,0.3709,7.384,2.0,0.00191,1.978,0.0002055,0.003778,0.0005116,348300000000.0,9.883e-16,1.33e-15,2.09e-17,3.754e-16,-4.854e-16,7.167e-16,0.0,2.2999999999999996e-06,3.0000000000000004e-08,0.8,0.95
220,3.782,0.3982,6.73,2.0,0.002097,1.78,0.0002025,0.003732,0.0005545,342600000000.0,9.887e-16,1.337e-15,1.944e-17,3.773e-16,-4.894e-16,7.173e-16,0.0,2.2999999999999996e-06,3.0000000000000004e-08,0.8,1.0
221,3.776,0.4258,6.075,2.0,0.002282,1.609,0.0001995,0.003671,0.0006043,336000000000.0,9.891e-16,1.342e-15,1.817e-17,3.79e-16,-4.923e-16,7.178e-16,0.0,2.2999999999999996e-06,3.0000000000000004e-08,0.8,1.05
222,3.725,0.4538,5.441,2.0,0.002463,1.461,0.0001965,0.003598,0.0006613,328700000000.0,9.894e-16,1.344e-15,1.707e-17,3.807e-16,-4.941e-16,7.182e-16,0.0,2.2999999999999996e-06,3.0000000000000004e-08,0.8,1.1
223,3.64,0.4819,4.843,2.0,0.002641,1.331,0.0001935,0.003514,0.0007255,320600000000.0,9.896e-16,1.346e-15,1.611e-17,3.824e-16,-4.95e-16,7.185e-16,0.0,2.2999999999999996e-06,3.0000000000000004e-08,0.8,1.15
224,3.531,0.5103,4.293,2.0,0.002814,1.216,0.0001905,0.003421,0.0007969,311900000000.0,9.898e-16,1.346e-15,1.527e-17,3.842e-16,-4.952e-16,7.187e-16,0.0,2.2999999999999996e-06,3.0000000000000004e-08,0.8,1.2
225,0.3722,0.1033,9.655,0.0,1.87e-08,25.94,3.916e-08,4.838e-07,5.011e-08,93420000.0,9.427e-16,3.659e-16,1.338e-16,3.246e-16,-1.044e-21,6.577e-16,0.0,2.2999999999999996e-06,3.0000000000000004e-08,0.9,0.0
226,0.3772,0.1033,9.805,3.0,6.839e-08,26.0,1.371e-07,1.777e-06,1.812e-07,343300000.0,9.427e-16,3.687e-16,1.295e-16,3.255e-16,-5.899e-21,6.577e-16,0.0,2.2999999999999996e-06,3.0000000000000004e-08,0.9,0.05
227,0.3836,0.1034,9.958,3.0,2.507e-07,25.96,4.806e-07,6.507e-06,6.535e-07,1258000000.0,9.427e-16,3.708e-16,1.256e-16,3.265e-16,-3.355e-20,6.577e-16,0.0,2.2999999999999996e-06,3.0000000000000004e-08,0.9,0.1
228,0.3945,0.1035,10.11,3.0,9.121e-07,25.63,1.657e-06,2.337e-05,2.312e-06,4524000000.0,9.427e-16,3.727e-16,1.22e-16,3.276e-16,-1.918e-19,6.577e-16,0.0,2.2999999999999996e-06,3.0000000000000004e-08,0.9,0.15
229,0.4185,0.1039,10.25,3.0,3.209e-06,24.5,5.359e-06,7.862e-05,7.667e-06,15200000000.0,9.429e-16,3.758e-16,1.186e-16,3.287e-16,-1.096e-18,6.578e-16,0.0,2.2999999999999996e-06,3.0000000000000004e-08,0.9,0.2
230,0.4698,0.1053,10.38,3.0,1.034e-05,22.09,1.499e-05,0.0002284,2.201e-05,43680000000.0,9.436e-16,3.878e-16,1.146e-16,3.3e-16,-6.081e-18,6.582e-16,0.0,2.2999999999999996e-06,3.0000000000000004e-08,0.9,0.25
231,0.5596,0.1092,10.48,2.0,2.875e-05,18.73,3.416e-05,0.0005387,5.138e-05,97600000000.0,9.468e-16,4.395e-16,1.075e-16,3.314e-16,-2.894e-17,6.602e-16,0.0,2.2999999999999996e-06,3.0000000000000004e-08,0.9,0.3
232,0.6952,0.1172,10.56,2.0,6.708e-05,15.2,6.31e-05,0.001019,9.65e-05,162400000000.0,9.542e-16,5.72e-16,9.415e-17,3.33e-16,-9.014e-17,6.654e-16,0.0,2.2999999999999996e-06,3.0000000000000004e-08,0.9,0.35
233,0.8806,0.1291,10.62,2.0,0.0001322,12.05,9.727e-05,0.001594,0.0001501,219800000000.0,9.627e-16,7.405e-16,7.883e-17,3.348e-16,-1.717e-16,6.721e-16,0.0,2.2999999999999996e-06,3.0000000000000004e-08,0.9,0.4
234,1.113,0.1439,10.64,2.0,0.0002261,9.553,0.0001307,0.00216,0.0002031,266800000000.0,9.693e-16,8.858e-16,6.599e-17,3.367e-16,-2.447e-16,6.78e-16,0.0,2.2999999999999996e-06,3.0000000000000004e-08,0.9,0.45
235,1.388,0.1611,10.62,2.0,0.0003467,7.653,0.000159,0.002653,0.0002498,303000000000.0,9.741e-16,9.986e-16,5.598e-17,3.39e-16,-3.031e-16,6.827e-16,0.0,2.2999999999999996e-06,3.0000000000000004e-08,0.9,0.5
236,1.699,0.1802,10.58,2.0,0.0004894,6.227,0.0001804,0.003048,0.0002881,329000000000.0,9.777e-16,1.085e-15,4.818e-17,3.416e-16,-3.487e-16,6.864e-16,0.0,2.2999999999999996e-06,3.0000000000000004e-08,0.9,0.55
237,2.038,0.201,10.49,2.0,0.0006493,5.148,0.0001949,0.003343,0.0003186,346300000000.0,9.803e-16,1.15e-15,4.201e-17,3.445e-16,-3.841e-16,6.893e-16,0.0,2.2999999999999996e-06,3.0000000000000004e-08,0.9,0.6
238,2.396,0.2233,10.36,2.0,0.0008218,4.324,0.0002035,0.003554,0.000343,356900000000.0,9.824e-16,1.2e-15,3.706e-17,3.478e-16,-4.116e-16,6.917e-16,0.0,2.2999999999999996e-06,3.0000000000000004e-08,0.9,0.65
239,2.76,0.2467,10.17,2.0,0.001003,3.685,0.0002079,0.003696,0.0003634,362600000000.0,9.84e-16,1.238e-15,3.304e-17,3.514e-16,-4.329e-16,6.936e-16,0.0,2.2999999999999996e-06,3.0000000000000004e-08,0.9,0.7
240,3.116,0.2712,9.918,2.0,0.00119,3.183,0.0002094,0.003788,0.0003819,364800000000.0,9.852e-16,1.268e-15,2.972e-17,3.554e-16,-4.494e-16,6.951e-16,0.0,2.2999999999999996e-06,3.0000000000000004e-08,0.9,0.75
241,3.449,0.2965,9.595,2.0,0.001381,2.782,0.0002091,0.00384,0.0004002,364600000000.0,9.863e-16,1.29e-15,2.695e-17,3.596e-16,-4.622e-16,6.964e-16,0.0,2.2999999999999996e-06,3.0000000000000004e-08,0.9,0.8
242,3.746,0.3224,9.201,2.0,0.001573,2.456,0.0002077,0.003863,0.0004199,362600000000.0,9.871e-16,1.307e-15,2.463e-17,3.637e-16,-4.721e-16,6.974e-16,0.0,2.2999999999999996e-06,3.0000000000000004e-08,0.9,0.85
243,3.995,0.3489,8.741,2.0,0.001766,2.188,0.0002057,0.003863,0.000442,359500000000.0,9.877e-16,1.32e-15,2.265e-17,3.674e-16,-4.796e-16,6.983e-16,0.0,2.2999999999999996e-06,3.0000000000000004e-08,0.9,0.9
244,4.188,0.3758,8.222,2.0,0.001958,1.963,0.0002035,0.003844,0.0004676,355400000000.0,9.883e-16,1.33e-15,2.096e-17,3.706e-16,-4.852e-16,6.99e-16,0.0,2.2999999999999996e-06,3.0000000000000004e-08,0.9,0.95
245,4.322,0.4032,7.659,2.0,0.002149,1.772,0.0002012,0.003809,0.0004974,350500000000.0,9.887e-16,1.337e-15,1.95e-17,3.733e-16,-4.894e-16,6.995e-16,0.0,2.2999999999999996e-06,3.0000000000000004e-08,0.9,1.0
246,4.395,0.4308,7.069,2.0,0.002338,1.608,0.0001989,0.003761,0.000532,344900000000.0,9.891e-16,1.342e-15,1.824e-17,3.754e-16,-4.923e-16,7e-16,0.0,2.2999999999999996e-06,3.0000000000000004e-08,0.9,1.05
247,4.415,0.4588,6.469,2.0,0.002525,1.465,0.0001966,0.0037,0.0005719,338600000000.0,9.893e-16,1.345e-15,1.715e-17,3.772e-16,-4.942e-16,7.004e-16,0.0,2.2999999999999996e-06,3.0000000000000004e-08,0.9,1.1
248,4.386,0.487,5.878,2.0,0.002708,1.34,0.0001944,0.003629,0.0006173,331700000000.0,9.896e-16,1.346e-15,1.619e-17,3.788e-16,-4.952e-16,7.007e-16,0.0,2.2999999999999996e-06,3.0000000000000004e-08,0.9,1.15
249,4.32,0.5154,5.31,2.0,0.002887,1.229,0.0001923,0.003549,0.0006683,324200000000.0,9.898e-16,1.347e-15,1.536e-17,3.803e-16,-4.956e-16,7.009e-16,0.0,2.2999999999999996e-06,3.0000000000000004e-08,0.9,1.2
250,0.3745,0.1035,9.688,0.0,2.445e-08,25.87,4.983e-08,6.308e-07,6.511e-08,122000000.0,9.427e-16,3.659e-16,1.338e-16,3.23e-16,-1.044e-21,6.416e-16,0.0,2.2999999999999996e-06,3.0000000000000004e-08,1.0,0.0
251,0.3796,0.1036,9.838,3.0,8.909e-08,25.92,1.738e-07,2.307e-06,2.345e-07,446800000.0,9.427e-16,3.687e-16,1.295e-16,3.238e-16,-5.899e-21,6.416e-16,0.0,2.2999999999999996e-06,3.0000000000000004e-08,1.0,0.05
252,0.3865,0.1036,9.991,3.0,3.251e-07,25.85,6.054e-07,8.4e-06,8.408e-07,1628000000.0,9.427e-16,3.708e-16,1.256e-16,3.246e-16,-3.355e-20,6.416e-16,0.0,2.2999999999999996e-06,3.0000000000000004e-08,1.0,0.1
253,0.3991,0.1038,10.14,3.0,1.174e-06,25.41,2.062e-06,2.982e-05,2.941e-06,5787000000.0,9.427e-16,3.727e-16,1.22e-16,3.255e-16,-1.918e-19,6.417e-16,0.0,2.2999999999999996e-06,3.0000000000000004e-08,1.0,0.15
254,0.4271,0.1043,10.28,3.0,4.065e-06,24.08,6.504e-06,9.787e-05,9.517e-06,18980000000.0,9.429e-16,3.758e-16,1.186e-16,3.265e-16,-1.096e-18,6.417e-16,0.0,2.2999999999999996e-06,3.0000000000000004e-08,1.0,0.2
255,0.4851,0.106,10.41,3.0,1.275e-05,21.45,1.749e-05,0.0002735,2.628e-05,52450000000.0,9.436e-16,3.878e-16,1.146e-16,3.276e-16,-6.081e-18,6.422e-16,0.0,2.2999999999999996e-06,3.0000000000000004e-08,1.0,0.25
256,0.583,0.1106,10.51,2.0,3.425e-05,18.02,3.818e-05,0.0006174,5.876e-05,112200000000.0,9.468e-16,4.395e-16,1.075e-16,3.287e-16,-2.894e-17,6.442e-16,0.0,2.2999999999999996e-06,3.0000000000000004e-08,1.0,0.3
257,0.7279,0.1193,10.59,2.0,7.72e-05,14.54,6.788e-05,0.001123,0.0001061,179400000000.0,9.542e-16,5.72e-16,9.415e-17,3.3e-16,-9.014e-17,6.494e-16,0.0,2.2999999999999996e-06,3.0000000000000004e-08,1.0,0.35
258,0.9228,0.1317,10.64,2.0,0.0001477,11.53,0.0001016,0.001702,0.00016,235500000000.0,9.627e-16,7.404e-16,7.883e-17,3.314e-16,-1.717e-16,6.561e-16,0.0,2.2999999999999996e-06,3.0000000000000004e-08,1.0,0.4
259,1.165,0.147,10.66,2.0,0.0002469,9.153,0.0001336,0.002259,0.0002119,279900000000.0,9.693e-16,8.858e-16,6.599e-17,3.33e-16,-2.447e-16,6.619e-16,0.0,2.2999999999999996e-06,3.0000000000000004e-08,1.0,0.45
260,1.449,0.1645,10.66,2.0,0.000372,7.356,0.0001602,0.002736,0.0002567,313500000000.0,9.741e-16,9.986e-16,5.599e-17,3.348e-16,-3.031e-16,6.666e-16,0.0,2.2999999999999996e-06,3.0000000000000004e-08,1.0,0.5
261,1.771,0.1839,10.64,2.0,0.0005184,6.006,0.0001799,0.003114,0.0002928,337200000000.0,9.777e-16,1.084e-15,4.819e-17,3.368e-16,-3.486e-16,6.703e-16,0.0,2.2999999999999996e-06,3.0000000000000004e-08,1.0,0.55
262,2.123,0.205,10.58,2.0,0.0006813,4.983,0.0001929,0.003395,0.0003209,352900000000.0,9.803e-16,1.15e-15,4.202e-17,3.391e-16,-3.84e-16,6.733e-16,0.0,2.2999999999999996e-06,3.0000000000000004e-08,1.0,0.6
263,2.496,0.2275,10.48,2.0,0.000856,4.2,0.0002006,0.003595,0.0003429,362500000000.0,9.824e-16,1.2e-15,3.708e-17,3.416e-16,-4.115e-16,6.756e-16,0.0,2.2999999999999996e-06,3.0000000000000004e-08,1.0,0.65
264,2.882,0.2512,10.35,2.0,0.001039,3.591,0.0002044,0.003732,0.0003606,367600000000.0,9.84e-16,1.238e-15,3.305e-17,3.446e-16,-4.328e-16,6.775e-16,0.0,2.2999999999999996e-06,3.0000000000000004e-08,1.0,0.7
265,3.266,0.2758,10.16,2.0,0.001228,3.112,0.0002056,0.00382,0.0003759,369600000000.0,9.852e-16,1.267e-15,2.974e-17,3.479e-16,-4.493e-16,6.79e-16,0.0,2.2999999999999996e-06,3.0000000000000004e-08,1.0,0.75
266,3.637,0.3012,9.922,2.0,0.00142,2.728,0.0002052,0.003873,0.0003904,369500000000.0,9.862e-16,1.29e-15,2.698e-17,3.516e-16,-4.621e-16,6.803e-16,0.0,2.2999999999999996e-06,3.0000000000000004e-08,1.0,0.8
267,3.983,0.3272,9.623,2.0,0.001614,2.416,0.000204,0.003899,0.0004052,367800000000.0,9.871e-16,1.307e-15,2.465e-17,3.556e-16,-4.719e-16,6.813e-16,0.0,2.2999999999999996e-06,3.0000000000000004e-08,1.0,0.85
268,4.292,0.3538,9.263,2.0,0.001809,2.158,0.0002023,0.003904,0.0004214,364900000000.0,9.877e-16,1.32e-15,2.268e-17,3.598e-16,-4.794e-16,6.822e-16,0.0,2.2999999999999996e-06,3.0000000000000004e-08,1.0,0.9
269,4.555,0.3808,8.846,2.0,0.002004,1.942,0.0002005,0.003891,0.0004399,361200000000.0,9.882e-16,1.33e-15,2.099e-17,3.639e-16,-4.851e-16,6.829e-16,0.0,2.2999999999999996e-06,3.0000000000000004e-08,1.0,0.95
270,4.765,0.4082,8.379,2.0,0.002197,1.758,0.0001986,0.003864,0.0004611,356700000000.0,9.887e-16,1.337e-15,1.954e-17,3.676e-16,-4.892e-16,6.834e-16,0.0,2.2999999999999996e-06,3.0000000000000004e-08,1.0,1.0
271,4.918,0.4359,7.871,2.0,0.002389,1.6,0.0001969,0.003824,0.0004858,351700000000.0,9.89e-16,1.341e-15,1.829e-17,3.708e-16,-4.922e-16,6.839e-16,0.0,2.2999999999999996e-06,3.0000000000000004e-08,1.0,1.05
272,5.014,0.4639,7.335,2.0,0.002579,1.463,0.0001952,0.003772,0.0005143,346000000000.0,9.893e-16,1.345e-15,1.72e-17,3.734e-16,-4.941e-16,6.843e-16,0.0,2.2999999999999996e-06,3.0000000000000004e-08,1.0,1.1
273,5.058,0.4921,6.786,2.0,0.002766,1.342,0.0001936,0.003711,0.0005468,339800000000.0,9.896e-16,1.346e-15,1.625e-17,3.755e-16,-4.952e-16,6.846e-16,0.0,2.2999999999999996e-06,3.0000000000000004e-08,1.0,1.15
274,5.053,0.5206,6.237,2.0,0.002949,1.234,0.0001921,0.00364,0.0005837,333100000000.0,9.897e-16,1.347e-15,1.542e-17,3.772e-16,-4.956e-16,6.848e-16,0.0,2.2999999999999996e-06,3.0000000000000004e-08,1.0,1.2
275,0.3766,0.1038,9.718,0.0,3.192e-08,25.8,6.328e-08,8.211e-07,8.45e-08,159100000.0,9.427e-16,3.659e-16,1.338e-16,3.216e-16,-1.044e-21,6.27e-16,0.0,2.2999999999999996e-06,3.0000000000000004e-08,1.1,0.0
276,0.382,0.1038,9.869,3.0,1.159e-07,25.84,2.197e-07,2.991e-06,3.031e-07,580200000.0,9.427e-16,3.687e-16,1.295e-16,3.222e-16,-5.899e-21,6.27e-16,0.0,2.2999999999999996e-06,3.0000000000000004e-08,1.1,0.05
277,0.3895,0.1039,10.02,3.0,4.206e-07,25.72,7.604e-07,1.082e-05,1.08e-06,2101000000.0,9.427e-16,3.708e-16,1.256e-16,3.23e-16,-3.355e-20,6.27e-16,0.0,2.2999999999999996e-06,3.0000000000000004e-08,1.1,0.1
278,0.404,0.1041,10.17,3.0,1.505e-06,25.17,2.555e-06,3.789e-05,3.726e-06,7369000000.0,9.427e-16,3.727e-16,1.22e-16,3.238e-16,-1.918e-19,6.27e-16,0.0,2.2999999999999996e-06,3.0000000000000004e-08,1.1,0.15
279,0.4366,0.1047,10.31,3.0,5.124e-06,23.61,7.833e-06,0.000121,1.174e-05,23510000000.0,9.429e-16,3.758e-16,1.186e-16,3.246e-16,-1.096e-18,6.271e-16,0.0,2.2999999999999996e-06,3.0000000000000004e-08,1.1,0.2
280,0.5015,0.1068,10.43,3.0,1.561e-05,20.79,2.022e-05,0.0003246,3.113e-05,62410000000.0,9.436e-16,3.878e-16,1.146e-16,3.255e-16,-6.081e-18,6.276e-16,0.0,2.2999999999999996e-06,3.0000000000000004e-08,1.1,0.25
281,0.6077,0.1121,10.53,2.0,4.052e-05,17.32,4.231e-05,0.0007017,6.667e-05,127900000000.0,9.468e-16,4.395e-16,1.075e-16,3.265e-16,-2.894e-17,6.296e-16,0.0,2.2999999999999996e-06,3.0000000000000004e-08,1.1,0.3
282,0.7619,0.1215,10.6,2.0,8.829e-05,13.91,7.252e-05,0.001228,0.0001159,196800000000.0,9.542e-16,5.72e-16,9.415e-17,3.276e-16,-9.014e-17,6.348e-16,0.0,2.2999999999999996e-06,3.0000000000000004e-08,1.1,0.35
283,0.966,0.1345,10.65,2.0,0.0001642,11.02,0.0001056,0.00181,0.0001699,250900000000.0,9.627e-16,7.404e-16,7.883e-17,3.287e-16,-1.717e-16,6.414e-16,0.0,2.2999999999999996e-06,3.0000000000000004e-08,1.1,0.4
284,1.217,0.1502,10.68,2.0,0.0002685,8.774,0.0001361,0.002355,0.0002206,292500000000.0,9.693e-16,8.857e-16,6.6e-17,3.3e-16,-2.446e-16,6.473e-16,0.0,2.2999999999999996e-06,3.0000000000000004e-08,1.1,0.45
285,1.51,0.1681,10.68,2.0,0.000398,7.074,0.000161,0.002815,0.0002635,323300000000.0,9.741e-16,9.985e-16,5.599e-17,3.314e-16,-3.03e-16,6.52e-16,0.0,2.2999999999999996e-06,3.0000000000000004e-08,1.1,0.5
286,1.841,0.1878,10.67,2.0,0.0005479,5.795,0.000179,0.003175,0.0002976,344800000000.0,9.777e-16,1.084e-15,4.819e-17,3.33e-16,-3.486e-16,6.557e-16,0.0,2.2999999999999996e-06,3.0000000000000004e-08,1.1,0.55
287,2.203,0.2091,10.63,2.0,0.0007134,4.825,0.0001906,0.003442,0.0003239,358900000000.0,9.803e-16,1.15e-15,4.203e-17,3.348e-16,-3.84e-16,6.586e-16,0.0,2.2999999999999996e-06,3.0000000000000004e-08,1.1,0.6
288,2.589,0.2318,10.56,2.0,0.0008903,4.08,0.0001974,0.003632,0.0003439,367300000000.0,9.824e-16,1.2e-15,3.709e-17,3.369e-16,-4.114e-16,6.61e-16,0.0,2.2999999999999996e-06,3.0000000000000004e-08,1.1,0.65
289,2.99,0.2556,10.46,2.0,0.001075,3.499,0.0002005,0.003762,0.0003595,371900000000.0,9.84e-16,1.238e-15,3.307e-17,3.391e-16,-4.327e-16,6.629e-16,0.0,2.2999999999999996e-06,3.0000000000000004e-08,1.1,0.7
290,3.396,0.2804,10.33,2.0,0.001265,3.041,0.0002014,0.003847,0.0003726,373600000000.0,9.852e-16,1.267e-15,2.975e-17,3.417e-16,-4.492e-16,6.644e-16,0.0,2.2999999999999996e-06,3.0000000000000004e-08,1.1,0.75
291,3.795,0.3059,10.14,2.0,0.001459,2.673,0.000201,0.003899,0.0003843,373500000000.0,9.862e-16,1.29e-15,2.699e-17,3.447e-16,-4.62e-16,6.657e-16,0.0,2.2999999999999996e-06,3.0000000000000004e-08,1.1,0.8
292,4.178,0.332,9.916,2.0,0.001654,2.374,0.0001998,0.003926,0.0003959,372000000000.0,9.87e-16,1.307e-15,2.467e-17,3.48e-16,-4.718e-16,6.667e-16,0.0,2.2999999999999996e-06,3.0000000000000004e-08,1.1,0.85
293,4.533,0.3586,9.637,2.0,0.00185,2.126,0.0001984,0.003933,0.0004082,369500000000.0,9.877e-16,1.32e-15,2.27e-17,3.517e-16,-4.793e-16,6.675e-16,0.0,2.2999999999999996e-06,3.0000000000000004e-08,1.1,0.9
294,4.852,0.3857,9.305,2.0,0.002047,1.918,0.0001968,0.003925,0.0004218,366100000000.0,9.882e-16,1.329e-15,2.102e-17,3.558e-16,-4.85e-16,6.682e-16,0.0,2.2999999999999996e-06,3.0000000000000004e-08,1.1,0.95
295,5.126,0.4131,8.924,2.0,0.002242,1.741,0.0001953,0.003903,0.0004373,362000000000.0,9.887e-16,1.336e-15,1.957e-17,3.599e-16,-4.891e-16,6.688e-16,0.0,2.2999999999999996e-06,3.0000000000000004e-08,1.1,1.0
296,5.351,0.4409,8.499,2.0,0.002436,1.588,0.000194,0.003869,0.0004552,357200000000.0,9.89e-16,1.341e-15,1.832e-17,3.64e-16,-4.92e-16,6.693e-16,0.0,2.2999999999999996e-06,3.0000000000000004e-08,1.1,1.05
297,5.523,0.4689,8.036,2.0,0.002628,1.455,0.0001927,0.003824,0.0004759,352000000000.0,9.893e-16,1.344e-15,1.723e-17,3.677e-16,-4.94e-16,6.696e-16,0.0,2.2999999999999996e-06,3.0000000000000004e-08,1.1,1.1
298,5.641,0.4972,7.547,2.0,0.002818,1.338,0.0001916,0.00377,0.0004996,346200000000.0,9.895e-16,1.346e-15,1.629e-17,3.709e-16,-4.951e-16,6.699e-16,0.0,2.2999999999999996e-06,3.0000000000000004e-08,1.1,1.15
299,5.707,0.5257,7.042,2.0,0.003004,1.234,0.0001907,0.003707,0.0005265,340000000000.0,9.897e-16,1.347e-15,1.546e-17,3.734e-16,-4.956e-16,6.702e-16,0.0,2.2999999999999996e-06,3.0000000000000004e-08,1.1,1.2
300,0.3787,0.104,9.746,0.0,4.161e-08,25.74,8.02e-08,1.067e-06,1.095e-07,207100000.0,9.427e-16,3.659e-16,1.338e-16,3.203e-16,-1.044e-21,6.136e-16,0.0,2.2999999999999996e-06,3.0000000000000004e-08,1.2,0.0
301,0.3843,0.104,9.896,3.0,1.504e-07,25.75,2.772e-07,3.87e-06,3.911e-07,751900000.0,9.427e-16,3.687e-16,1.295e-16,3.209e-16,-5.899e-21,6.136e-16,0.0,2.2999999999999996e-06,3.0000000000000004e-08,1.2,0.05
302,0.3927,0.1041,10.05,3.0,5.432e-07,25.59,9.521e-07,1.39e-05,1.383e-06,2704000000.0,9.427e-16,3.708e-16,1.256e-16,3.216e-16,-3.355e-20,6.136e-16,0.0,2.2999999999999996e-06,3.0000000000000004e-08,1.2,0.1
303,0.4095,0.1043,10.2,3.0,1.925e-06,24.9,3.148e-06,4.792e-05,4.7e-06,9336000000.0,9.427e-16,3.727e-16,1.22e-16,3.222e-16,-1.918e-19,6.137e-16,0.0,2.2999999999999996e-06,3.0000000000000004e-08,1.2,0.15
304,0.4472,0.1051,10.33,3.0,6.426e-06,23.1,9.357e-06,0.0001484,1.437e-05,28900000000.0,9.429e-16,3.758e-16,1.186e-16,3.23e-16,-1.096e-18,6.137e-16,0.0,2.2999999999999996e-06,3.0000000000000004e-08,1.2,0.2
305,0.5193,0.1077,10.44,3.0,1.899e-05,20.11,2.316e-05,0.000382,3.658e-05,73600000000.0,9.436e-16,3.878e-16,1.146e-16,3.238e-16,-6.081e-18,6.142e-16,0.0,2.2999999999999996e-06,3.0000000000000004e-08,1.2,0.25
306,0.6338,0.1137,10.54,2.0,4.76e-05,16.63,4.65e-05,0.0007914,7.51e-05,144500000000.0,9.468e-16,4.395e-16,1.075e-16,3.246e-16,-2.894e-17,6.162e-16,0.0,2.2999999999999996e-06,3.0000000000000004e-08,1.2,0.3
307,0.7972,0.1238,10.61,2.0,0.0001004,13.31,7.697e-05,0.001336,0.0001259,214400000000.0,9.542e-16,5.72e-16,9.415e-17,3.255e-16,-9.014e-17,6.214e-16,0.0,2.2999999999999996e-06,3.0000000000000004e-08,1.2,0.35
308,1.01,0.1374,10.66,2.0,0.0001816,10.55,0.0001092,0.001916,0.0001798,266100000000.0,9.627e-16,7.404e-16,7.883e-17,3.265e-16,-1.717e-16,6.281e-16,0.0,2.2999999999999996e-06,3.0000000000000004e-08,1.2,0.4
309,1.269,0.1534,10.68,2.0,0.0002909,8.415,0.0001382,0.002448,0.0002292,304600000000.0,9.693e-16,8.857e-16,6.6e-17,3.276e-16,-2.446e-16,6.339e-16,0.0,2.2999999999999996e-06,3.0000000000000004e-08,1.2,0.45
310,1.57,0.1716,10.69,2.0,0.0004246,6.807,0.0001612,0.00289,0.0002704,332600000000.0,9.741e-16,9.985e-16,5.599e-17,3.287e-16,-3.03e-16,6.386e-16,0.0,2.2999999999999996e-06,3.0000000000000004e-08,1.2,0.5
311,1.909,0.1916,10.68,2.0,0.0005779,5.595,0.0001776,0.003233,0.0003027,351800000000.0,9.777e-16,1.084e-15,4.819e-17,3.3e-16,-3.486e-16,6.423e-16,0.0,2.2999999999999996e-06,3.0000000000000004e-08,1.2,0.55
312,2.28,0.2132,10.65,2.0,0.0007459,4.674,0.000188,0.003486,0.0003272,364300000000.0,9.803e-16,1.15e-15,4.203e-17,3.315e-16,-3.839e-16,6.452e-16,0.0,2.2999999999999996e-06,3.0000000000000004e-08,1.2,0.6
313,2.676,0.2361,10.61,2.0,0.0009247,3.964,0.0001938,0.003665,0.0003456,371600000000.0,9.824e-16,1.2e-15,3.709e-17,3.331e-16,-4.114e-16,6.476e-16,0.0,2.2999999999999996e-06,3.0000000000000004e-08,1.2,0.65
314,3.088,0.2601,10.53,2.0,0.001111,3.41,0.0001964,0.003788,0.0003597,375500000000.0,9.84e-16,1.238e-15,3.307e-17,3.349e-16,-4.326e-16,6.495e-16,0.0,2.2999999999999996e-06,3.0000000000000004e-08,1.2,0.7
315,3.51,0.285,10.43,2.0,0.001302,2.971,0.000197,0.00387,0.0003711,377000000000.0,9.852e-16,1.267e-15,2.976e-17,3.369e-16,-4.491e-16,6.51e-16,0.0,2.2999999999999996e-06,3.0000000000000004e-08,1.2,0.75
316,3.93,0.3106,10.29,2.0,0.001497,2.619,0.0001965,0.00392,0.0003809,376800000000.0,9.862e-16,1.29e-15,2.701e-17,3.392e-16,-4.619e-16,6.523e-16,0.0,2.2999999999999996e-06,3.0000000000000004e-08,1.2,0.8
317,4.34,0.3368,10.12,2.0,0.001693,2.331,0.0001954,0.003947,0.0003902,375400000000.0,9.87e-16,1.307e-15,2.469e-17,3.418e-16,-4.717e-16,6.533e-16,0.0,2.2999999999999996e-06,3.0000000000000004e-08,1.2,0.85
318,4.731,0.3635,9.899,2.0,0.001891,2.092,0.000194,0.003956,0.0003996,373200000000.0,9.877e-16,1.32e-15,2.272e-17,3.448e-16,-4.792e-16,6.541e-16,0.0,2.2999999999999996e-06,3.0000000000000004e-08,1.2,0.9
319,5.094,0.3906,9.637,2.0,0.002088,1.892,0.0001927,0.00395,0.0004099,370100000000.0,9.882e-16,1.329e-15,2.104e-17,3.481e-16,-4.848e-16,6.548e-16,0.0,2.2999999999999996e-06,3.0000000000000004e-08,1.2,0.95
320,5.422,0.4181,9.33,2.0,0.002285,1.721,0.0001915,0.003932,0.0004214,366400000000.0,9.887e-16,1.336e-15,1.959e-17,3.519e-16,-4.89e-16,6.554e-16,0.0,2.2999999999999996e-06,3.0000000000000004e-08,1.2,1.0
321,5.708,0.4459,8.979,2.0,0.00248,1.573,0.0001904,0.003902,0.0004345,362000000000.0,9.89e-16,1.341e-15,1.834e-17,3.559e-16,-4.919e-16,6.559e-16,0.0,2.2999999999999996e-06,3.0000000000000004e-08,1.2,1.05
322,5.947,0.474,8.589,2.0,0.002674,1.444,0.0001896,0.003862,0.0004497,357100000000.0,9.893e-16,1.344e-15,1.726e-17,3.601e-16,-4.939e-16,6.562e-16,0.0,2.2999999999999996e-06,3.0000000000000004e-08,1.2,1.1
323,6.136,0.5023,8.165,2.0,0.002866,1.331,0.0001889,0.003814,0.0004671,351600000000.0,9.895e-16,1.346e-15,1.631e-17,3.641e-16,-4.95e-16,6.565e-16,0.0,2.2999999999999996e-06,3.0000000000000004e-08,1.2,1.15
324,6.275,0.5308,7.716,2.0,0.003055,1.23,0.0001884,0.003757,0.0004869,345600000000.0,9.897e-16,1.347e-15,1.549e-17,3.678e-16,-4.955e-16,6.568e-16,0.0,2.2999999999999996e-06,3.0000000000000004e-08,1.2,1.2
