,vearly,vsdat,self_gain,region,id,gmoverid,gmbs,gm,gds,ft,cdb,csb,cgs,cgd,cgb,cds,vbs,w,l,vsd,vgs
0,0.0,-0.07902,0.0,0.0,-6.409999999999999e-51,0.0,0.0,0.0,1.084e-08,0.0,9.284e-16,9.284e-16,4.133e-16,4.133e-16,1.276e-16,-1.959e-21,0.0,2.2999999999999996e-06,3.0000000000000004e-08,0.0,0.0
1,0.0,-0.07914,0.0,0.0,6.828e-16,0.0,0.0,0.0,3.958e-08,0.0,9.284e-16,9.284e-16,4.18e-16,4.18e-16,1.238e-16,-1.0860000000000001e-20,0.0,2.2999999999999996e-06,3.0000000000000004e-08,0.0,0.05
2,0.0,-0.07925,0.0,0.0,7.382e-15,0.0,0.0,0.0,1.455e-07,0.0,9.284e-16,9.284e-16,4.219e-16,4.219e-16,1.202e-16,-6.065e-20,0.0,2.2999999999999996e-06,3.0000000000000004e-08,0.0,0.1
3,0.0,-0.07937,0.0,0.0,2.263e-14,0.0,0.0,0.0,5.382e-07,0.0,9.285e-16,9.285e-16,4.256e-16,4.256e-16,1.169e-16,-3.398e-19,0.0,2.2999999999999996e-06,3.0000000000000004e-08,0.0,0.15
4,0.0,-0.0795,0.0,3.0,4.807e-14,0.0,0.0,0.0,1.998e-06,0.0,9.29e-16,9.29e-16,4.318e-16,4.318e-16,1.131e-16,-1.887e-18,0.0,2.2999999999999996e-06,3.0000000000000004e-08,0.0,0.2
5,0.0,-0.07968,0.0,3.0,8.591e-14,0.0,0.0,0.0,7.401e-06,0.0,9.313e-16,9.313e-16,4.541e-16,4.541e-16,1.063e-16,-9.736e-18,0.0,2.2999999999999996e-06,3.0000000000000004e-08,0.0,0.25
6,0.0,-0.08001,0.0,3.0,1.39e-13,0.0,0.0,0.0,2.683e-05,0.0,9.392e-16,9.392e-16,5.284e-16,5.284e-16,8.999e-17,-3.735e-17,0.0,2.2999999999999996e-06,3.0000000000000004e-08,0.0,0.3
7,0.0,-0.08089,0.0,3.0,2.116e-13,0.0,0.0,0.0,9.031e-05,0.0,9.515e-16,9.515e-16,6.488e-16,6.488e-16,6.632e-17,-8.256e-17,0.0,2.2999999999999996e-06,3.0000000000000004e-08,0.0,0.35
8,0.0,-0.08342,0.0,3.0,3.116e-13,0.0,0.0,0.0,0.0002593,0.0,9.61e-16,9.61e-16,7.487e-16,7.487e-16,4.786e-17,-1.202e-16,0.0,2.2999999999999996e-06,3.0000000000000004e-08,0.0,0.4
9,0.0,-0.08928,0.0,1.0,4.513e-13,0.0,0.0,0.0,0.0006004,0.0,9.668e-16,9.668e-16,8.146e-16,8.146e-16,3.626e-17,-1.449e-16,0.0,2.2999999999999996e-06,3.0000000000000004e-08,0.0,0.45
10,0.0,-0.09932,0.0,1.0,6.449e-13,0.0,0.0,0.0,0.001128,0.0,9.705e-16,9.705e-16,8.582e-16,8.582e-16,2.887e-17,-1.611e-16,0.0,2.2999999999999996e-06,3.0000000000000004e-08,0.0,0.5
11,0.0,-0.113,0.0,1.0,9.062e-13,0.0,0.0,0.0,0.001793,0.0,9.728e-16,9.728e-16,8.884e-16,8.884e-16,2.39e-17,-1.721e-16,0.0,2.2999999999999996e-06,3.0000000000000004e-08,0.0,0.55
12,0.0,-0.1293,0.0,1.0,1.252e-12,0.0,0.0,0.0,0.002526,0.0,9.745e-16,9.745e-16,9.101e-16,9.101e-16,2.038e-17,-1.799e-16,0.0,2.2999999999999996e-06,3.0000000000000004e-08,0.0,0.6
13,0.0,-0.1477,0.0,1.0,1.701e-12,0.0,0.0,0.0,0.003266,0.0,9.756e-16,9.756e-16,9.264e-16,9.264e-16,1.778e-17,-1.857e-16,0.0,2.2999999999999996e-06,3.0000000000000004e-08,0.0,0.65
14,0.0,-0.1678,0.0,1.0,2.28e-12,0.0,0.0,0.0,0.003968,0.0,9.765e-16,9.765e-16,9.388e-16,9.388e-16,1.578e-17,-1.9e-16,0.0,2.2999999999999996e-06,3.0000000000000004e-08,0.0,0.7
15,0.0,-0.1893,0.0,1.0,3.02e-12,0.0,0.0,0.0,0.004603,0.0,9.772e-16,9.772e-16,9.485e-16,9.485e-16,1.419e-17,-1.933e-16,0.0,2.2999999999999996e-06,3.0000000000000004e-08,0.0,0.75
16,0.0,-0.2119,0.0,1.0,3.958e-12,0.0,0.0,0.0,0.00516,0.0,9.777e-16,9.777e-16,9.563e-16,9.563e-16,1.291e-17,-1.959e-16,0.0,2.2999999999999996e-06,3.0000000000000004e-08,0.0,0.8
17,0.0,-0.2356,0.0,1.0,5.141e-12,0.0,0.0,0.0,0.005638,0.0,9.781e-16,9.781e-16,9.625e-16,9.625e-16,1.186e-17,-1.98e-16,0.0,2.2999999999999996e-06,3.0000000000000004e-08,0.0,0.85
18,0.0,-0.26,0.0,1.0,6.625e-12,0.0,0.0,0.0,0.006042,0.0,9.785e-16,9.785e-16,9.675e-16,9.675e-16,1.097e-17,-1.996e-16,0.0,2.2999999999999996e-06,3.0000000000000004e-08,0.0,0.9
19,0.0,-0.2851,0.0,1.0,8.476e-12,0.0,0.0,0.0,0.006381,0.0,9.788e-16,9.788e-16,9.717e-16,9.717e-16,1.021e-17,-2.009e-16,0.0,2.2999999999999996e-06,3.0000000000000004e-08,0.0,0.95
20,0.0,-0.3108,0.0,1.0,1.078e-11,0.0,0.0,0.0,0.006666,0.0,9.79e-16,9.79e-16,9.751e-16,9.751e-16,9.559e-18,-2.02e-16,0.0,2.2999999999999996e-06,3.0000000000000004e-08,0.0,1.0
21,0.0,-0.3369,0.0,1.0,1.363e-11,0.0,0.0,0.0,0.006905,0.0,9.792e-16,9.792e-16,9.779e-16,9.779e-16,8.989e-18,-2.028e-16,0.0,2.2999999999999996e-06,3.0000000000000004e-08,0.0,1.05
22,0.0,-0.3634,0.0,1.0,1.715e-11,0.0,0.0,0.0,0.007109,0.0,9.794e-16,9.794e-16,9.802e-16,9.802e-16,8.487e-18,-2.035e-16,0.0,2.2999999999999996e-06,3.0000000000000004e-08,0.0,1.1
23,0.0,-0.3903,0.0,1.0,2.148e-11,0.0,0.0,0.0,0.007282,0.0,9.796e-16,9.796e-16,9.821e-16,9.821e-16,8.042e-18,-2.04e-16,0.0,2.2999999999999996e-06,3.0000000000000004e-08,0.0,1.15
24,0.0,-0.4174,0.0,1.0,2.68e-11,0.0,0.0,0.0,0.007432,0.0,9.797e-16,9.797e-16,9.837e-16,9.837e-16,7.645e-18,-2.045e-16,0.0,2.2999999999999996e-06,3.0000000000000004e-08,0.0,1.2
25,0.2006,-0.07925,4.755,0.0,-6.262e-10,25.73,1.448e-09,1.61e-08,3.387e-09,2717000.0,8.608e-16,9.284e-16,4.133e-16,4.027e-16,1.276e-16,-2.204e-21,0.0,2.2999999999999996e-06,3.0000000000000004e-08,0.1,0.0
26,0.2016,-0.07937,4.844,0.0,-2.275e-09,25.88,5.008e-09,5.887e-08,1.215e-08,9866000.0,8.608e-16,9.284e-16,4.18e-16,4.081e-16,1.238e-16,-1.2210000000000001e-20,0.0,2.2999999999999996e-06,3.0000000000000004e-08,0.1,0.05
27,0.2026,-0.07949,4.934,0.0,-8.326e-09,26.01,1.755e-08,2.166e-07,4.389e-08,36070000.0,8.608e-16,9.284e-16,4.219e-16,4.133e-16,1.202e-16,-6.812000000000001e-20,0.0,2.2999999999999996e-06,3.0000000000000004e-08,0.1,0.1
28,0.2036,-0.07961,5.023,0.0,-3.065e-08,26.12,6.215e-08,8.006e-07,1.594e-07,132700000.0,8.608e-16,9.285e-16,4.257e-16,4.179e-16,1.17e-16,-3.816e-19,0.0,2.2999999999999996e-06,3.0000000000000004e-08,0.1,0.15
29,0.2047,-0.07974,5.109,3.0,-1.133e-07,26.17,2.218e-07,2.967e-06,5.807e-07,488000000.0,8.61e-16,9.288e-16,4.321e-16,4.218e-16,1.135e-16,-2.125e-18,0.0,2.2999999999999996e-06,3.0000000000000004e-08,0.1,0.2
30,0.2053,-0.07993,5.174,3.0,-4.19e-07,26.09,7.911e-07,1.093e-05,2.112e-06,1758000000.0,8.619e-16,9.304e-16,4.561e-16,4.249e-16,1.086e-16,-1.117e-17,0.0,2.2999999999999996e-06,3.0000000000000004e-08,0.1,0.25
31,0.2036,-0.08029,5.165,3.0,-1.528e-06,25.54,2.744e-06,3.901e-05,7.554e-06,5819000000.0,8.653e-16,9.362e-16,5.408e-16,4.282e-16,9.806e-17,-4.579e-17,0.0,2.2999999999999996e-06,3.0000000000000004e-08,0.1,0.3
32,0.1942,-0.0813,4.923,3.0,-5.28e-06,23.8,8.62e-06,0.0001257,2.553e-05,16520000000.0,8.72e-16,9.458e-16,6.931e-16,4.363e-16,8.155e-17,-1.125e-16,0.0,2.2999999999999996e-06,3.0000000000000004e-08,0.1,0.35
33,0.1778,-0.08411,4.214,3.0,-1.604e-05,20.41,2.196e-05,0.0003273,7.768e-05,38260000000.0,8.796e-16,9.543e-16,8.296e-16,4.667e-16,6.553e-17,-1.749e-16,0.0,2.2999999999999996e-06,3.0000000000000004e-08,0.1,0.4
34,0.1644,-0.09041,3.042,2.0,-4e-05,16.1,4.249e-05,0.0006439,0.0002117,68180000000.0,8.874e-16,9.608e-16,9.122e-16,5.397e-16,5.129e-17,-2.098e-16,0.0,2.2999999999999996e-06,3.0000000000000004e-08,0.1,0.45
35,0.1552,-0.1009,1.901,1.0,-8.03e-05,11.91,6.297e-05,0.0009568,0.0005032,93750000000.0,8.942e-16,9.657e-16,9.516e-16,6.332e-16,3.958e-17,-2.212e-16,0.0,2.2999999999999996e-06,3.0000000000000004e-08,0.1,0.5
36,0.1471,-0.1148,1.207,1.0,-0.0001337,8.696,7.752e-05,0.001162,0.0009632,107900000000.0,8.99e-16,9.693e-16,9.703e-16,7.131e-16,3.119e-17,-2.231e-16,0.0,2.2999999999999996e-06,3.0000000000000004e-08,0.1,0.55
37,0.1395,-0.1313,0.8505,1.0,-0.0001946,6.519,8.628e-05,0.001269,0.001492,113600000000.0,9.021e-16,9.717e-16,9.809e-16,7.721e-16,2.542e-17,-2.228e-16,0.0,2.2999999999999996e-06,3.0000000000000004e-08,0.1,0.6
38,0.133,-0.1499,0.642,1.0,-0.0002589,5.014,8.992e-05,0.001298,0.002022,113300000000.0,9.043e-16,9.734e-16,9.882e-16,8.147e-16,2.138e-17,-2.223e-16,0.0,2.2999999999999996e-06,3.0000000000000004e-08,0.1,0.65
39,0.1278,-0.1701,0.4959,1.0,-0.000323,3.912,8.9e-05,0.001263,0.002548,108200000000.0,9.058e-16,9.746e-16,9.935e-16,8.462e-16,1.844e-17,-2.219e-16,0.0,2.2999999999999996e-06,3.0000000000000004e-08,0.1,0.7
40,0.1236,-0.1918,0.3851,1.0,-0.0003839,3.076,8.47e-05,0.001181,0.003066,99770000000.0,9.068e-16,9.755e-16,9.975e-16,8.7e-16,1.622e-17,-2.215e-16,0.0,2.2999999999999996e-06,3.0000000000000004e-08,0.1,0.75
41,0.1202,-0.2145,0.2999,1.0,-0.00044,2.432,7.833e-05,0.00107,0.003569,89480000000.0,9.077e-16,9.762e-16,1.001e-15,8.884e-16,1.45e-17,-2.212e-16,0.0,2.2999999999999996e-06,3.0000000000000004e-08,0.1,0.8
42,0.1174,-0.2382,0.2343,1.0,-0.0004902,1.934,7.1e-05,0.0009479,0.004046,78610000000.0,9.083e-16,9.768e-16,1.003e-15,9.03e-16,1.312e-17,-2.209e-16,0.0,2.2999999999999996e-06,3.0000000000000004e-08,0.1,0.85
43,0.1152,-0.2627,0.1841,1.0,-0.0005342,1.547,6.349e-05,0.0008264,0.004489,68090000000.0,9.088e-16,9.772e-16,1.005e-15,9.147e-16,1.199e-17,-2.206e-16,0.0,2.2999999999999996e-06,3.0000000000000004e-08,0.1,0.9
44,0.1133,-0.2879,0.1459,1.0,-0.0005724,1.247,5.632e-05,0.0007137,0.004892,58500000000.0,9.092e-16,9.776e-16,1.006e-15,9.243e-16,1.105e-17,-2.202e-16,0.0,2.2999999999999996e-06,3.0000000000000004e-08,0.1,0.95
45,0.1118,-0.3135,0.1168,1.0,-0.0006053,1.014,4.975e-05,0.0006138,0.005254,50100000000.0,9.095e-16,9.779e-16,1.007e-15,9.323e-16,1.026e-17,-2.199e-16,0.0,2.2999999999999996e-06,3.0000000000000004e-08,0.1,1.0
46,0.1104,-0.3397,0.09467,1.0,-0.0006335,0.8333,4.388e-05,0.0005279,0.005577,42950000000.0,9.098e-16,9.781e-16,1.008e-15,9.389e-16,9.578e-18,-2.195e-16,0.0,2.2999999999999996e-06,3.0000000000000004e-08,0.1,1.05
47,0.1093,-0.3662,0.0777,1.0,-0.0006578,0.6924,3.87e-05,0.0004555,0.005862,36950000000.0,9.1e-16,9.783e-16,1.008e-15,9.445e-16,8.988e-18,-2.191e-16,0.0,2.2999999999999996e-06,3.0000000000000004e-08,0.1,1.1
48,0.1083,-0.3931,0.06457,1.0,-0.0006788,0.5816,3.414e-05,0.0003948,0.006115,31960000000.0,9.102e-16,9.785e-16,1.009e-15,9.492e-16,8.471e-18,-2.187e-16,0.0,2.2999999999999996e-06,3.0000000000000004e-08,0.1,1.15
49,0.1075,-0.4203,0.05429,1.0,-0.0006971,0.4937,3.012e-05,0.0003441,0.006339,27800000000.0,9.104e-16,9.786e-16,1.009e-15,9.532e-16,8.014e-18,-2.182e-16,0.0,2.2999999999999996e-06,3.0000000000000004e-08,0.1,1.2
50,0.3346,-0.07966,6.192,0.0,-9.729e-10,25.57,2.18e-09,2.485e-08,4.014e-09,4237000.0,8.064e-16,9.284e-16,4.133e-16,3.927e-16,1.276e-16,-2.209e-21,0.0,2.2999999999999996e-06,3.0000000000000004e-08,0.2,0.0
51,0.3381,-0.07978,6.361,0.0,-3.505e-09,25.72,7.479e-09,9.01e-08,1.417e-08,15270000.0,8.064e-16,9.284e-16,4.18e-16,3.975e-16,1.238e-16,-1.2240000000000001e-20,0.0,2.2999999999999996e-06,3.0000000000000004e-08,0.2,0.05
52,0.342,-0.0799,6.537,0.0,-1.272e-08,25.84,2.599e-08,3.286e-07,5.027e-08,55350000.0,8.064e-16,9.284e-16,4.219e-16,4.027e-16,1.202e-16,-6.829000000000001e-20,0.0,2.2999999999999996e-06,3.0000000000000004e-08,0.2,0.1
53,0.3467,-0.08002,6.72,0.0,-4.642e-08,25.94,9.125e-08,1.204e-06,1.792e-07,201600000.0,8.065e-16,9.285e-16,4.257e-16,4.081e-16,1.17e-16,-3.826e-19,0.0,2.2999999999999996e-06,3.0000000000000004e-08,0.2,0.15
54,0.3537,-0.08016,6.91,3.0,-1.7e-07,25.98,3.225e-07,4.418e-06,6.394e-07,733200000.0,8.066e-16,9.288e-16,4.322e-16,4.133e-16,1.135e-16,-2.13e-18,0.0,2.2999999999999996e-06,3.0000000000000004e-08,0.2,0.2
55,0.3677,-0.08037,7.1,3.0,-6.219e-07,25.84,1.136e-06,1.607e-05,2.264e-06,2603000000.0,8.075e-16,9.304e-16,4.561e-16,4.179e-16,1.086e-16,-1.12e-17,0.0,2.2999999999999996e-06,3.0000000000000004e-08,0.2,0.25
56,0.3968,-0.08082,7.27,3.0,-2.233e-06,25.15,3.857e-06,5.618e-05,7.728e-06,8428000000.0,8.109e-16,9.361e-16,5.41e-16,4.218e-16,9.817e-17,-4.593e-17,0.0,2.2999999999999996e-06,3.0000000000000004e-08,0.2,0.3
57,0.4415,-0.08207,7.361,3.0,-7.531e-06,23.2,1.169e-05,0.0001747,2.374e-05,23150000000.0,8.171e-16,9.456e-16,6.941e-16,4.249e-16,8.217e-17,-1.132e-16,0.0,2.2999999999999996e-06,3.0000000000000004e-08,0.2,0.35
58,0.4866,-0.08547,7.292,3.0,-2.217e-05,19.83,2.869e-05,0.0004396,6.029e-05,52530000000.0,8.23e-16,9.534e-16,8.357e-16,4.278e-16,6.827e-17,-1.794e-16,0.0,2.2999999999999996e-06,3.0000000000000004e-08,0.2,0.4
59,0.5119,-0.09258,6.981,2.0,-5.42e-05,15.95,5.517e-05,0.0008643,0.0001238,96290000000.0,8.274e-16,9.584e-16,9.373e-16,4.329e-16,5.835e-17,-2.289e-16,0.0,2.2999999999999996e-06,3.0000000000000004e-08,0.2,0.45
60,0.511,-0.1038,6.316,2.0,-0.0001097,12.38,8.534e-05,0.001358,0.000215,143600000000.0,8.311e-16,9.619e-16,1.009e-15,4.459e-16,5.06e-17,-2.644e-16,0.0,2.2999999999999996e-06,3.0000000000000004e-08,0.2,0.5
61,0.4908,-0.1182,5.263,2.0,-0.000189,9.526,0.0001121,0.0018,0.000342,181700000000.0,8.349e-16,9.648e-16,1.058e-15,4.75e-16,4.359e-17,-2.879e-16,0.0,2.2999999999999996e-06,3.0000000000000004e-08,0.2,0.55
62,0.4604,-0.1352,3.985,2.0,-0.0002872,7.346,0.0001311,0.00211,0.0005295,204000000000.0,8.387e-16,9.673e-16,1.085e-15,5.238e-16,3.689e-17,-2.986e-16,0.0,2.2999999999999996e-06,3.0000000000000004e-08,0.2,0.6
63,0.4272,-0.154,2.786,2.0,-0.0003967,5.67,0.0001401,0.002249,0.0008074,209200000000.0,8.423e-16,9.695e-16,1.095e-15,5.858e-16,3.081e-17,-2.981e-16,0.0,2.2999999999999996e-06,3.0000000000000004e-08,0.2,0.65
64,0.396,-0.1745,1.885,2.0,-0.0005089,4.376,0.0001395,0.002227,0.001182,200500000000.0,8.453e-16,9.714e-16,1.093e-15,6.492e-16,2.574e-17,-2.909e-16,0.0,2.2999999999999996e-06,3.0000000000000004e-08,0.2,0.7
65,0.3688,-0.1963,1.301,2.0,-0.0006169,3.397,0.000132,0.002096,0.001611,184000000000.0,8.476e-16,9.728e-16,1.086e-15,7.056e-16,2.175e-17,-2.814e-16,0.0,2.2999999999999996e-06,3.0000000000000004e-08,0.2,0.75
66,0.3458,-0.2193,0.9447,1.0,-0.0007171,2.68,0.0001214,0.001922,0.002034,165500000000.0,8.493e-16,9.739e-16,1.078e-15,7.523e-16,1.869e-17,-2.723e-16,0.0,2.2999999999999996e-06,3.0000000000000004e-08,0.2,0.8
67,0.3267,-0.2431,0.7229,1.0,-0.0008084,2.16,0.0001102,0.001746,0.002415,148100000000.0,8.506e-16,9.748e-16,1.07e-15,7.897e-16,1.633e-17,-2.644e-16,0.0,2.2999999999999996e-06,3.0000000000000004e-08,0.2,0.85
68,0.3108,-0.2677,0.5734,1.0,-0.0008911,1.773,9.942e-05,0.00158,0.002755,132500000000.0,8.516e-16,9.755e-16,1.063e-15,8.194e-16,1.45e-17,-2.578e-16,0.0,2.2999999999999996e-06,3.0000000000000004e-08,0.2,0.9
69,0.2976,-0.2929,0.4637,1.0,-0.0009658,1.475,8.933e-05,0.001424,0.003072,118400000000.0,8.523e-16,9.76e-16,1.058e-15,8.431e-16,1.305e-17,-2.525e-16,0.0,2.2999999999999996e-06,3.0000000000000004e-08,0.2,0.95
70,0.2865,-0.3187,0.3788,1.0,-0.001033,1.238,7.995e-05,0.001279,0.003376,105600000000.0,8.529e-16,9.765e-16,1.053e-15,8.622e-16,1.187e-17,-2.481e-16,0.0,2.2999999999999996e-06,3.0000000000000004e-08,0.2,1.0
71,0.2772,-0.3449,0.3119,1.0,-0.001093,1.047,7.134e-05,0.001145,0.003672,94050000000.0,8.533e-16,9.768e-16,1.049e-15,8.776e-16,1.09e-17,-2.446e-16,0.0,2.2999999999999996e-06,3.0000000000000004e-08,0.2,1.05
72,0.2693,-0.3714,0.2587,1.0,-0.001147,0.8923,6.349e-05,0.001024,0.003957,83700000000.0,8.537e-16,9.771e-16,1.046e-15,8.904e-16,1.009e-17,-2.415e-16,0.0,2.2999999999999996e-06,3.0000000000000004e-08,0.2,1.1
73,0.2625,-0.3983,0.2164,1.0,-0.001195,0.7656,5.639e-05,0.0009149,0.004229,74550000000.0,8.54e-16,9.773e-16,1.043e-15,9.009e-16,9.396e-18,-2.39e-16,0.0,2.2999999999999996e-06,3.0000000000000004e-08,0.2,1.15
74,0.2567,-0.4255,0.1826,1.0,-0.001238,0.6615,4.998e-05,0.000819,0.004486,66540000000.0,8.543e-16,9.775e-16,1.04e-15,9.098e-16,8.8e-18,-2.368e-16,0.0,2.2999999999999996e-06,3.0000000000000004e-08,0.2,1.2
75,0.3518,-0.0801,6.347,0.0,-1.461e-09,25.4,3.171e-09,3.706e-08,5.839e-09,6373000.0,7.617e-16,9.284e-16,4.133e-16,3.846e-16,1.276e-16,-2.209e-21,0.0,2.2999999999999996e-06,3.0000000000000004e-08,0.3,0.0
76,0.3559,-0.08022,6.526,0.0,-5.216e-09,25.54,1.079e-08,1.332e-07,2.04e-08,22780000.0,7.617e-16,9.284e-16,4.18e-16,3.884e-16,1.238e-16,-1.2240000000000001e-20,0.0,2.2999999999999996e-06,3.0000000000000004e-08,0.3,0.05
77,0.3604,-0.08034,6.713,0.0,-1.876e-08,25.66,3.716e-08,4.812e-07,7.167e-08,81910000.0,7.617e-16,9.284e-16,4.219e-16,3.927e-16,1.202e-16,-6.829000000000001e-20,0.0,2.2999999999999996e-06,3.0000000000000004e-08,0.3,0.1
78,0.3662,-0.08046,6.909,0.0,-6.781e-08,25.75,1.292e-07,1.746e-06,2.527e-07,295500000.0,7.618e-16,9.285e-16,4.257e-16,3.975e-16,1.17e-16,-3.826e-19,0.0,2.2999999999999996e-06,3.0000000000000004e-08,0.3,0.15
79,0.3754,-0.08061,7.112,3.0,-2.459e-07,25.76,4.518e-07,6.334e-06,8.906e-07,1063000000.0,7.619e-16,9.288e-16,4.322e-16,4.027e-16,1.135e-16,-2.13e-18,0.0,2.2999999999999996e-06,3.0000000000000004e-08,0.3,0.2
80,0.3953,-0.08085,7.318,3.0,-8.88e-07,25.54,1.566e-06,2.268e-05,3.1e-06,3711000000.0,7.628e-16,9.304e-16,4.561e-16,4.081e-16,1.086e-16,-1.12e-17,0.0,2.2999999999999996e-06,3.0000000000000004e-08,0.3,0.25
81,0.4383,-0.08142,7.507,3.0,-3.128e-06,24.65,5.171e-06,7.709e-05,1.027e-05,11660000000.0,7.662e-16,9.361e-16,5.409e-16,4.133e-16,9.817e-17,-4.592e-17,0.0,2.2999999999999996e-06,3.0000000000000004e-08,0.3,0.3
82,0.512,-0.08302,7.636,3.0,-1.02e-05,22.38,1.491e-05,0.0002283,2.989e-05,30430000000.0,7.724e-16,9.456e-16,6.94e-16,4.179e-16,8.219e-17,-1.131e-16,0.0,2.2999999999999996e-06,3.0000000000000004e-08,0.3,0.35
83,0.6143,-0.08712,7.667,3.0,-2.869e-05,18.87,3.448e-05,0.0005414,7.061e-05,65000000000.0,7.782e-16,9.533e-16,8.353e-16,4.219e-16,6.838e-17,-1.791e-16,0.0,2.2999999999999996e-06,3.0000000000000004e-08,0.3,0.4
84,0.731,-0.09511,7.578,2.0,-6.697e-05,15.09,6.295e-05,0.001011,0.0001334,113200000000.0,7.824e-16,9.583e-16,9.363e-16,4.251e-16,5.881e-17,-2.28e-16,0.0,2.2999999999999996e-06,3.0000000000000004e-08,0.3,0.45
85,0.8375,-0.107,7.337,2.0,-0.0001306,11.76,9.411e-05,0.001536,0.0002094,164200000000.0,7.853e-16,9.615e-16,1.008e-15,4.285e-16,5.196e-17,-2.637e-16,0.0,2.2999999999999996e-06,3.0000000000000004e-08,0.3,0.5
86,0.9109,-0.1221,6.921,2.0,-0.0002196,9.178,0.000122,0.002016,0.0002912,208100000000.0,7.877e-16,9.638e-16,1.062e-15,4.334e-16,4.661e-17,-2.909e-16,0.0,2.2999999999999996e-06,3.0000000000000004e-08,0.3,0.55
87,0.9392,-0.1394,6.309,2.0,-0.0003301,7.242,0.0001434,0.002391,0.000379,239800000000.0,7.899e-16,9.656e-16,1.103e-15,4.421e-16,4.202e-17,-3.119e-16,0.0,2.2999999999999996e-06,3.0000000000000004e-08,0.3,0.6
88,0.9258,-0.1586,5.495,2.0,-0.0004561,5.777,0.0001564,0.002635,0.0004794,257500000000.0,7.92e-16,9.671e-16,1.133e-15,4.577e-16,3.781e-17,-3.272e-16,0.0,2.2999999999999996e-06,3.0000000000000004e-08,0.3,0.65
89,0.8838,-0.1793,4.53,2.0,-0.0005908,4.642,0.0001609,0.002743,0.0006055,261400000000.0,7.942e-16,9.685e-16,1.154e-15,4.824e-16,3.376e-17,-3.366e-16,0.0,2.2999999999999996e-06,3.0000000000000004e-08,0.3,0.7
90,0.8283,-0.2014,3.532,2.0,-0.0007278,3.747,0.0001577,0.002727,0.0007722,253700000000.0,7.964e-16,9.698e-16,1.164e-15,5.168e-16,2.985e-17,-3.398e-16,0.0,2.2999999999999996e-06,3.0000000000000004e-08,0.3,0.75
91,0.7702,-0.2245,2.638,2.0,-0.0008613,3.032,0.0001487,0.002612,0.0009899,237300000000.0,7.985e-16,9.71e-16,1.166e-15,5.59e-16,2.617e-17,-3.371e-16,0.0,2.2999999999999996e-06,3.0000000000000004e-08,0.3,0.8
92,0.7156,-0.2484,1.935,2.0,-0.0009872,2.461,0.0001359,0.002429,0.001255,216100000000.0,8.005e-16,9.721e-16,1.161e-15,6.05e-16,2.285e-17,-3.301e-16,0.0,2.2999999999999996e-06,3.0000000000000004e-08,0.3,0.85
93,0.6669,-0.2731,1.431,2.0,-0.001103,2.009,0.0001216,0.002216,0.001549,193500000000.0,8.021e-16,9.73e-16,1.152e-15,6.508e-16,1.997e-17,-3.205e-16,0.0,2.2999999999999996e-06,3.0000000000000004e-08,0.3,0.9
94,0.6247,-0.2984,1.088,2.0,-0.001208,1.659,0.0001075,0.002004,0.001842,172300000000.0,8.035e-16,9.738e-16,1.14e-15,6.934e-16,1.755e-17,-3.101e-16,0.0,2.2999999999999996e-06,3.0000000000000004e-08,0.3,0.95
95,0.5886,-0.3243,0.8581,1.0,-0.001303,1.391,9.479e-05,0.001813,0.002112,153900000000.0,8.047e-16,9.745e-16,1.128e-15,7.312e-16,1.555e-17,-2.998e-16,0.0,2.2999999999999996e-06,3.0000000000000004e-08,0.3,1.0
96,0.5576,-0.3505,0.7002,1.0,-0.001389,1.186,8.365e-05,0.001648,0.002354,138500000000.0,8.056e-16,9.75e-16,1.117e-15,7.638e-16,1.39e-17,-2.904e-16,0.0,2.2999999999999996e-06,3.0000000000000004e-08,0.3,1.05
97,0.5311,-0.3771,0.5862,1.0,-0.001468,1.027,7.4e-05,0.001507,0.002571,125600000000.0,8.063e-16,9.755e-16,1.106e-15,7.915e-16,1.255e-17,-2.82e-16,0.0,2.2999999999999996e-06,3.0000000000000004e-08,0.3,1.1
98,0.5083,-0.4041,0.499,1.0,-0.001539,0.8993,6.554e-05,0.001384,0.002774,114600000000.0,8.069e-16,9.759e-16,1.097e-15,8.149e-16,1.143e-17,-2.747e-16,0.0,2.2999999999999996e-06,3.0000000000000004e-08,0.3,1.15
99,0.4887,-0.4313,0.4291,1.0,-0.001606,0.794,5.799e-05,0.001275,0.002971,104900000000.0,8.074e-16,9.762e-16,1.089e-15,8.345e-16,1.049e-17,-2.684e-16,0.0,2.2999999999999996e-06,3.0000000000000004e-08,0.3,1.2
100,0.3581,-0.08054,6.479,0.0,-2.169e-09,25.23,4.558e-09,5.461e-08,8.429e-09,9457000.0,7.243e-16,9.284e-16,4.133e-16,3.782e-16,1.276e-16,-2.209e-21,0.0,2.2999999999999996e-06,3.0000000000000004e-08,0.4,0.0
101,0.3623,-0.08066,6.664,0.0,-7.672e-09,25.36,1.538e-08,1.945e-07,2.918e-08,33530000.0,7.243e-16,9.284e-16,4.18e-16,3.812e-16,1.238e-16,-1.2240000000000001e-20,0.0,2.2999999999999996e-06,3.0000000000000004e-08,0.4,0.05
102,0.3672,-0.08078,6.857,0.0,-2.733e-08,25.47,5.248e-08,6.962e-07,1.015e-07,119600000.0,7.243e-16,9.284e-16,4.219e-16,3.846e-16,1.202e-16,-6.828000000000001e-20,0.0,2.2999999999999996e-06,3.0000000000000004e-08,0.4,0.1
103,0.3735,-0.08091,7.059,0.0,-9.789e-08,25.55,1.808e-07,2.501e-06,3.543e-07,427500000.0,7.243e-16,9.285e-16,4.257e-16,3.884e-16,1.17e-16,-3.826e-19,0.0,2.2999999999999996e-06,3.0000000000000004e-08,0.4,0.15
104,0.3845,-0.08108,7.269,3.0,-3.512e-07,25.53,6.245e-07,8.966e-06,1.233e-06,1521000000.0,7.245e-16,9.288e-16,4.322e-16,3.927e-16,1.135e-16,-2.13e-18,0.0,2.2999999999999996e-06,3.0000000000000004e-08,0.4,0.2
105,0.4088,-0.08137,7.481,3.0,-1.251e-06,25.21,2.127e-06,3.154e-05,4.217e-06,5217000000.0,7.254e-16,9.304e-16,4.561e-16,3.975e-16,1.086e-16,-1.12e-17,0.0,2.2999999999999996e-06,3.0000000000000004e-08,0.4,0.25
106,0.4602,-0.08209,7.674,3.0,-4.311e-06,24.07,6.796e-06,0.0001038,1.352e-05,15850000000.0,7.287e-16,9.361e-16,5.409e-16,4.027e-16,9.817e-17,-4.592e-17,0.0,2.2999999999999996e-06,3.0000000000000004e-08,0.4,0.3
107,0.5479,-0.0841,7.81,3.0,-1.355e-05,21.5,1.857e-05,0.0002913,3.729e-05,39150000000.0,7.349e-16,9.456e-16,6.94e-16,4.081e-16,8.219e-17,-1.131e-16,0.0,2.2999999999999996e-06,3.0000000000000004e-08,0.4,0.35
108,0.6748,-0.08897,7.867,3.0,-3.634e-05,17.9,4.04e-05,0.0006503,8.267e-05,78600000000.0,7.408e-16,9.533e-16,8.352e-16,4.133e-16,6.839e-17,-1.79e-16,0.0,2.2999999999999996e-06,3.0000000000000004e-08,0.4,0.4
109,0.8354,-0.09785,7.836,2.0,-8.097e-05,14.22,6.999e-05,0.001152,0.000147,129700000000.0,7.449e-16,9.582e-16,9.36e-16,4.18e-16,5.886e-17,-2.278e-16,0.0,2.2999999999999996e-06,3.0000000000000004e-08,0.4,0.45
110,1.013,-0.1105,7.705,2.0,-0.0001519,11.1,0.0001009,0.001687,0.000219,181200000000.0,7.477e-16,9.614e-16,1.007e-15,4.221e-16,5.214e-17,-2.632e-16,0.0,2.2999999999999996e-06,3.0000000000000004e-08,0.4,0.5
111,1.184,-0.126,7.47,2.0,-0.0002485,8.717,0.0001279,0.002166,0.00029,224900000000.0,7.499e-16,9.637e-16,1.061e-15,4.256e-16,4.705e-17,-2.899e-16,0.0,2.2999999999999996e-06,3.0000000000000004e-08,0.4,0.55
112,1.323,-0.1437,7.125,2.0,-0.0003665,6.937,0.0001484,0.002543,0.0003569,257100000000.0,7.517e-16,9.653e-16,1.102e-15,4.293e-16,4.295e-17,-3.11e-16,0.0,2.2999999999999996e-06,3.0000000000000004e-08,0.4,0.6
113,1.413,-0.1633,6.656,2.0,-0.0005003,5.593,0.0001611,0.002799,0.0004205,277100000000.0,7.532e-16,9.666e-16,1.134e-15,4.338e-16,3.948e-17,-3.279e-16,0.0,2.2999999999999996e-06,3.0000000000000004e-08,0.4,0.65
114,1.444,-0.1843,6.054,2.0,-0.0006439,4.562,0.0001662,0.002938,0.0004853,285700000000.0,7.546e-16,9.677e-16,1.16e-15,4.405e-16,3.639e-17,-3.413e-16,0.0,2.2999999999999996e-06,3.0000000000000004e-08,0.4,0.7
115,1.425,-0.2065,5.331,2.0,-0.0007919,3.758,0.0001647,0.002976,0.0005581,284600000000.0,7.559e-16,9.686e-16,1.18e-15,4.507e-16,3.354e-17,-3.516e-16,0.0,2.2999999999999996e-06,3.0000000000000004e-08,0.4,0.75
116,1.37,-0.2298,4.529,2.0,-0.0009396,3.12,0.000158,0.002932,0.0006474,276000000000.0,7.572e-16,9.694e-16,1.194e-15,4.656e-16,3.083e-17,-3.585e-16,0.0,2.2999999999999996e-06,3.0000000000000004e-08,0.4,0.8
117,1.296,-0.2539,3.713,2.0,-0.001083,2.607,0.0001478,0.002825,0.0007608,261800000000.0,7.586e-16,9.702e-16,1.203e-15,4.86e-16,2.819e-17,-3.62e-16,0.0,2.2999999999999996e-06,3.0000000000000004e-08,0.4,0.85
118,1.215,-0.2787,2.957,2.0,-0.001221,2.189,0.0001351,0.002672,0.0009035,243700000000.0,7.6e-16,9.71e-16,1.207e-15,5.123e-16,2.564e-17,-3.62e-16,0.0,2.2999999999999996e-06,3.0000000000000004e-08,0.4,0.9
119,1.136,-0.3041,2.313,2.0,-0.00135,1.844,0.0001213,0.002489,0.001076,223500000000.0,7.614e-16,9.717e-16,1.206e-15,5.435e-16,2.318e-17,-3.586e-16,0.0,2.2999999999999996e-06,3.0000000000000004e-08,0.4,0.95
120,1.062,-0.3299,1.803,2.0,-0.001469,1.56,0.0001071,0.002291,0.001271,202700000000.0,7.627e-16,9.723e-16,1.2e-15,5.781e-16,2.087e-17,-3.524e-16,0.0,2.2999999999999996e-06,3.0000000000000004e-08,0.4,1.0
121,0.9965,-0.3562,1.418,2.0,-0.001578,1.328,9.346e-05,0.002096,0.001478,182900000000.0,7.639e-16,9.73e-16,1.191e-15,6.143e-16,1.875e-17,-3.442e-16,0.0,2.2999999999999996e-06,3.0000000000000004e-08,0.4,1.05
122,0.9383,-0.3829,1.138,2.0,-0.001678,1.141,8.092e-05,0.001914,0.001682,165000000000.0,7.65e-16,9.735e-16,1.18e-15,6.502e-16,1.685e-17,-3.348e-16,0.0,2.2999999999999996e-06,3.0000000000000004e-08,0.4,1.1
123,0.8873,-0.4099,0.9372,1.0,-0.001769,0.9915,6.977e-05,0.001754,0.001872,149500000000.0,7.66e-16,9.74e-16,1.168e-15,6.843e-16,1.518e-17,-3.249e-16,0.0,2.2999999999999996e-06,3.0000000000000004e-08,0.4,1.15
124,0.8427,-0.4371,0.7918,1.0,-0.001853,0.873,6.004e-05,0.001618,0.002043,136600000000.0,7.668e-16,9.745e-16,1.156e-15,7.157e-16,1.373e-17,-3.152e-16,0.0,2.2999999999999996e-06,3.0000000000000004e-08,0.4,1.2
125,0.3619,-0.08098,6.585,0.0,-3.188e-09,25.05,6.485e-09,7.969e-08,1.21e-08,13880000.0,6.924e-16,9.284e-16,4.133e-16,3.732e-16,1.276e-16,-2.209e-21,0.0,2.2999999999999996e-06,3.0000000000000004e-08,0.5,0.0
126,0.3663,-0.0811,6.774,0.0,-1.118e-08,25.18,2.169e-08,2.813e-07,4.152e-08,48800000.0,6.924e-16,9.284e-16,4.18e-16,3.756e-16,1.238e-16,-1.2240000000000001e-20,0.0,2.2999999999999996e-06,3.0000000000000004e-08,0.5,0.05
127,0.3714,-0.08123,6.971,0.0,-3.946e-08,25.29,7.338e-08,9.976e-07,1.431e-07,172500000.0,6.924e-16,9.284e-16,4.219e-16,3.782e-16,1.202e-16,-6.828000000000001e-20,0.0,2.2999999999999996e-06,3.0000000000000004e-08,0.5,0.1
128,0.3784,-0.08136,7.177,3.0,-1.399e-07,25.35,2.502e-07,3.547e-06,4.942e-07,611100000.0,6.924e-16,9.285e-16,4.257e-16,3.812e-16,1.17e-16,-3.825e-19,0.0,2.2999999999999996e-06,3.0000000000000004e-08,0.5,0.15
129,0.3912,-0.08155,7.392,3.0,-4.967e-07,25.29,8.538e-07,1.256e-05,1.699e-06,2148000000.0,6.926e-16,9.288e-16,4.322e-16,3.846e-16,1.135e-16,-2.13e-18,0.0,2.2999999999999996e-06,3.0000000000000004e-08,0.5,0.2
130,0.42,-0.0819,7.606,3.0,-1.743e-06,24.84,2.85e-06,4.331e-05,5.694e-06,7231000000.0,6.935e-16,9.304e-16,4.561e-16,3.884e-16,1.086e-16,-1.12e-17,0.0,2.2999999999999996e-06,3.0000000000000004e-08,0.5,0.25
131,0.479,-0.08282,7.798,3.0,-5.859e-06,23.43,8.773e-06,0.0001373,1.76e-05,21170000000.0,6.968e-16,9.361e-16,5.409e-16,3.927e-16,9.817e-17,-4.592e-17,0.0,2.2999999999999996e-06,3.0000000000000004e-08,0.5,0.3
132,0.5772,-0.08533,7.933,3.0,-1.77e-05,20.58,2.264e-05,0.0003643,4.591e-05,49390000000.0,7.031e-16,9.456e-16,6.94e-16,3.975e-16,8.219e-17,-1.131e-16,0.0,2.2999999999999996e-06,3.0000000000000004e-08,0.5,0.35
133,0.7193,-0.09103,8.0,2.0,-4.525e-05,16.94,4.642e-05,0.0007665,9.581e-05,93380000000.0,7.089e-16,9.533e-16,8.352e-16,4.027e-16,6.84e-17,-1.79e-16,0.0,2.2999999999999996e-06,3.0000000000000004e-08,0.5,0.4
134,0.903,-0.1008,7.995,2.0,-9.637e-05,13.4,7.654e-05,0.001291,0.0001615,146500000000.0,7.13e-16,9.582e-16,9.359e-16,4.081e-16,5.887e-17,-2.277e-16,0.0,2.2999999999999996e-06,3.0000000000000004e-08,0.5,0.45
135,1.117,-0.114,7.91,2.0,-0.0001744,10.48,0.0001066,0.001828,0.0002311,197500000000.0,7.158e-16,9.614e-16,1.007e-15,4.133e-16,5.217e-17,-2.63e-16,0.0,2.2999999999999996e-06,3.0000000000000004e-08,0.5,0.5
136,1.345,-0.1301,7.751,2.0,-0.0002778,8.268,0.0001323,0.002297,0.0002963,239600000000.0,7.18e-16,9.636e-16,1.06e-15,4.182e-16,4.714e-17,-2.896e-16,0.0,2.2999999999999996e-06,3.0000000000000004e-08,0.5,0.55
137,1.566,-0.1482,7.514,2.0,-0.0004019,6.617,0.0001512,0.00266,0.000354,270200000000.0,7.196e-16,9.652e-16,1.101e-15,4.224e-16,4.316e-17,-3.104e-16,0.0,2.2999999999999996e-06,3.0000000000000004e-08,0.5,0.6
138,1.758,-0.168,7.193,2.0,-0.0005413,5.369,0.0001626,0.002907,0.0004041,289300000000.0,7.21e-16,9.665e-16,1.133e-15,4.262e-16,3.987e-17,-3.271e-16,0.0,2.2999999999999996e-06,3.0000000000000004e-08,0.5,0.65
139,1.898,-0.1892,6.782,2.0,-0.0006903,4.412,0.0001669,0.003045,0.000449,298100000000.0,7.221e-16,9.675e-16,1.159e-15,4.299e-16,3.707e-17,-3.407e-16,0.0,2.2999999999999996e-06,3.0000000000000004e-08,0.5,0.7
140,1.977,-0.2117,6.278,2.0,-0.0008438,3.667,0.0001653,0.003094,0.0004929,298700000000.0,7.231e-16,9.683e-16,1.18e-15,4.341e-16,3.462e-17,-3.517e-16,0.0,2.2999999999999996e-06,3.0000000000000004e-08,0.5,0.75
141,1.994,-0.2351,5.691,2.0,-0.000998,3.08,0.0001592,0.003074,0.0005402,293200000000.0,7.241e-16,9.689e-16,1.197e-15,4.396e-16,3.241e-17,-3.607e-16,0.0,2.2999999999999996e-06,3.0000000000000004e-08,0.5,0.8
142,1.959,-0.2593,5.04,2.0,-0.00115,2.612,0.00015,0.003003,0.0005958,283200000000.0,7.25e-16,9.695e-16,1.21e-15,4.471e-16,3.036e-17,-3.676e-16,0.0,2.2999999999999996e-06,3.0000000000000004e-08,0.5,0.85
143,1.889,-0.2842,4.358,2.0,-0.001297,2.231,0.0001388,0.002894,0.000664,269900000000.0,7.258e-16,9.7e-16,1.221e-15,4.572e-16,2.842e-17,-3.725e-16,0.0,2.2999999999999996e-06,3.0000000000000004e-08,0.5,0.9
144,1.798,-0.3097,3.684,2.0,-0.001438,1.917,0.0001263,0.002757,0.0007485,254500000000.0,7.267e-16,9.705e-16,1.227e-15,4.708e-16,2.655e-17,-3.753e-16,0.0,2.2999999999999996e-06,3.0000000000000004e-08,0.5,0.95
145,1.699,-0.3356,3.056,2.0,-0.001572,1.655,0.0001132,0.002602,0.0008513,237500000000.0,7.276e-16,9.71e-16,1.231e-15,4.881e-16,2.471e-17,-3.76e-16,0.0,2.2999999999999996e-06,3.0000000000000004e-08,0.5,1.0
146,1.6,-0.362,2.503,2.0,-0.001698,1.434,9.988e-05,0.002434,0.0009724,219700000000.0,7.285e-16,9.715e-16,1.231e-15,5.093e-16,2.292e-17,-3.745e-16,0.0,2.2999999999999996e-06,3.0000000000000004e-08,0.5,1.05
147,1.506,-0.3887,2.04,2.0,-0.001815,1.246,8.683e-05,0.002262,0.001109,201900000000.0,7.295e-16,9.719e-16,1.228e-15,5.339e-16,2.116e-17,-3.708e-16,0.0,2.2999999999999996e-06,3.0000000000000004e-08,0.5,1.1
148,1.42,-0.4157,1.668,2.0,-0.001924,1.088,7.437e-05,0.002093,0.001255,184700000000.0,7.304e-16,9.723e-16,1.222e-15,5.613e-16,1.946e-17,-3.653e-16,0.0,2.2999999999999996e-06,3.0000000000000004e-08,0.5,1.15
149,1.342,-0.443,1.377,2.0,-0.002024,0.9554,6.278e-05,0.001934,0.001404,168800000000.0,7.313e-16,9.728e-16,1.214e-15,5.906e-16,1.785e-17,-3.583e-16,0.0,2.2999999999999996e-06,3.0000000000000004e-08,0.5,1.2
150,0.3649,-0.08142,6.673,0.0,-4.647e-09,24.88,9.149e-09,1.153e-07,1.728e-08,20170000.0,6.649e-16,9.284e-16,4.133e-16,3.692e-16,1.276e-16,-2.209e-21,0.0,2.2999999999999996e-06,3.0000000000000004e-08,0.6,0.0
151,0.3694,-0.08155,6.865,0.0,-1.615e-08,25.01,3.035e-08,4.035e-07,5.877e-08,70350000.0,6.649e-16,9.284e-16,4.18e-16,3.711e-16,1.238e-16,-1.2240000000000001e-20,0.0,2.2999999999999996e-06,3.0000000000000004e-08,0.6,0.05
152,0.3748,-0.08167,7.066,0.0,-5.649e-08,25.1,1.017e-07,1.418e-06,2.007e-07,246500000.0,6.649e-16,9.284e-16,4.219e-16,3.732e-16,1.202e-16,-6.828000000000001e-20,0.0,2.2999999999999996e-06,3.0000000000000004e-08,0.6,0.1
153,0.3825,-0.08182,7.276,3.0,-1.985e-07,25.15,3.434e-07,4.99e-06,6.858e-07,864900000.0,6.65e-16,9.285e-16,4.257e-16,3.756e-16,1.17e-16,-3.825e-19,0.0,2.2999999999999996e-06,3.0000000000000004e-08,0.6,0.15
154,0.3974,-0.08202,7.492,3.0,-6.964e-07,25.03,1.156e-06,1.743e-05,2.326e-06,3002000000.0,6.651e-16,9.288e-16,4.322e-16,3.782e-16,1.135e-16,-2.13e-18,0.0,2.2999999999999996e-06,3.0000000000000004e-08,0.6,0.2
155,0.4312,-0.08246,7.707,3.0,-2.405e-06,24.43,3.772e-06,5.875e-05,7.623e-06,9884000000.0,6.66e-16,9.304e-16,4.561e-16,3.812e-16,1.086e-16,-1.12e-17,0.0,2.2999999999999996e-06,3.0000000000000004e-08,0.6,0.25
156,0.4977,-0.08363,7.894,3.0,-7.862e-06,22.72,1.113e-05,0.0001786,2.263e-05,27770000000.0,6.694e-16,9.361e-16,5.409e-16,3.846e-16,9.817e-17,-4.592e-17,0.0,2.2999999999999996e-06,3.0000000000000004e-08,0.6,0.3
157,0.6053,-0.08672,8.026,3.0,-2.277e-05,19.65,2.71e-05,0.0004473,5.574e-05,61130000000.0,6.756e-16,9.456e-16,6.94e-16,3.884e-16,8.219e-17,-1.131e-16,0.0,2.2999999999999996e-06,3.0000000000000004e-08,0.6,0.35
158,0.7596,-0.09327,8.097,2.0,-5.552e-05,16.01,5.245e-05,0.0008888,0.0001098,109100000000.0,6.814e-16,9.533e-16,8.352e-16,3.927e-16,6.84e-17,-1.79e-16,0.0,2.2999999999999996e-06,3.0000000000000004e-08,0.6,0.4
159,0.9589,-0.1038,8.104,2.0,-0.0001132,12.62,8.261e-05,0.001429,0.0001764,163400000000.0,6.855e-16,9.582e-16,9.359e-16,3.975e-16,5.888e-17,-2.277e-16,0.0,2.2999999999999996e-06,3.0000000000000004e-08,0.6,0.45
160,1.195,-0.1177,8.046,2.0,-0.0001981,9.898,0.0001115,0.001961,0.0002437,213500000000.0,6.884e-16,9.614e-16,1.007e-15,4.027e-16,5.218e-17,-2.629e-16,0.0,2.2999999999999996e-06,3.0000000000000004e-08,0.6,0.5
161,1.456,-0.1342,7.927,2.0,-0.0003078,7.846,0.0001355,0.002415,0.0003046,253600000000.0,6.905e-16,9.636e-16,1.06e-15,4.081e-16,4.717e-17,-2.894e-16,0.0,2.2999999999999996e-06,3.0000000000000004e-08,0.6,0.55
162,1.727,-0.1526,7.747,2.0,-0.0004374,6.31,0.0001527,0.00276,0.0003562,282100000000.0,6.921e-16,9.652e-16,1.101e-15,4.135e-16,4.322e-17,-3.101e-16,0.0,2.2999999999999996e-06,3.0000000000000004e-08,0.6,0.6
163,1.988,-0.1728,7.502,2.0,-0.0005814,5.145,0.0001626,0.002991,0.0003987,299200000000.0,6.934e-16,9.664e-16,1.133e-15,4.184e-16,3.999e-17,-3.267e-16,0.0,2.2999999999999996e-06,3.0000000000000004e-08,0.6,0.65
164,2.219,-0.1943,7.189,2.0,-0.0007343,4.25,0.0001658,0.003121,0.0004341,306900000000.0,6.945e-16,9.674e-16,1.158e-15,4.228e-16,3.728e-17,-3.401e-16,0.0,2.2999999999999996e-06,3.0000000000000004e-08,0.6,0.7
165,2.399,-0.2169,6.806,2.0,-0.0008915,3.553,0.0001635,0.003168,0.0004654,307200000000.0,6.954e-16,9.682e-16,1.179e-15,4.267e-16,3.496e-17,-3.511e-16,0.0,2.2999999999999996e-06,3.0000000000000004e-08,0.6,0.75
166,2.517,-0.2405,6.358,2.0,-0.001049,3.005,0.0001573,0.003154,0.000496,302400000000.0,6.962e-16,9.688e-16,1.196e-15,4.304e-16,3.293e-17,-3.602e-16,0.0,2.2999999999999996e-06,3.0000000000000004e-08,0.6,0.8
167,2.57,-0.2648,5.853,2.0,-0.001206,2.568,0.0001484,0.003096,0.0005289,294000000000.0,6.969e-16,9.693e-16,1.211e-15,4.343e-16,3.113e-17,-3.676e-16,0.0,2.2999999999999996e-06,3.0000000000000004e-08,0.6,0.85
168,2.563,-0.2898,5.303,2.0,-0.001358,2.214,0.0001378,0.003007,0.000567,283100000000.0,6.975e-16,9.697e-16,1.222e-15,4.39e-16,2.949e-17,-3.736e-16,0.0,2.2999999999999996e-06,3.0000000000000004e-08,0.6,0.9
169,2.51,-0.3153,4.726,2.0,-0.001505,1.923,0.0001261,0.002895,0.0006127,270400000000.0,6.981e-16,9.701e-16,1.231e-15,4.448e-16,2.797e-17,-3.783e-16,0.0,2.2999999999999996e-06,3.0000000000000004e-08,0.6,0.95
170,2.424,-0.3413,4.144,2.0,-0.001647,1.681,0.0001138,0.002768,0.0006681,256600000000.0,6.986e-16,9.704e-16,1.238e-15,4.525e-16,2.653e-17,-3.816e-16,0.0,2.2999999999999996e-06,3.0000000000000004e-08,0.6,1.0
171,2.319,-0.3678,3.58,2.0,-0.001782,1.476,0.0001013,0.00263,0.0007347,241900000000.0,6.992e-16,9.707e-16,1.243e-15,4.622e-16,2.514e-17,-3.837e-16,0.0,2.2999999999999996e-06,3.0000000000000004e-08,0.6,1.05
172,2.206,-0.3945,3.055,2.0,-0.001909,1.301,8.88e-05,0.002485,0.0008133,226700000000.0,6.998e-16,9.71e-16,1.246e-15,4.745e-16,2.378e-17,-3.843e-16,0.0,2.2999999999999996e-06,3.0000000000000004e-08,0.6,1.1
173,2.092,-0.4216,2.585,2.0,-0.00203,1.151,7.652e-05,0.002336,0.0009034,211400000000.0,7.004e-16,9.713e-16,1.246e-15,4.896e-16,2.243e-17,-3.835e-16,0.0,2.2999999999999996e-06,3.0000000000000004e-08,0.6,1.15
174,1.983,-0.4489,2.179,2.0,-0.002143,1.021,6.463e-05,0.002187,0.001003,196200000000.0,7.011e-16,9.716e-16,1.245e-15,5.074e-16,2.11e-17,-3.813e-16,0.0,2.2999999999999996e-06,3.0000000000000004e-08,0.6,1.2
175,0.3675,-0.08186,6.752,0.0,-6.725e-09,24.71,1.281e-08,1.658e-07,2.455e-08,29090000.0,6.41e-16,9.284e-16,4.133e-16,3.658e-16,1.276e-16,-2.209e-21,0.0,2.2999999999999996e-06,3.0000000000000004e-08,0.7,0.0
176,0.3722,-0.08199,6.946,0.0,-2.316e-08,24.83,4.213e-08,5.748e-07,8.274e-08,100600000.0,6.41e-16,9.284e-16,4.18e-16,3.674e-16,1.238e-16,-1.2240000000000001e-20,0.0,2.2999999999999996e-06,3.0000000000000004e-08,0.7,0.05
177,0.3778,-0.08212,7.15,0.0,-8.032e-08,24.92,1.4e-07,2.001e-06,2.799e-07,349400000.0,6.41e-16,9.284e-16,4.219e-16,3.692e-16,1.202e-16,-6.828000000000001e-20,0.0,2.2999999999999996e-06,3.0000000000000004e-08,0.7,0.1
178,0.3863,-0.08227,7.362,3.0,-2.794e-07,24.94,4.675e-07,6.967e-06,9.464e-07,1214000000.0,6.41e-16,9.285e-16,4.257e-16,3.711e-16,1.17e-16,-3.825e-19,0.0,2.2999999999999996e-06,3.0000000000000004e-08,0.7,0.15
179,0.4038,-0.08251,7.58,3.0,-9.688e-07,24.75,1.551e-06,2.398e-05,3.163e-06,4153000000.0,6.412e-16,9.288e-16,4.322e-16,3.732e-16,1.135e-16,-2.13e-18,0.0,2.2999999999999996e-06,3.0000000000000004e-08,0.7,0.2
180,0.443,-0.08306,7.792,3.0,-3.286e-06,23.96,4.929e-06,7.875e-05,1.011e-05,13330000000.0,6.421e-16,9.304e-16,4.561e-16,3.756e-16,1.086e-16,-1.12e-17,0.0,2.2999999999999996e-06,3.0000000000000004e-08,0.7,0.25
181,0.5171,-0.08454,7.973,3.0,-1.042e-05,21.95,1.389e-05,0.0002287,2.868e-05,35770000000.0,6.454e-16,9.361e-16,5.409e-16,3.782e-16,9.817e-17,-4.592e-17,0.0,2.2999999999999996e-06,3.0000000000000004e-08,0.7,0.3
182,0.634,-0.08828,8.099,3.0,-2.888e-05,18.71,3.188e-05,0.0005403,6.67e-05,74290000000.0,6.517e-16,9.456e-16,6.94e-16,3.812e-16,8.219e-17,-1.131e-16,0.0,2.2999999999999996e-06,3.0000000000000004e-08,0.7,0.35
183,0.7992,-0.0957,8.171,2.0,-6.721e-05,15.11,5.839e-05,0.001016,0.0001243,125500000000.0,6.575e-16,9.533e-16,8.352e-16,3.846e-16,6.84e-17,-1.79e-16,0.0,2.2999999999999996e-06,3.0000000000000004e-08,0.7,0.4
184,1.011,-0.107,8.185,2.0,-0.0001316,11.9,8.817e-05,0.001566,0.0001913,180100000000.0,6.616e-16,9.582e-16,9.359e-16,3.884e-16,5.888e-17,-2.277e-16,0.0,2.2999999999999996e-06,3.0000000000000004e-08,0.7,0.45
185,1.263,-0.1215,8.143,2.0,-0.0002231,9.357,0.0001157,0.002087,0.0002563,228800000000.0,6.644e-16,9.614e-16,1.007e-15,3.928e-16,5.219e-17,-2.629e-16,0.0,2.2999999999999996e-06,3.0000000000000004e-08,0.7,0.5
186,1.546,-0.1384,8.05,2.0,-0.0003386,7.451,0.0001379,0.002523,0.0003134,266900000000.0,6.665e-16,9.636e-16,1.06e-15,3.976e-16,4.718e-17,-2.894e-16,0.0,2.2999999999999996e-06,3.0000000000000004e-08,0.7,0.55
187,1.848,-0.1572,7.905,2.0,-0.0004731,6.02,0.0001533,0.002848,0.0003603,293100000000.0,6.681e-16,9.652e-16,1.1e-15,4.028e-16,4.324e-17,-3.1e-16,0.0,2.2999999999999996e-06,3.0000000000000004e-08,0.7,0.6
188,2.154,-0.1776,7.706,2.0,-0.0006211,4.931,0.0001616,0.003062,0.0003974,308400000000.0,6.694e-16,9.664e-16,1.132e-15,4.083e-16,4.003e-17,-3.265e-16,0.0,2.2999999999999996e-06,3.0000000000000004e-08,0.7,0.65
189,2.446,-0.1993,7.451,2.0,-0.0007772,4.091,0.0001636,0.003179,0.0004267,314500000000.0,6.705e-16,9.674e-16,1.158e-15,4.137e-16,3.736e-17,-3.398e-16,0.0,2.2999999999999996e-06,3.0000000000000004e-08,0.7,0.7
190,2.706,-0.2221,7.139,2.0,-0.0009372,3.436,0.0001606,0.00322,0.0004511,313900000000.0,6.713e-16,9.681e-16,1.179e-15,4.187e-16,3.509e-17,-3.507e-16,0.0,2.2999999999999996e-06,3.0000000000000004e-08,0.7,0.75
191,2.916,-0.2458,6.776,2.0,-0.001098,2.92,0.0001541,0.003206,0.0004731,308800000000.0,6.721e-16,9.687e-16,1.196e-15,4.232e-16,3.313e-17,-3.597e-16,0.0,2.2999999999999996e-06,3.0000000000000004e-08,0.7,0.8
192,3.065,-0.2703,6.365,2.0,-0.001257,2.508,0.0001451,0.003152,0.0004952,300700000000.0,6.727e-16,9.692e-16,1.21e-15,4.271e-16,3.142e-17,-3.671e-16,0.0,2.2999999999999996e-06,3.0000000000000004e-08,0.7,0.85
193,3.149,-0.2954,5.915,2.0,-0.001412,2.176,0.0001347,0.003072,0.0005194,290600000000.0,6.732e-16,9.696e-16,1.222e-15,4.308e-16,2.991e-17,-3.732e-16,0.0,2.2999999999999996e-06,3.0000000000000004e-08,0.7,0.9
194,3.171,-0.321,5.434,2.0,-0.001563,1.902,0.0001234,0.002974,0.0005472,279300000000.0,6.736e-16,9.699e-16,1.231e-15,4.344e-16,2.855e-17,-3.782e-16,0.0,2.2999999999999996e-06,3.0000000000000004e-08,0.7,0.95
195,3.141,-0.3471,4.933,2.0,-0.001709,1.675,0.0001117,0.002862,0.0005802,267200000000.0,6.74e-16,9.702e-16,1.239e-15,4.385e-16,2.731e-17,-3.823e-16,0.0,2.2999999999999996e-06,3.0000000000000004e-08,0.7,1.0
196,3.07,-0.3735,4.427,2.0,-0.001849,1.483,9.969e-05,0.002742,0.0006195,254500000000.0,6.744e-16,9.704e-16,1.245e-15,4.434e-16,2.615e-17,-3.854e-16,0.0,2.2999999999999996e-06,3.0000000000000004e-08,0.7,1.05
197,2.971,-0.4003,3.928,2.0,-0.001983,1.32,8.77e-05,0.002616,0.000666,241400000000.0,6.748e-16,9.706e-16,1.25e-15,4.494e-16,2.505e-17,-3.876e-16,0.0,2.2999999999999996e-06,3.0000000000000004e-08,0.7,1.1
198,2.855,-0.4274,3.451,2.0,-0.00211,1.178,7.584e-05,0.002486,0.0007204,228100000000.0,6.751e-16,9.708e-16,1.254e-15,4.57e-16,2.4e-17,-3.89e-16,0.0,2.2999999999999996e-06,3.0000000000000004e-08,0.7,1.15
199,2.732,-0.4547,3.008,2.0,-0.002231,1.055,6.42e-05,0.002354,0.0007826,214700000000.0,6.755e-16,9.71e-16,1.255e-15,4.663e-16,2.296e-17,-3.894e-16,0.0,2.2999999999999996e-06,3.0000000000000004e-08,0.7,1.2
200,0.3699,-0.0823,6.824,0.0,-9.667e-09,24.55,1.782e-08,2.366e-07,3.468e-08,41670000.0,6.199e-16,9.284e-16,4.133e-16,3.631e-16,1.276e-16,-2.209e-21,0.0,2.2999999999999996e-06,3.0000000000000004e-08,0.8,0.0
201,0.3747,-0.08243,7.021,0.0,-3.301e-08,24.66,5.81e-08,8.134e-07,1.159e-07,142900000.0,6.199e-16,9.284e-16,4.18e-16,3.644e-16,1.238e-16,-1.2240000000000001e-20,0.0,2.2999999999999996e-06,3.0000000000000004e-08,0.8,0.05
202,0.3807,-0.08256,7.226,0.0,-1.135e-07,24.73,1.912e-07,2.805e-06,3.882e-07,491700000.0,6.199e-16,9.284e-16,4.219e-16,3.658e-16,1.202e-16,-6.828000000000001e-20,0.0,2.2999999999999996e-06,3.0000000000000004e-08,0.8,0.1
203,0.3903,-0.08273,7.44,3.0,-3.908e-07,24.72,6.317e-07,9.66e-06,1.298e-06,1689000000.0,6.199e-16,9.285e-16,4.257e-16,3.674e-16,1.17e-16,-3.825e-19,0.0,2.2999999999999996e-06,3.0000000000000004e-08,0.8,0.15
204,0.4108,-0.08302,7.659,3.0,-1.338e-06,24.44,2.061e-06,3.27e-05,4.27e-06,5689000000.0,6.201e-16,9.288e-16,4.322e-16,3.692e-16,1.135e-16,-2.13e-18,0.0,2.2999999999999996e-06,3.0000000000000004e-08,0.8,0.2
205,0.4558,-0.0837,7.868,3.0,-4.448e-06,23.44,6.359e-06,0.0001043,1.325e-05,17730000000.0,6.21e-16,9.304e-16,4.561e-16,3.711e-16,1.086e-16,-1.12e-17,0.0,2.2999999999999996e-06,3.0000000000000004e-08,0.8,0.25
206,0.5377,-0.08556,8.041,3.0,-1.363e-05,21.13,1.704e-05,0.0002881,3.583e-05,45300000000.0,6.244e-16,9.361e-16,5.409e-16,3.732e-16,9.817e-17,-4.592e-17,0.0,2.2999999999999996e-06,3.0000000000000004e-08,0.8,0.3
207,0.6639,-0.09003,8.161,3.0,-3.614e-05,17.77,3.688e-05,0.0006423,7.87e-05,88760000000.0,6.306e-16,9.456e-16,6.94e-16,3.756e-16,8.219e-17,-1.131e-16,0.0,2.2999999999999996e-06,3.0000000000000004e-08,0.8,0.35
208,0.8394,-0.09831,8.231,2.0,-8.037e-05,14.26,6.414e-05,0.001146,0.0001392,142300000000.0,6.364e-16,9.533e-16,8.352e-16,3.782e-16,6.84e-17,-1.79e-16,0.0,2.2999999999999996e-06,3.0000000000000004e-08,0.8,0.4
209,1.062,-0.1103,8.249,2.0,-0.0001515,11.22,9.319e-05,0.001699,0.000206,196500000000.0,6.405e-16,9.582e-16,9.359e-16,3.812e-16,5.888e-17,-2.277e-16,0.0,2.2999999999999996e-06,3.0000000000000004e-08,0.8,0.45
210,1.326,-0.1254,8.218,2.0,-0.0002493,8.856,0.0001192,0.002208,0.0002686,243300000000.0,6.434e-16,9.614e-16,1.007e-15,3.846e-16,5.219e-17,-2.629e-16,0.0,2.2999999999999996e-06,3.0000000000000004e-08,0.8,0.5
211,1.625,-0.1426,8.142,2.0,-0.0003703,7.084,0.0001396,0.002623,0.0003222,279200000000.0,6.455e-16,9.636e-16,1.06e-15,3.885e-16,4.718e-17,-2.893e-16,0.0,2.2999999999999996e-06,3.0000000000000004e-08,0.8,0.55
212,1.948,-0.1618,8.021,2.0,-0.0005093,5.748,0.0001531,0.002927,0.000365,303300000000.0,6.471e-16,9.652e-16,1.1e-15,3.928e-16,4.325e-17,-3.099e-16,0.0,2.2999999999999996e-06,3.0000000000000004e-08,0.8,0.6
213,2.285,-0.1825,7.852,2.0,-0.0006607,4.727,0.0001598,0.003123,0.0003978,316700000000.0,6.484e-16,9.664e-16,1.132e-15,3.976e-16,4.005e-17,-3.264e-16,0.0,2.2999999999999996e-06,3.0000000000000004e-08,0.8,0.65
214,2.619,-0.2044,7.634,2.0,-0.0008196,3.938,0.0001607,0.003227,0.0004227,321400000000.0,6.494e-16,9.674e-16,1.158e-15,4.029e-16,3.739e-17,-3.396e-16,0.0,2.2999999999999996e-06,3.0000000000000004e-08,0.8,0.7
215,2.935,-0.2274,7.369,2.0,-0.0009817,3.321,0.0001569,0.003261,0.0004425,319900000000.0,6.502e-16,9.681e-16,1.178e-15,4.084e-16,3.514e-17,-3.505e-16,0.0,2.2999999999999996e-06,3.0000000000000004e-08,0.8,0.75
216,3.216,-0.2512,7.06,2.0,-0.001144,2.834,0.00015,0.003243,0.0004593,314200000000.0,6.509e-16,9.687e-16,1.195e-15,4.139e-16,3.321e-17,-3.594e-16,0.0,2.2999999999999996e-06,3.0000000000000004e-08,0.8,0.8
217,3.449,-0.2758,6.712,2.0,-0.001305,2.445,0.000141,0.003191,0.0004754,305900000000.0,6.515e-16,9.692e-16,1.209e-15,4.19e-16,3.155e-17,-3.667e-16,0.0,2.2999999999999996e-06,3.0000000000000004e-08,0.8,0.85
218,3.622,-0.301,6.329,2.0,-0.001462,2.13,0.0001306,0.003114,0.000492,296000000000.0,6.52e-16,9.695e-16,1.221e-15,4.235e-16,3.009e-17,-3.728e-16,0.0,2.2999999999999996e-06,3.0000000000000004e-08,0.8,0.9
219,3.732,-0.3267,5.919,2.0,-0.001616,1.871,0.0001196,0.003023,0.0005106,285200000000.0,6.523e-16,9.698e-16,1.231e-15,4.275e-16,2.88e-17,-3.778e-16,0.0,2.2999999999999996e-06,3.0000000000000004e-08,0.8,0.95
220,3.782,-0.3528,5.489,2.0,-0.001764,1.655,0.0001081,0.00292,0.000532,273800000000.0,6.527e-16,9.701e-16,1.239e-15,4.31e-16,2.765e-17,-3.819e-16,0.0,2.2999999999999996e-06,3.0000000000000004e-08,0.8,1.0
221,3.776,-0.3793,5.045,2.0,-0.001907,1.474,9.647e-05,0.002811,0.0005572,262200000000.0,6.53e-16,9.703e-16,1.245e-15,4.345e-16,2.661e-17,-3.853e-16,0.0,2.2999999999999996e-06,3.0000000000000004e-08,0.8,1.05
222,3.725,-0.4061,4.597,2.0,-0.002045,1.319,8.486e-05,0.002697,0.0005867,250300000000.0,6.532e-16,9.704e-16,1.251e-15,4.382e-16,2.566e-17,-3.88e-16,0.0,2.2999999999999996e-06,3.0000000000000004e-08,0.8,1.1
223,3.64,-0.4332,4.153,2.0,-0.002177,1.185,7.334e-05,0.00258,0.0006211,238400000000.0,6.534e-16,9.706e-16,1.255e-15,4.424e-16,2.476e-17,-3.9e-16,0.0,2.2999999999999996e-06,3.0000000000000004e-08,0.8,1.15
224,3.531,-0.4606,3.723,2.0,-0.002303,1.069,6.2e-05,0.002461,0.0006608,226400000000.0,6.537e-16,9.707e-16,1.258e-15,4.474e-16,2.392e-17,-3.915e-16,0.0,2.2999999999999996e-06,3.0000000000000004e-08,0.8,1.2
225,0.3722,-0.08274,6.892,0.0,-1.381e-08,24.38,2.461e-08,3.358e-07,4.872e-08,59280000.0,6.012e-16,9.284e-16,4.133e-16,3.607e-16,1.276e-16,-2.209e-21,0.0,2.2999999999999996e-06,3.0000000000000004e-08,0.9,0.0
226,0.3772,-0.08287,7.09,0.0,-4.677e-08,24.49,7.959e-08,1.144e-06,1.614e-07,201500000.0,6.012e-16,9.284e-16,4.18e-16,3.618e-16,1.238e-16,-1.2240000000000001e-20,0.0,2.2999999999999996e-06,3.0000000000000004e-08,0.9,0.05
227,0.3836,-0.08301,7.298,3.0,-1.593e-07,24.55,2.595e-07,3.909e-06,5.357e-07,687200000.0,6.012e-16,9.284e-16,4.219e-16,3.631e-16,1.202e-16,-6.828000000000001e-20,0.0,2.2999999999999996e-06,3.0000000000000004e-08,0.9,0.1
228,0.3945,-0.08319,7.513,3.0,-5.431e-07,24.49,8.472e-07,1.33e-05,1.77e-06,2334000000.0,6.013e-16,9.285e-16,4.257e-16,3.644e-16,1.17e-16,-3.825e-19,0.0,2.2999999999999996e-06,3.0000000000000004e-08,0.9,0.15
229,0.4185,-0.08354,7.731,3.0,-1.834e-06,24.1,2.714e-06,4.421e-05,5.718e-06,7719000000.0,6.014e-16,9.288e-16,4.322e-16,3.658e-16,1.135e-16,-2.13e-18,0.0,2.2999999999999996e-06,3.0000000000000004e-08,0.9,0.2
230,0.4698,-0.08441,7.936,3.0,-5.962e-06,22.86,8.093e-06,0.0001363,1.717e-05,23270000000.0,6.023e-16,9.304e-16,4.561e-16,3.674e-16,1.086e-16,-1.12e-17,0.0,2.2999999999999996e-06,3.0000000000000004e-08,0.9,0.25
231,0.5596,-0.08672,8.1,3.0,-1.762e-05,20.28,2.057e-05,0.0003574,4.412e-05,56410000000.0,6.057e-16,9.361e-16,5.409e-16,3.692e-16,9.817e-17,-4.592e-17,0.0,2.2999999999999996e-06,3.0000000000000004e-08,0.9,0.3
232,0.6952,-0.09196,8.214,3.0,-4.464e-05,16.86,4.203e-05,0.0007525,9.161e-05,104400000000.0,6.119e-16,9.456e-16,6.94e-16,3.711e-16,8.219e-17,-1.131e-16,0.0,2.2999999999999996e-06,3.0000000000000004e-08,0.9,0.35
233,0.8806,-0.1011,8.282,2.0,-9.504e-05,13.45,6.96e-05,0.001278,0.0001544,159400000000.0,6.177e-16,9.533e-16,8.352e-16,3.732e-16,6.84e-17,-1.79e-16,0.0,2.2999999999999996e-06,3.0000000000000004e-08,0.9,0.4
234,1.113,-0.1138,8.302,2.0,-0.0001727,10.59,9.765e-05,0.001829,0.0002203,212400000000.0,6.218e-16,9.582e-16,9.359e-16,3.756e-16,5.888e-17,-2.277e-16,0.0,2.2999999999999996e-06,3.0000000000000004e-08,0.9,0.45
235,1.388,-0.1293,8.278,2.0,-0.0002767,8.391,0.000122,0.002322,0.0002805,257100000000.0,6.247e-16,9.614e-16,1.007e-15,3.782e-16,5.219e-17,-2.629e-16,0.0,2.2999999999999996e-06,3.0000000000000004e-08,0.9,0.5
236,1.699,-0.147,8.215,2.0,-0.0004029,6.741,0.0001405,0.002716,0.0003306,290500000000.0,6.268e-16,9.636e-16,1.06e-15,3.812e-16,4.719e-17,-2.893e-16,0.0,2.2999999999999996e-06,3.0000000000000004e-08,0.9,0.55
237,2.038,-0.1664,8.11,2.0,-0.000546,5.492,0.0001522,0.002999,0.0003698,312300000000.0,6.284e-16,9.652e-16,1.1e-15,3.846e-16,4.325e-17,-3.099e-16,0.0,2.2999999999999996e-06,3.0000000000000004e-08,0.9,0.6
238,2.396,-0.1874,7.962,2.0,-0.0007005,4.535,0.0001575,0.003177,0.000399,324000000000.0,6.297e-16,9.664e-16,1.132e-15,3.885e-16,4.006e-17,-3.263e-16,0.0,2.2999999999999996e-06,3.0000000000000004e-08,0.9,0.65
239,2.76,-0.2095,7.771,2.0,-0.0008616,3.792,0.0001572,0.003268,0.0004205,327500000000.0,6.307e-16,9.674e-16,1.158e-15,3.928e-16,3.74e-17,-3.395e-16,0.0,2.2999999999999996e-06,3.0000000000000004e-08,0.9,0.7
240,3.116,-0.2327,7.538,2.0,-0.001026,3.211,0.0001527,0.003293,0.0004368,325300000000.0,6.315e-16,9.681e-16,1.178e-15,3.977e-16,3.516e-17,-3.503e-16,0.0,2.2999999999999996e-06,3.0000000000000004e-08,0.9,0.75
241,3.449,-0.2566,7.267,2.0,-0.00119,2.75,0.0001454,0.003272,0.0004502,319100000000.0,6.322e-16,9.687e-16,1.195e-15,4.03e-16,3.325e-17,-3.592e-16,0.0,2.2999999999999996e-06,3.0000000000000004e-08,0.9,0.8
242,3.746,-0.2813,6.962,2.0,-0.001352,2.381,0.0001363,0.003218,0.0004623,310600000000.0,6.328e-16,9.691e-16,1.209e-15,4.086e-16,3.161e-17,-3.665e-16,0.0,2.2999999999999996e-06,3.0000000000000004e-08,0.9,0.85
243,3.995,-0.3066,6.627,2.0,-0.001511,2.081,0.000126,0.003144,0.0004744,300500000000.0,6.332e-16,9.695e-16,1.221e-15,4.141e-16,3.018e-17,-3.725e-16,0.0,2.2999999999999996e-06,3.0000000000000004e-08,0.9,0.9
244,4.188,-0.3323,6.268,2.0,-0.001666,1.835,0.000115,0.003056,0.0004875,289700000000.0,6.336e-16,9.698e-16,1.23e-15,4.193e-16,2.893e-17,-3.775e-16,0.0,2.2999999999999996e-06,3.0000000000000004e-08,0.9,0.95
245,4.322,-0.3585,5.889,2.0,-0.001816,1.629,0.0001038,0.002959,0.0005024,278600000000.0,6.338e-16,9.7e-16,1.238e-15,4.239e-16,2.782e-17,-3.816e-16,0.0,2.2999999999999996e-06,3.0000000000000004e-08,0.9,1.0
246,4.395,-0.3851,5.497,2.0,-0.001961,1.456,9.239e-05,0.002856,0.0005195,267400000000.0,6.341e-16,9.702e-16,1.245e-15,4.278e-16,2.684e-17,-3.849e-16,0.0,2.2999999999999996e-06,3.0000000000000004e-08,0.9,1.05
247,4.415,-0.4119,5.096,2.0,-0.002101,1.309,8.104e-05,0.002749,0.0005395,256200000000.0,6.343e-16,9.703e-16,1.25e-15,4.313e-16,2.595e-17,-3.877e-16,0.0,2.2999999999999996e-06,3.0000000000000004e-08,0.9,1.1
248,4.386,-0.4391,4.693,2.0,-0.002236,1.181,6.979e-05,0.00264,0.0005626,245100000000.0,6.344e-16,9.704e-16,1.255e-15,4.346e-16,2.515e-17,-3.899e-16,0.0,2.2999999999999996e-06,3.0000000000000004e-08,0.9,1.15
249,4.32,-0.4665,4.294,2.0,-0.002365,1.07,5.871e-05,0.00253,0.0005892,234000000000.0,6.345e-16,9.705e-16,1.258e-15,4.379e-16,2.441e-17,-3.917e-16,0.0,2.2999999999999996e-06,3.0000000000000004e-08,0.9,1.2
250,0.3745,-0.08318,6.957,0.0,-1.962e-08,24.22,3.379e-08,4.737e-07,6.809e-08,83810000.0,5.845e-16,9.284e-16,4.133e-16,3.587e-16,1.276e-16,-2.209e-21,0.0,2.2999999999999996e-06,3.0000000000000004e-08,1.0,0.0
251,0.3796,-0.08331,7.157,0.0,-6.588e-08,24.31,1.083e-07,1.6e-06,2.236e-07,282600000.0,5.845e-16,9.284e-16,4.18e-16,3.596e-16,1.238e-16,-1.2240000000000001e-20,0.0,2.2999999999999996e-06,3.0000000000000004e-08,1.0,0.05
252,0.3865,-0.08346,7.366,3.0,-2.223e-07,24.36,3.499e-07,5.414e-06,7.35e-07,954300000.0,5.845e-16,9.284e-16,4.219e-16,3.607e-16,1.202e-16,-6.828000000000001e-20,0.0,2.2999999999999996e-06,3.0000000000000004e-08,1.0,0.1
253,0.3991,-0.08367,7.582,3.0,-7.501e-07,24.25,1.128e-06,1.819e-05,2.399e-06,3201000000.0,5.846e-16,9.285e-16,4.257e-16,3.618e-16,1.17e-16,-3.825e-19,0.0,2.2999999999999996e-06,3.0000000000000004e-08,1.0,0.15
254,0.4271,-0.08409,7.799,3.0,-2.496e-06,23.73,3.539e-06,5.921e-05,7.593e-06,10370000000.0,5.847e-16,9.288e-16,4.322e-16,3.631e-16,1.135e-16,-2.13e-18,0.0,2.2999999999999996e-06,3.0000000000000004e-08,1.0,0.2
255,0.4851,-0.08519,7.997,3.0,-7.912e-06,22.21,1.015e-05,0.0001758,2.198e-05,30100000000.0,5.856e-16,9.304e-16,4.561e-16,3.644e-16,1.086e-16,-1.12e-17,0.0,2.2999999999999996e-06,3.0000000000000004e-08,1.0,0.25
256,0.583,-0.08802,8.152,3.0,-2.249e-05,19.41,2.442e-05,0.0004365,5.355e-05,69130000000.0,5.89e-16,9.361e-16,5.409e-16,3.658e-16,9.817e-17,-4.592e-17,0.0,2.2999999999999996e-06,3.0000000000000004e-08,1.0,0.3
257,0.7279,-0.09408,8.261,2.0,-5.447e-05,15.96,4.72e-05,0.0008696,0.0001053,121000000000.0,5.952e-16,9.456e-16,6.94e-16,3.674e-16,8.219e-17,-1.131e-16,0.0,2.2999999999999996e-06,3.0000000000000004e-08,1.0,0.35
258,0.9228,-0.104,8.325,2.0,-0.0001112,12.69,7.471e-05,0.001411,0.0001695,176500000000.0,6.01e-16,9.533e-16,8.352e-16,3.692e-16,6.84e-17,-1.79e-16,0.0,2.2999999999999996e-06,3.0000000000000004e-08,1.0,0.4
259,1.165,-0.1174,8.346,2.0,-0.0001954,10.0,0.0001015,0.001955,0.0002343,227800000000.0,6.051e-16,9.582e-16,9.359e-16,3.711e-16,5.888e-17,-2.277e-16,0.0,2.2999999999999996e-06,3.0000000000000004e-08,1.0,0.45
260,1.449,-0.1333,8.327,2.0,-0.0003053,7.959,0.0001242,0.00243,0.0002918,270000000000.0,6.08e-16,9.614e-16,1.007e-15,3.732e-16,5.219e-17,-2.629e-16,0.0,2.2999999999999996e-06,3.0000000000000004e-08,1.0,0.5
261,1.771,-0.1514,8.272,2.0,-0.0004363,6.422,0.0001408,0.002802,0.0003387,300800000000.0,6.101e-16,9.636e-16,1.06e-15,3.756e-16,4.719e-17,-2.893e-16,0.0,2.2999999999999996e-06,3.0000000000000004e-08,1.0,0.55
262,2.123,-0.1712,8.18,2.0,-0.0005831,5.253,0.0001508,0.003063,0.0003745,320400000000.0,6.117e-16,9.652e-16,1.1e-15,3.782e-16,4.326e-17,-3.099e-16,0.0,2.2999999999999996e-06,3.0000000000000004e-08,1.0,0.6
263,2.496,-0.1923,8.048,2.0,-0.0007404,4.354,0.0001545,0.003223,0.0004005,330300000000.0,6.13e-16,9.664e-16,1.132e-15,3.813e-16,4.006e-17,-3.263e-16,0.0,2.2999999999999996e-06,3.0000000000000004e-08,1.0,0.65
264,2.882,-0.2147,7.876,2.0,-0.0009036,3.654,0.0001532,0.003302,0.0004192,332700000000.0,6.14e-16,9.674e-16,1.158e-15,3.847e-16,3.741e-17,-3.395e-16,0.0,2.2999999999999996e-06,3.0000000000000004e-08,1.0,0.7
265,3.266,-0.238,7.667,2.0,-0.001069,3.105,0.0001481,0.003319,0.0004329,329800000000.0,6.148e-16,9.681e-16,1.178e-15,3.885e-16,3.518e-17,-3.503e-16,0.0,2.2999999999999996e-06,3.0000000000000004e-08,1.0,0.75
266,3.637,-0.2621,7.424,2.0,-0.001234,2.669,0.0001405,0.003294,0.0004437,323300000000.0,6.155e-16,9.687e-16,1.195e-15,3.929e-16,3.327e-17,-3.591e-16,0.0,2.2999999999999996e-06,3.0000000000000004e-08,1.0,0.8
267,3.983,-0.2869,7.15,2.0,-0.001397,2.318,0.0001312,0.003239,0.000453,314700000000.0,6.16e-16,9.691e-16,1.209e-15,3.978e-16,3.164e-17,-3.663e-16,0.0,2.2999999999999996e-06,3.0000000000000004e-08,1.0,0.85
268,4.292,-0.3122,6.85,2.0,-0.001557,2.033,0.0001209,0.003165,0.0004621,304600000000.0,6.165e-16,9.695e-16,1.22e-15,4.032e-16,3.022e-17,-3.723e-16,0.0,2.2999999999999996e-06,3.0000000000000004e-08,1.0,0.9
269,4.555,-0.338,6.528,2.0,-0.001713,1.797,0.0001101,0.003079,0.0004717,293900000000.0,6.168e-16,9.698e-16,1.23e-15,4.088e-16,2.899e-17,-3.772e-16,0.0,2.2999999999999996e-06,3.0000000000000004e-08,1.0,0.95
270,4.765,-0.3642,6.188,2.0,-0.001865,1.601,9.895e-05,0.002986,0.0004825,282800000000.0,6.171e-16,9.7e-16,1.238e-15,4.144e-16,2.791e-17,-3.813e-16,0.0,2.2999999999999996e-06,3.0000000000000004e-08,1.0,1.0
271,4.918,-0.3908,5.836,2.0,-0.002012,1.435,8.778e-05,0.002887,0.0004947,271700000000.0,6.173e-16,9.702e-16,1.244e-15,4.196e-16,2.696e-17,-3.846e-16,0.0,2.2999999999999996e-06,3.0000000000000004e-08,1.0,1.05
272,5.014,-0.4177,5.474,2.0,-0.002153,1.294,7.664e-05,0.002785,0.0005089,260700000000.0,6.174e-16,9.703e-16,1.25e-15,4.241e-16,2.611e-17,-3.874e-16,0.0,2.2999999999999996e-06,3.0000000000000004e-08,1.0,1.1
273,5.058,-0.4449,5.107,2.0,-0.00229,1.171,6.562e-05,0.002682,0.0005252,249900000000.0,6.175e-16,9.704e-16,1.254e-15,4.281e-16,2.535e-17,-3.896e-16,0.0,2.2999999999999996e-06,3.0000000000000004e-08,1.0,1.15
274,5.053,-0.4723,4.74,2.0,-0.002421,1.065,5.474e-05,0.002578,0.0005439,239300000000.0,6.176e-16,9.704e-16,1.258e-15,4.315e-16,2.467e-17,-3.914e-16,0.0,2.2999999999999996e-06,3.0000000000000004e-08,1.0,1.2
275,0.3766,-0.08362,7.019,0.0,-2.773e-08,24.05,4.612e-08,6.646e-07,9.468e-08,117800000.0,5.695e-16,9.284e-16,4.133e-16,3.569e-16,1.276e-16,-2.209e-21,0.0,2.2999999999999996e-06,3.0000000000000004e-08,1.1,0.0
276,0.382,-0.08375,7.221,0.0,-9.228e-08,24.14,1.466e-07,2.226e-06,3.082e-07,393800000.0,5.695e-16,9.284e-16,4.18e-16,3.577e-16,1.238e-16,-1.2240000000000001e-20,0.0,2.2999999999999996e-06,3.0000000000000004e-08,1.1,0.05
277,0.3895,-0.08391,7.431,3.0,-3.086e-07,24.16,4.688e-07,7.455e-06,1.003e-06,1317000000.0,5.695e-16,9.284e-16,4.219e-16,3.587e-16,1.202e-16,-6.828000000000001e-20,0.0,2.2999999999999996e-06,3.0000000000000004e-08,1.1,0.1
278,0.404,-0.08415,7.647,3.0,-1.03e-06,23.99,1.49e-06,2.471e-05,3.23e-06,4358000000.0,5.695e-16,9.285e-16,4.257e-16,3.596e-16,1.17e-16,-3.825e-19,0.0,2.2999999999999996e-06,3.0000000000000004e-08,1.1,0.15
279,0.4366,-0.08467,7.862,3.0,-3.37e-06,23.3,4.565e-06,7.853e-05,9.989e-06,13790000000.0,5.697e-16,9.288e-16,4.322e-16,3.607e-16,1.135e-16,-2.13e-18,0.0,2.2999999999999996e-06,3.0000000000000004e-08,1.1,0.2
280,0.5015,-0.08605,8.052,3.0,-1.039e-05,21.51,1.255e-05,0.0002235,2.776e-05,38390000000.0,5.706e-16,9.304e-16,4.561e-16,3.618e-16,1.086e-16,-1.12e-17,0.0,2.2999999999999996e-06,3.0000000000000004e-08,1.1,0.25
281,0.6077,-0.08949,8.199,3.0,-2.836e-05,18.52,2.855e-05,0.0005253,6.407e-05,83420000000.0,5.74e-16,9.361e-16,5.409e-16,3.631e-16,9.817e-17,-4.592e-17,0.0,2.2999999999999996e-06,3.0000000000000004e-08,1.1,0.3
282,0.7619,-0.09638,8.302,2.0,-6.57e-05,15.1,5.231e-05,0.0009921,0.0001195,138400000000.0,5.802e-16,9.456e-16,6.94e-16,3.644e-16,8.219e-17,-1.131e-16,0.0,2.2999999999999996e-06,3.0000000000000004e-08,1.1,0.35
283,0.966,-0.1071,8.362,2.0,-0.0001289,11.97,7.939e-05,0.001543,0.0001845,193500000000.0,5.86e-16,9.533e-16,8.352e-16,3.658e-16,6.84e-17,-1.79e-16,0.0,2.2999999999999996e-06,3.0000000000000004e-08,1.1,0.4
284,1.217,-0.121,8.383,2.0,-0.0002195,9.462,0.0001048,0.002077,0.0002478,242700000000.0,5.901e-16,9.582e-16,9.359e-16,3.674e-16,5.888e-17,-2.277e-16,0.0,2.2999999999999996e-06,3.0000000000000004e-08,1.1,0.45
285,1.51,-0.1375,8.368,2.0,-0.000335,7.559,0.0001257,0.002532,0.0003026,282100000000.0,5.929e-16,9.614e-16,1.007e-15,3.692e-16,5.219e-17,-2.629e-16,0.0,2.2999999999999996e-06,3.0000000000000004e-08,1.1,0.5
286,1.841,-0.1559,8.319,2.0,-0.0004705,6.123,0.0001404,0.002881,0.0003463,310200000000.0,5.95e-16,9.636e-16,1.06e-15,3.711e-16,4.719e-17,-2.893e-16,0.0,2.2999999999999996e-06,3.0000000000000004e-08,1.1,0.55
287,2.203,-0.1759,8.235,2.0,-0.0006208,5.028,0.0001487,0.003121,0.000379,327500000000.0,5.967e-16,9.652e-16,1.1e-15,3.732e-16,4.326e-17,-3.099e-16,0.0,2.2999999999999996e-06,3.0000000000000004e-08,1.1,0.6
288,2.589,-0.1973,8.115,2.0,-0.0007805,4.183,0.0001512,0.003265,0.0004023,335700000000.0,5.979e-16,9.664e-16,1.132e-15,3.756e-16,4.007e-17,-3.263e-16,0.0,2.2999999999999996e-06,3.0000000000000004e-08,1.1,0.65
289,2.99,-0.2198,7.959,2.0,-0.0009454,3.524,0.0001489,0.003331,0.0004185,337000000000.0,5.99e-16,9.674e-16,1.158e-15,3.783e-16,3.742e-17,-3.395e-16,0.0,2.2999999999999996e-06,3.0000000000000004e-08,1.1,0.7
290,3.396,-0.2433,7.768,2.0,-0.001112,3.004,0.0001432,0.003341,0.0004301,333500000000.0,5.998e-16,9.681e-16,1.178e-15,3.813e-16,3.518e-17,-3.502e-16,0.0,2.2999999999999996e-06,3.0000000000000004e-08,1.1,0.75
291,3.795,-0.2675,7.546,2.0,-0.001278,2.59,0.0001353,0.003311,0.0004388,326700000000.0,6.005e-16,9.687e-16,1.195e-15,3.847e-16,3.328e-17,-3.59e-16,0.0,2.2999999999999996e-06,3.0000000000000004e-08,1.1,0.8
292,4.178,-0.2924,7.296,2.0,-0.001442,2.257,0.0001258,0.003255,0.0004461,318000000000.0,6.01e-16,9.691e-16,1.209e-15,3.886e-16,3.165e-17,-3.662e-16,0.0,2.2999999999999996e-06,3.0000000000000004e-08,1.1,0.85
293,4.533,-0.3178,7.022,2.0,-0.001603,1.985,0.0001156,0.003182,0.0004531,308100000000.0,6.014e-16,9.695e-16,1.22e-15,3.93e-16,3.025e-17,-3.722e-16,0.0,2.2999999999999996e-06,3.0000000000000004e-08,1.1,0.9
294,4.852,-0.3437,6.729,2.0,-0.00176,1.76,0.0001048,0.003097,0.0004602,297500000000.0,6.018e-16,9.698e-16,1.23e-15,3.979e-16,2.902e-17,-3.77e-16,0.0,2.2999999999999996e-06,3.0000000000000004e-08,1.1,0.95
295,5.126,-0.37,6.419,2.0,-0.001912,1.572,9.385e-05,0.003005,0.0004682,286600000000.0,6.02e-16,9.7e-16,1.238e-15,4.033e-16,2.796e-17,-3.811e-16,0.0,2.2999999999999996e-06,3.0000000000000004e-08,1.1,1.0
296,5.351,-0.3966,6.097,2.0,-0.00206,1.412,8.284e-05,0.00291,0.0004772,275600000000.0,6.022e-16,9.701e-16,1.244e-15,4.09e-16,2.702e-17,-3.844e-16,0.0,2.2999999999999996e-06,3.0000000000000004e-08,1.1,1.05
297,5.523,-0.4236,5.766,2.0,-0.002203,1.276,7.189e-05,0.002811,0.0004876,264700000000.0,6.023e-16,9.703e-16,1.25e-15,4.146e-16,2.62e-17,-3.871e-16,0.0,2.2999999999999996e-06,3.0000000000000004e-08,1.1,1.1
298,5.641,-0.4508,5.429,2.0,-0.002341,1.159,6.105e-05,0.002712,0.0004996,254000000000.0,6.024e-16,9.703e-16,1.254e-15,4.198e-16,2.546e-17,-3.893e-16,0.0,2.2999999999999996e-06,3.0000000000000004e-08,1.1,1.15
299,5.707,-0.4782,5.089,2.0,-0.002474,1.056,5.036e-05,0.002612,0.0005133,243600000000.0,6.025e-16,9.704e-16,1.258e-15,4.244e-16,2.481e-17,-3.911e-16,0.0,2.2999999999999996e-06,3.0000000000000004e-08,1.1,1.2
300,0.3787,-0.08405,7.079,0.0,-3.902e-08,23.89,6.258e-08,9.275e-07,1.31e-07,164700000.0,5.559e-16,9.284e-16,4.133e-16,3.553e-16,1.276e-16,-2.209e-21,0.0,2.2999999999999996e-06,3.0000000000000004e-08,1.2,0.0
301,0.3843,-0.08419,7.282,0.0,-1.286e-07,23.97,1.972e-07,3.079e-06,4.228e-07,545800000.0,5.559e-16,9.284e-16,4.18e-16,3.561e-16,1.238e-16,-1.2240000000000001e-20,0.0,2.2999999999999996e-06,3.0000000000000004e-08,1.2,0.05
302,0.3927,-0.08436,7.494,3.0,-4.261e-07,23.96,6.24e-07,1.02e-05,1.362e-06,1806000000.0,5.559e-16,9.284e-16,4.219e-16,3.569e-16,1.202e-16,-6.828000000000001e-20,0.0,2.2999999999999996e-06,3.0000000000000004e-08,1.2,0.1
303,0.4095,-0.08465,7.71,3.0,-1.405e-06,23.71,1.954e-06,3.331e-05,4.32e-06,5888000000.0,5.56e-16,9.285e-16,4.257e-16,3.577e-16,1.17e-16,-3.825e-19,0.0,2.2999999999999996e-06,3.0000000000000004e-08,1.2,0.15
304,0.4472,-0.0853,7.921,3.0,-4.514e-06,22.83,5.823e-06,0.0001031,1.301e-05,18140000000.0,5.561e-16,9.288e-16,4.322e-16,3.587e-16,1.135e-16,-2.13e-18,0.0,2.2999999999999996e-06,3.0000000000000004e-08,1.2,0.2
305,0.5193,-0.08702,8.103,3.0,-1.35e-05,20.76,1.529e-05,0.0002803,3.459e-05,48250000000.0,5.57e-16,9.304e-16,4.561e-16,3.596e-16,1.086e-16,-1.12e-17,0.0,2.2999999999999996e-06,3.0000000000000004e-08,1.2,0.25
306,0.6338,-0.09113,8.24,3.0,-3.534e-05,17.64,3.287e-05,0.0006232,7.562e-05,99200000000.0,5.604e-16,9.361e-16,5.409e-16,3.607e-16,9.817e-17,-4.592e-17,0.0,2.2999999999999996e-06,3.0000000000000004e-08,1.2,0.3
307,0.7972,-0.09885,8.337,2.0,-7.837e-05,14.27,5.725e-05,0.001119,0.0001342,156400000000.0,5.666e-16,9.456e-16,6.94e-16,3.618e-16,8.219e-17,-1.131e-16,0.0,2.2999999999999996e-06,3.0000000000000004e-08,1.2,0.35
308,1.01,-0.1103,8.393,2.0,-0.0001481,11.3,8.362e-05,0.001674,0.0001994,210300000000.0,5.724e-16,9.533e-16,8.352e-16,3.631e-16,6.84e-17,-1.79e-16,0.0,2.2999999999999996e-06,3.0000000000000004e-08,1.2,0.4
309,1.269,-0.1248,8.413,2.0,-0.0002449,8.959,0.0001075,0.002194,0.0002608,256900000000.0,5.765e-16,9.582e-16,9.359e-16,3.644e-16,5.888e-17,-2.277e-16,0.0,2.2999999999999996e-06,3.0000000000000004e-08,1.2,0.45
310,1.57,-0.1416,8.4,2.0,-0.0003657,7.186,0.0001266,0.002628,0.0003128,293500000000.0,5.794e-16,9.614e-16,1.007e-15,3.658e-16,5.219e-17,-2.629e-16,0.0,2.2999999999999996e-06,3.0000000000000004e-08,1.2,0.5
311,1.909,-0.1604,8.356,2.0,-0.0005055,5.845,0.0001395,0.002954,0.0003536,318900000000.0,5.815e-16,9.636e-16,1.06e-15,3.674e-16,4.719e-17,-2.893e-16,0.0,2.2999999999999996e-06,3.0000000000000004e-08,1.2,0.55
312,2.28,-0.1807,8.279,2.0,-0.0006588,4.817,0.0001462,0.003174,0.0003834,333900000000.0,5.831e-16,9.652e-16,1.1e-15,3.692e-16,4.326e-17,-3.099e-16,0.0,2.2999999999999996e-06,3.0000000000000004e-08,1.2,0.6
313,2.676,-0.2023,8.168,2.0,-0.0008207,4.022,0.0001474,0.003301,0.0004042,340400000000.0,5.844e-16,9.664e-16,1.132e-15,3.711e-16,4.007e-17,-3.263e-16,0.0,2.2999999999999996e-06,3.0000000000000004e-08,1.2,0.65
314,3.088,-0.2251,8.023,2.0,-0.0009871,3.4,0.0001443,0.003356,0.0004183,340600000000.0,5.854e-16,9.674e-16,1.157e-15,3.732e-16,3.742e-17,-3.395e-16,0.0,2.2999999999999996e-06,3.0000000000000004e-08,1.2,0.7
315,3.51,-0.2487,7.847,2.0,-0.001155,2.908,0.0001381,0.003359,0.000428,336500000000.0,5.862e-16,9.681e-16,1.178e-15,3.756e-16,3.519e-17,-3.502e-16,0.0,2.2999999999999996e-06,3.0000000000000004e-08,1.2,0.75
316,3.93,-0.273,7.642,2.0,-0.001322,2.516,0.0001298,0.003325,0.0004351,329400000000.0,5.869e-16,9.687e-16,1.195e-15,3.783e-16,3.329e-17,-3.59e-16,0.0,2.2999999999999996e-06,3.0000000000000004e-08,1.2,0.8
317,4.34,-0.298,7.411,2.0,-0.001487,2.198,0.0001203,0.003267,0.0004409,320700000000.0,5.874e-16,9.691e-16,1.209e-15,3.813e-16,3.166e-17,-3.662e-16,0.0,2.2999999999999996e-06,3.0000000000000004e-08,1.2,0.85
318,4.731,-0.3235,7.158,2.0,-0.001648,1.938,0.00011,0.003194,0.0004462,310800000000.0,5.878e-16,9.695e-16,1.22e-15,3.848e-16,3.026e-17,-3.721e-16,0.0,2.2999999999999996e-06,3.0000000000000004e-08,1.2,0.9
319,5.094,-0.3494,6.887,2.0,-0.001805,1.723,9.936e-05,0.00311,0.0004516,300400000000.0,5.882e-16,9.698e-16,1.23e-15,3.887e-16,2.904e-17,-3.769e-16,0.0,2.2999999999999996e-06,3.0000000000000004e-08,1.2,0.95
320,5.422,-0.3757,6.601,2.0,-0.001958,1.542,8.853e-05,0.00302,0.0004575,289800000000.0,5.884e-16,9.7e-16,1.237e-15,3.931e-16,2.798e-17,-3.809e-16,0.0,2.2999999999999996e-06,3.0000000000000004e-08,1.2,1.0
321,5.708,-0.4024,6.303,2.0,-0.002107,1.389,7.768e-05,0.002926,0.0004643,279000000000.0,5.886e-16,9.701e-16,1.244e-15,3.981e-16,2.706e-17,-3.842e-16,0.0,2.2999999999999996e-06,3.0000000000000004e-08,1.2,1.05
322,5.947,-0.4294,5.996,2.0,-0.002251,1.258,6.689e-05,0.002831,0.0004721,268300000000.0,5.887e-16,9.702e-16,1.249e-15,4.035e-16,2.625e-17,-3.869e-16,0.0,2.2999999999999996e-06,3.0000000000000004e-08,1.2,1.1
323,6.136,-0.4566,5.684,2.0,-0.00239,1.144,5.622e-05,0.002734,0.0004811,257700000000.0,5.888e-16,9.703e-16,1.254e-15,4.092e-16,2.553e-17,-3.891e-16,0.0,2.2999999999999996e-06,3.0000000000000004e-08,1.2,1.15
324,6.275,-0.4841,5.367,2.0,-0.002524,1.045,4.57e-05,0.002638,0.0004914,247400000000.0,5.888e-16,9.704e-16,1.257e-15,4.148e-16,2.49e-17,-3.908e-16,0.0,2.2999999999999996e-06,3.0000000000000004e-08,1.2,1.2
