vgs ,M0:vdsat vds 0 ,M0:vdsat vds 0.1 ,M0:vdsat vds 0.2 ,M0:vdsat vds 0.3 ,M0:vdsat vds 0.4 ,M0:vdsat vds 0.5 ,M0:vdsat vds 0.6 ,M0:vdsat vds 0.7 ,M0:vdsat vds 0.8 ,M0:vdsat vds 0.9 ,M0:vdsat vds 1 ,M0:vdsat vds 1.1 ,M0:vdsat vds 1.2 ,M0:self_gain vds 0 ,M0:self_gain vds 0.1 ,M0:self_gain vds 0.2 ,M0:self_gain vds 0.3 ,M0:self_gain vds 0.4 ,M0:self_gain vds 0.5 ,M0:self_gain vds 0.6 ,M0:self_gain vds 0.7 ,M0:self_gain vds 0.8 ,M0:self_gain vds 0.9 ,M0:self_gain vds 1 ,M0:self_gain vds 1.1 ,M0:self_gain vds 1.2 ,M0:region vds 0 ,M0:region vds 0.1 ,M0:region vds 0.2 ,M0:region vds 0.3 ,M0:region vds 0.4 ,M0:region vds 0.5 ,M0:region vds 0.6 ,M0:region vds 0.7 ,M0:region vds 0.8 ,M0:region vds 0.9 ,M0:region vds 1 ,M0:region vds 1.1 ,M0:region vds 1.2 ,M0:id vds 0 ,M0:id vds 0.1 ,M0:id vds 0.2 ,M0:id vds 0.3 ,M0:id vds 0.4 ,M0:id vds 0.5 ,M0:id vds 0.6 ,M0:id vds 0.7 ,M0:id vds 0.8 ,M0:id vds 0.9 ,M0:id vds 1 ,M0:id vds 1.1 ,M0:id vds 1.2 ,M0:gmoverid vds 0 ,M0:gmoverid vds 0.1 ,M0:gmoverid vds 0.2 ,M0:gmoverid vds 0.3 ,M0:gmoverid vds 0.4 ,M0:gmoverid vds 0.5 ,M0:gmoverid vds 0.6 ,M0:gmoverid vds 0.7 ,M0:gmoverid vds 0.8 ,M0:gmoverid vds 0.9 ,M0:gmoverid vds 1 ,M0:gmoverid vds 1.1 ,M0:gmoverid vds 1.2 ,M0:gmbs vds 0 ,M0:gmbs vds 0.1 ,M0:gmbs vds 0.2 ,M0:gmbs vds 0.3 ,M0:gmbs vds 0.4 ,M0:gmbs vds 0.5 ,M0:gmbs vds 0.6 ,M0:gmbs vds 0.7 ,M0:gmbs vds 0.8 ,M0:gmbs vds 0.9 ,M0:gmbs vds 1 ,M0:gmbs vds 1.1 ,M0:gmbs vds 1.2 ,M0:gm vds 0 ,M0:gm vds 0.1 ,M0:gm vds 0.2 ,M0:gm vds 0.3 ,M0:gm vds 0.4 ,M0:gm vds 0.5 ,M0:gm vds 0.6 ,M0:gm vds 0.7 ,M0:gm vds 0.8 ,M0:gm vds 0.9 ,M0:gm vds 1 ,M0:gm vds 1.1 ,M0:gm vds 1.2 ,M0:gds vds 0 ,M0:gds vds 0.1 ,M0:gds vds 0.2 ,M0:gds vds 0.3 ,M0:gds vds 0.4 ,M0:gds vds 0.5 ,M0:gds vds 0.6 ,M0:gds vds 0.7 ,M0:gds vds 0.8 ,M0:gds vds 0.9 ,M0:gds vds 1 ,M0:gds vds 1.1 ,M0:gds vds 1.2 ,M0:ft vds 0 ,M0:ft vds 0.1 ,M0:ft vds 0.2 ,M0:ft vds 0.3 ,M0:ft vds 0.4 ,M0:ft vds 0.5 ,M0:ft vds 0.6 ,M0:ft vds 0.7 ,M0:ft vds 0.8 ,M0:ft vds 0.9 ,M0:ft vds 1 ,M0:ft vds 1.1 ,M0:ft vds 1.2 ,M0:cdb vds 0 ,M0:cdb vds 0.1 ,M0:cdb vds 0.2 ,M0:cdb vds 0.3 ,M0:cdb vds 0.4 ,M0:cdb vds 0.5 ,M0:cdb vds 0.6 ,M0:cdb vds 0.7 ,M0:cdb vds 0.8 ,M0:cdb vds 0.9 ,M0:cdb vds 1 ,M0:cdb vds 1.1 ,M0:cdb vds 1.2 ,M0:csb vds 0 ,M0:csb vds 0.1 ,M0:csb vds 0.2 ,M0:csb vds 0.3 ,M0:csb vds 0.4 ,M0:csb vds 0.5 ,M0:csb vds 0.6 ,M0:csb vds 0.7 ,M0:csb vds 0.8 ,M0:csb vds 0.9 ,M0:csb vds 1 ,M0:csb vds 1.1 ,M0:csb vds 1.2 ,M0:cgs vds 0 ,M0:cgs vds 0.1 ,M0:cgs vds 0.2 ,M0:cgs vds 0.3 ,M0:cgs vds 0.4 ,M0:cgs vds 0.5 ,M0:cgs vds 0.6 ,M0:cgs vds 0.7 ,M0:cgs vds 0.8 ,M0:cgs vds 0.9 ,M0:cgs vds 1 ,M0:cgs vds 1.1 ,M0:cgs vds 1.2 ,M0:cgd vds 0 ,M0:cgd vds 0.1 ,M0:cgd vds 0.2 ,M0:cgd vds 0.3 ,M0:cgd vds 0.4 ,M0:cgd vds 0.5 ,M0:cgd vds 0.6 ,M0:cgd vds 0.7 ,M0:cgd vds 0.8 ,M0:cgd vds 0.9 ,M0:cgd vds 1 ,M0:cgd vds 1.1 ,M0:cgd vds 1.2 
0.000,104.9E-3,104.9E-3,104.9E-3,105.0E-3,105.0E-3,105.0E-3,105.0E-3,105.0E-3,105.0E-3,105.0E-3,105.0E-3,105.0E-3,105.0E-3,0.000,10.24,17.51,18.37,18.63,18.74,18.80,18.83,18.85,18.86,18.87,18.88,18.87,0.000,0.000,0.000,0.000,0.000,0.000,0.000,0.000,0.000,0.000,0.000,0.000,0.000,8.293E-12,33.79E-12,47.62E-12,65.61E-12,89.60E-12,121.0E-12,161.2E-12,211.8E-12,274.4E-12,350.5E-12,442.0E-12,551.4E-12,686.3E-12,0.000,31.24,31.25,31.25,31.26,31.26,31.26,31.27,31.27,31.27,31.28,31.28,31.28,0.000,59.58E-12,73.06E-12,86.20E-12,101.2E-12,118.7E-12,139.1E-12,162.9E-12,190.7E-12,223.2E-12,261.2E-12,305.7E-12,357.8E-12,0.000,606.1E-12,748.6E-12,890.3E-12,1.054E-9,1.246E-9,1.472E-9,1.738E-9,2.053E-9,2.423E-9,2.860E-9,3.376E-9,3.985E-9,543.4E-12,59.17E-12,42.75E-12,48.47E-12,56.60E-12,66.50E-12,78.32E-12,92.33E-12,108.9E-12,128.4E-12,151.6E-12,178.9E-12,211.2E-12,0.000,102.3E3,127.4E3,152.6E3,181.7E3,215.8E3,255.9E3,303.0E3,358.7E3,424.3E3,501.7E3,593.2E3,701.1E3,717.1E-18,695.1E-18,675.4E-18,657.7E-18,641.6E-18,627.0E-18,613.6E-18,601.3E-18,590.0E-18,579.4E-18,569.7E-18,560.5E-18,552.0E-18,717.1E-18,717.1E-18,717.1E-18,717.1E-18,717.1E-18,717.1E-18,717.1E-18,717.1E-18,717.1E-18,717.1E-18,717.1E-18,717.1E-18,717.1E-18,365.9E-18,365.9E-18,365.9E-18,365.9E-18,365.9E-18,365.9E-18,365.9E-18,365.9E-18,365.9E-18,365.9E-18,365.9E-18,365.9E-18,365.9E-18,365.9E-18,358.8E-18,351.0E-18,344.3E-18,339.0E-18,334.8E-18,331.4E-18,328.7E-18,326.5E-18,324.6E-18,323.0E-18,321.6E-18,320.3E-18
50.00E-3,105.0E-3,105.0E-3,105.0E-3,105.0E-3,105.0E-3,105.0E-3,105.0E-3,105.0E-3,105.0E-3,105.0E-3,105.0E-3,105.0E-3,105.0E-3,0.000,10.25,17.52,18.38,18.63,18.75,18.80,18.84,18.86,18.87,18.88,18.88,18.88,0.000,0.000,0.000,0.000,0.000,0.000,0.000,0.000,0.000,0.000,0.000,0.000,0.000,8.280E-12,107.0E-12,138.0E-12,173.0E-12,216.7E-12,271.2E-12,338.6E-12,421.2E-12,521.5E-12,642.1E-12,785.9E-12,956.5E-12,1.160E-9,0.000,31.29,31.29,31.30,31.30,31.30,31.31,31.31,31.31,31.32,31.32,31.32,31.33,0.000,280.3E-12,343.8E-12,405.7E-12,476.5E-12,558.8E-12,654.8E-12,766.9E-12,898.0E-12,1.051E-9,1.231E-9,1.440E-9,1.686E-9,0.000,2.898E-9,3.581E-9,4.259E-9,5.043E-9,5.963E-9,7.046E-9,8.322E-9,9.827E-9,11.60E-9,13.70E-9,16.17E-9,19.09E-9,2.594E-9,282.7E-12,204.3E-12,231.8E-12,270.7E-12,318.1E-12,374.7E-12,441.8E-12,521.1E-12,614.8E-12,725.5E-12,856.4E-12,1.011E-9,0.000,487.8E3,607.6E3,728.4E3,868.2E3,1.032E6,1.224E6,1.450E6,1.717E6,2.032E6,2.404E6,2.843E6,3.361E6,717.1E-18,695.1E-18,675.4E-18,657.7E-18,641.6E-18,627.0E-18,613.6E-18,601.3E-18,590.0E-18,579.4E-18,569.7E-18,560.5E-18,552.0E-18,717.1E-18,717.1E-18,717.1E-18,717.1E-18,717.1E-18,717.1E-18,717.1E-18,717.1E-18,717.1E-18,717.1E-18,717.1E-18,717.1E-18,717.1E-18,368.7E-18,368.7E-18,368.7E-18,368.7E-18,368.7E-18,368.7E-18,368.7E-18,368.7E-18,368.7E-18,368.7E-18,368.7E-18,368.7E-18,368.7E-18,368.7E-18,362.6E-18,354.9E-18,347.5E-18,341.5E-18,336.7E-18,333.0E-18,330.0E-18,327.6E-18,325.5E-18,323.8E-18,322.2E-18,320.9E-18
100.0E-3,105.0E-3,105.0E-3,105.0E-3,105.0E-3,105.0E-3,105.0E-3,105.0E-3,105.0E-3,105.0E-3,105.0E-3,105.0E-3,105.0E-3,105.0E-3,0.000,10.26,17.53,18.38,18.64,18.75,18.81,18.84,18.86,18.88,18.89,18.89,18.89,0.000,0.000,0.000,0.000,0.000,0.000,0.000,0.000,0.000,0.000,0.000,0.000,0.000,8.241E-12,457.6E-12,571.2E-12,688.2E-12,826.8E-12,992.6E-12,1.191E-9,1.428E-9,1.710E-9,2.046E-9,2.443E-9,2.912E-9,3.466E-9,0.000,31.33,31.34,31.34,31.34,31.35,31.35,31.35,31.35,31.36,31.36,31.36,31.36,0.000,1.323E-9,1.623E-9,1.915E-9,2.249E-9,2.638E-9,3.092E-9,3.622E-9,4.241E-9,4.966E-9,5.813E-9,6.805E-9,7.965E-9,0.000,13.89E-9,17.16E-9,20.42E-9,24.18E-9,28.59E-9,33.79E-9,39.91E-9,47.14E-9,55.66E-9,65.72E-9,77.60E-9,91.62E-9,12.41E-9,1.353E-9,979.0E-12,1.111E-9,1.297E-9,1.525E-9,1.796E-9,2.118E-9,2.499E-9,2.948E-9,3.480E-9,4.108E-9,4.851E-9,0.000,2.333E6,2.905E6,3.484E6,4.157E6,4.944E6,5.869E6,6.959E6,8.243E6,9.757E6,11.54E6,13.66E6,16.15E6,717.1E-18,695.1E-18,675.4E-18,657.7E-18,641.6E-18,627.0E-18,613.6E-18,601.3E-18,590.0E-18,579.4E-18,569.7E-18,560.5E-18,552.0E-18,717.1E-18,717.1E-18,717.1E-18,717.1E-18,717.1E-18,717.1E-18,717.1E-18,717.1E-18,717.1E-18,717.1E-18,717.1E-18,717.1E-18,717.1E-18,370.8E-18,370.8E-18,370.8E-18,370.8E-18,370.8E-18,370.8E-18,370.8E-18,370.8E-18,370.8E-18,370.8E-18,370.8E-18,370.8E-18,370.8E-18,370.8E-18,365.9E-18,358.8E-18,351.0E-18,344.3E-18,339.0E-18,334.8E-18,331.4E-18,328.7E-18,326.5E-18,324.6E-18,323.0E-18,321.6E-18
150.0E-3,105.0E-3,105.0E-3,105.0E-3,105.0E-3,105.0E-3,105.0E-3,105.0E-3,105.0E-3,105.0E-3,105.0E-3,105.1E-3,105.1E-3,105.1E-3,0.000,10.27,17.54,18.39,18.65,18.76,18.82,18.85,18.87,18.89,18.89,18.90,18.89,0.000,0.000,0.000,0.000,0.000,0.000,0.000,0.000,3.000,3.000,3.000,3.000,3.000,8.173E-12,2.140E-9,2.650E-9,3.161E-9,3.756E-9,4.457E-9,5.285E-9,6.264E-9,7.422E-9,8.790E-9,10.41E-9,12.31E-9,14.57E-9,0.000,31.37,31.37,31.38,31.38,31.38,31.38,31.38,31.38,31.38,31.38,31.38,31.38,0.000,6.258E-9,7.677E-9,9.061E-9,10.65E-9,12.49E-9,14.63E-9,17.14E-9,20.07E-9,23.50E-9,27.52E-9,32.21E-9,37.69E-9,0.000,66.69E-9,82.40E-9,98.04E-9,116.1E-9,137.3E-9,162.3E-9,191.7E-9,226.5E-9,267.4E-9,315.7E-9,372.8E-9,440.1E-9,59.53E-9,6.493E-9,4.699E-9,5.331E-9,6.227E-9,7.320E-9,8.625E-9,10.17E-9,12.00E-9,14.16E-9,16.71E-9,19.73E-9,23.29E-9,0.000,11.19E6,13.92E6,16.70E6,19.94E6,23.73E6,28.19E6,33.44E6,39.63E6,46.92E6,55.53E6,65.69E6,77.68E6,717.1E-18,695.1E-18,675.4E-18,657.7E-18,641.6E-18,627.0E-18,613.6E-18,601.3E-18,590.0E-18,579.4E-18,569.7E-18,560.5E-18,552.0E-18,717.1E-18,717.1E-18,717.1E-18,717.1E-18,717.1E-18,717.1E-18,717.1E-18,717.1E-18,717.1E-18,717.1E-18,717.1E-18,717.1E-18,717.1E-18,372.4E-18,372.4E-18,372.4E-18,372.4E-18,372.4E-18,372.4E-18,372.4E-18,372.4E-18,372.4E-18,372.4E-18,372.4E-18,372.4E-18,372.4E-18,372.4E-18,368.7E-18,362.6E-18,354.9E-18,347.5E-18,341.5E-18,336.7E-18,333.0E-18,330.0E-18,327.6E-18,325.5E-18,323.8E-18,322.2E-18
200.0E-3,105.0E-3,105.0E-3,105.0E-3,105.0E-3,105.1E-3,105.1E-3,105.1E-3,105.1E-3,105.1E-3,105.1E-3,105.1E-3,105.1E-3,105.1E-3,0.000,10.27,17.54,18.40,18.65,18.77,18.83,18.86,18.88,18.89,18.90,18.90,18.90,3.000,3.000,3.000,3.000,3.000,3.000,3.000,3.000,3.000,3.000,3.000,3.000,3.000,8.071E-12,10.22E-9,12.64E-9,15.05E-9,17.83E-9,21.10E-9,24.96E-9,29.50E-9,34.86E-9,41.19E-9,48.65E-9,57.46E-9,67.85E-9,0.000,31.39,31.39,31.39,31.39,31.39,31.39,31.38,31.37,31.37,31.36,31.35,31.33,0.000,29.66E-9,36.39E-9,42.94E-9,50.45E-9,59.16E-9,69.32E-9,81.18E-9,95.04E-9,111.2E-9,130.1E-9,152.2E-9,178.0E-9,0.000,320.5E-9,396.1E-9,471.2E-9,558.1E-9,659.9E-9,779.8E-9,921.0E-9,1.087E-6,1.284E-6,1.515E-6,1.787E-6,2.109E-6,285.8E-9,31.20E-9,22.58E-9,25.61E-9,29.92E-9,35.16E-9,41.42E-9,48.84E-9,57.60E-9,67.94E-9,80.15E-9,94.56E-9,111.6E-9,0.000,53.78E6,66.80E6,80.07E6,95.63E6,113.9E6,135.4E6,160.6E6,190.3E6,225.3E6,266.6E6,315.2E6,372.6E6,717.2E-18,695.1E-18,675.4E-18,657.7E-18,641.7E-18,627.0E-18,613.7E-18,601.4E-18,590.0E-18,579.5E-18,569.7E-18,560.5E-18,552.0E-18,717.2E-18,717.2E-18,717.2E-18,717.2E-18,717.2E-18,717.2E-18,717.2E-18,717.2E-18,717.2E-18,717.2E-18,717.2E-18,717.2E-18,717.2E-18,374.1E-18,374.1E-18,374.1E-18,374.1E-18,374.1E-18,374.1E-18,374.1E-18,374.1E-18,374.1E-18,374.1E-18,374.1E-18,374.1E-18,374.1E-18,374.1E-18,370.8E-18,365.9E-18,358.8E-18,351.0E-18,344.3E-18,339.0E-18,334.8E-18,331.4E-18,328.7E-18,326.5E-18,324.6E-18,323.0E-18
250.0E-3,105.1E-3,105.1E-3,105.1E-3,105.1E-3,105.1E-3,105.1E-3,105.1E-3,105.2E-3,105.2E-3,105.2E-3,105.2E-3,105.3E-3,105.3E-3,0.000,10.25,17.54,18.40,18.66,18.77,18.83,18.86,18.88,18.90,18.90,18.91,18.90,3.000,3.000,3.000,3.000,3.000,3.000,3.000,3.000,3.000,3.000,3.000,3.000,3.000,7.929E-12,49.05E-9,60.61E-9,72.10E-9,85.37E-9,100.9E-9,119.2E-9,140.7E-9,166.1E-9,195.9E-9,231.0E-9,272.3E-9,320.8E-9,0.000,31.35,31.35,31.33,31.32,31.29,31.27,31.23,31.20,31.15,31.10,31.04,30.97,0.000,140.4E-9,172.2E-9,203.0E-9,238.3E-9,279.1E-9,326.6E-9,381.8E-9,446.1E-9,521.0E-9,607.9E-9,708.9E-9,826.1E-9,0.000,1.537E-6,1.899E-6,2.258E-6,2.672E-6,3.156E-6,3.724E-6,4.391E-6,5.174E-6,6.094E-6,7.173E-6,8.438E-6,9.920E-6,1.370E-6,150.0E-9,108.3E-9,122.7E-9,143.2E-9,168.1E-9,197.7E-9,232.8E-9,274.0E-9,322.5E-9,379.5E-9,446.3E-9,524.7E-9,0.000,257.2E6,318.9E6,381.6E6,455.3E6,542.0E6,643.7E6,763.0E6,902.8E6,1.067E9,1.259E9,1.485E9,1.749E9,717.5E-18,695.2E-18,675.5E-18,657.8E-18,641.8E-18,627.2E-18,613.8E-18,601.5E-18,590.1E-18,579.6E-18,569.8E-18,560.7E-18,552.1E-18,717.5E-18,717.4E-18,717.4E-18,717.4E-18,717.4E-18,717.4E-18,717.4E-18,717.4E-18,717.4E-18,717.4E-18,717.4E-18,717.4E-18,717.4E-18,378.5E-18,379.0E-18,378.9E-18,378.9E-18,378.9E-18,378.9E-18,378.9E-18,378.9E-18,378.9E-18,378.9E-18,378.9E-18,378.9E-18,378.9E-18,378.5E-18,372.3E-18,368.7E-18,362.6E-18,354.9E-18,347.5E-18,341.5E-18,336.7E-18,333.0E-18,330.0E-18,327.6E-18,325.5E-18,323.8E-18
300.0E-3,105.2E-3,105.2E-3,105.3E-3,105.3E-3,105.4E-3,105.4E-3,105.5E-3,105.5E-3,105.6E-3,105.7E-3,105.8E-3,105.9E-3,106.1E-3,0.000,10.12,17.50,18.39,18.65,18.77,18.83,18.86,18.88,18.89,18.90,18.90,18.90,3.000,3.000,3.000,3.000,3.000,3.000,3.000,3.000,3.000,3.000,3.000,3.000,3.000,7.735E-12,233.8E-9,288.6E-9,342.7E-9,404.8E-9,477.2E-9,561.9E-9,660.8E-9,776.4E-9,911.3E-9,1.069E-6,1.252E-6,1.464E-6,0.000,31.03,31.00,30.93,30.85,30.75,30.63,30.50,30.34,30.17,29.98,29.76,29.52,0.000,654.0E-9,801.0E-9,941.0E-9,1.099E-6,1.281E-6,1.490E-6,1.730E-6,2.005E-6,2.320E-6,2.679E-6,3.087E-6,3.551E-6,0.000,7.254E-6,8.949E-6,10.60E-6,12.49E-6,14.67E-6,17.21E-6,20.15E-6,23.55E-6,27.49E-6,32.02E-6,37.23E-6,43.20E-6,6.481E-6,716.9E-9,511.5E-9,576.5E-9,669.3E-9,781.6E-9,913.8E-9,1.068E-6,1.247E-6,1.455E-6,1.694E-6,1.970E-6,2.286E-6,0.000,1.187E9,1.469E9,1.749E9,2.076E9,2.459E9,2.905E9,3.420E9,4.017E9,4.705E9,5.497E9,6.406E9,7.448E9,719.1E-18,695.9E-18,676.2E-18,658.5E-18,642.4E-18,627.8E-18,614.4E-18,602.1E-18,590.8E-18,580.2E-18,570.4E-18,561.3E-18,552.8E-18,719.1E-18,718.5E-18,718.5E-18,718.5E-18,718.5E-18,718.5E-18,718.5E-18,718.5E-18,718.5E-18,718.5E-18,718.5E-18,718.5E-18,718.5E-18,400.5E-18,403.1E-18,403.0E-18,403.0E-18,402.9E-18,402.9E-18,402.9E-18,402.9E-18,402.9E-18,402.9E-18,402.9E-18,402.9E-18,402.9E-18,400.5E-18,373.7E-18,370.8E-18,365.9E-18,358.8E-18,351.0E-18,344.3E-18,339.0E-18,334.8E-18,331.4E-18,328.7E-18,326.5E-18,324.6E-18
350.0E-3,105.9E-3,105.9E-3,106.0E-3,106.2E-3,106.3E-3,106.5E-3,106.8E-3,107.0E-3,107.3E-3,107.7E-3,108.1E-3,108.5E-3,109.0E-3,0.000,9.556,17.28,18.31,18.62,18.75,18.81,18.84,18.86,18.88,18.88,18.88,18.88,3.000,3.000,3.000,3.000,3.000,3.000,3.000,3.000,3.000,3.000,3.000,3.000,3.000,7.458E-12,1.074E-6,1.322E-6,1.559E-6,1.826E-6,2.132E-6,2.483E-6,2.885E-6,3.345E-6,3.870E-6,4.467E-6,5.143E-6,5.908E-6,0.000,29.68,29.60,29.37,29.09,28.79,28.45,28.09,27.71,27.29,26.86,26.40,25.92,0.000,2.839E-6,3.461E-6,4.015E-6,4.621E-6,5.293E-6,6.042E-6,6.874E-6,7.793E-6,8.806E-6,9.915E-6,11.12E-6,12.44E-6,0.000,31.87E-6,39.14E-6,45.78E-6,53.12E-6,61.37E-6,70.64E-6,81.05E-6,92.68E-6,105.6E-6,120.0E-6,135.8E-6,153.1E-6,28.88E-6,3.335E-6,2.265E-6,2.500E-6,2.853E-6,3.274E-6,3.756E-6,4.301E-6,4.913E-6,5.596E-6,6.353E-6,7.190E-6,8.111E-6,0.000,4.708E9,5.807E9,6.817E9,7.957E9,9.259E9,10.73E9,12.39E9,14.23E9,16.28E9,18.54E9,21.03E9,23.77E9,726.5E-18,699.2E-18,679.3E-18,661.6E-18,645.5E-18,630.9E-18,617.5E-18,605.2E-18,593.9E-18,583.3E-18,573.5E-18,564.4E-18,555.9E-18,726.5E-18,723.9E-18,723.8E-18,723.8E-18,723.8E-18,723.8E-18,723.8E-18,723.8E-18,723.8E-18,723.8E-18,723.8E-18,723.8E-18,723.8E-18,499.6E-18,515.9E-18,515.1E-18,514.8E-18,514.7E-18,514.7E-18,514.7E-18,514.7E-18,514.7E-18,514.7E-18,514.7E-18,514.7E-18,514.7E-18,499.6E-18,376.4E-18,372.5E-18,368.7E-18,362.6E-18,354.9E-18,347.5E-18,341.5E-18,336.7E-18,333.0E-18,330.0E-18,327.6E-18,325.5E-18
400.0E-3,108.3E-3,108.4E-3,108.8E-3,109.3E-3,109.9E-3,110.5E-3,111.2E-3,111.9E-3,112.7E-3,113.6E-3,114.5E-3,115.5E-3,116.6E-3,0.000,7.929,16.53,18.06,18.49,18.67,18.76,18.80,18.83,18.85,18.86,18.86,18.85,3.000,3.000,3.000,3.000,3.000,3.000,3.000,3.000,3.000,3.000,2.000,2.000,2.000,6.990E-12,4.373E-6,5.367E-6,6.223E-6,7.148E-6,8.172E-6,9.309E-6,10.57E-6,11.96E-6,13.50E-6,15.19E-6,17.04E-6,19.06E-6,0.000,26.05,26.04,25.63,25.15,24.64,24.12,23.59,23.05,22.50,21.96,21.42,20.88,0.000,10.04E-6,12.22E-6,13.84E-6,15.47E-6,17.19E-6,19.00E-6,20.92E-6,22.95E-6,25.08E-6,27.30E-6,29.62E-6,32.03E-6,0.000,113.9E-6,139.8E-6,159.5E-6,179.8E-6,201.4E-6,224.5E-6,249.3E-6,275.7E-6,303.8E-6,333.6E-6,365.0E-6,398.0E-6,108.2E-6,14.37E-6,8.457E-6,8.833E-6,9.722E-6,10.79E-6,11.97E-6,13.26E-6,14.64E-6,16.12E-6,17.69E-6,19.35E-6,21.11E-6,0.000,13.30E9,16.50E9,18.90E9,21.39E9,24.09E9,27.02E9,30.15E9,33.49E9,37.02E9,40.75E9,44.68E9,48.80E9,743.9E-18,708.3E-18,687.8E-18,670.0E-18,653.9E-18,639.3E-18,625.9E-18,613.6E-18,602.2E-18,591.7E-18,581.9E-18,572.8E-18,564.3E-18,743.9E-18,737.1E-18,736.8E-18,736.7E-18,736.7E-18,736.7E-18,736.7E-18,736.7E-18,736.7E-18,736.7E-18,736.7E-18,736.7E-18,736.7E-18,740.5E-18,813.7E-18,810.0E-18,808.8E-18,808.3E-18,808.2E-18,808.1E-18,808.0E-18,808.0E-18,808.0E-18,808.0E-18,807.9E-18,807.9E-18,740.5E-18,387.2E-18,374.5E-18,371.0E-18,366.0E-18,358.8E-18,351.1E-18,344.3E-18,339.0E-18,334.8E-18,331.4E-18,328.7E-18,326.5E-18
450.0E-3,115.1E-3,115.4E-3,116.3E-3,117.3E-3,118.5E-3,119.7E-3,121.0E-3,122.3E-3,123.7E-3,125.1E-3,126.6E-3,128.2E-3,129.7E-3,0.000,5.374,14.60,17.36,18.18,18.50,18.65,18.73,18.77,18.80,18.82,18.83,18.82,1.000,1.000,2.000,2.000,2.000,2.000,2.000,2.000,2.000,2.000,2.000,2.000,2.000,6.102E-12,14.05E-6,17.39E-6,19.76E-6,22.13E-6,24.65E-6,27.35E-6,30.24E-6,33.34E-6,36.66E-6,40.19E-6,43.96E-6,47.97E-6,0.000,20.49,20.88,20.52,20.05,19.54,19.04,18.54,18.05,17.58,17.11,16.65,16.21,0.000,25.17E-6,31.49E-6,34.89E-6,37.88E-6,40.81E-6,43.76E-6,46.75E-6,49.78E-6,52.85E-6,55.95E-6,59.08E-6,62.24E-6,0.000,287.9E-6,363.2E-6,405.4E-6,443.7E-6,481.8E-6,520.8E-6,560.8E-6,602.0E-6,644.2E-6,687.6E-6,732.0E-6,777.4E-6,303.1E-6,53.58E-6,24.88E-6,23.35E-6,24.41E-6,26.05E-6,27.93E-6,29.95E-6,32.06E-6,34.26E-6,36.54E-6,38.89E-6,41.31E-6,0.000,26.26E9,34.15E9,38.34E9,42.10E9,45.92E9,49.87E9,53.95E9,58.12E9,62.39E9,66.74E9,71.19E9,75.72E9,762.4E-18,721.4E-18,699.0E-18,680.8E-18,664.7E-18,650.0E-18,636.6E-18,624.3E-18,612.9E-18,602.4E-18,592.6E-18,583.5E-18,574.9E-18,762.4E-18,752.6E-18,751.4E-18,751.2E-18,751.1E-18,751.1E-18,751.1E-18,751.1E-18,751.1E-18,751.1E-18,751.1E-18,751.1E-18,751.1E-18,1.006E-15,1.182E-15,1.175E-15,1.171E-15,1.169E-15,1.169E-15,1.168E-15,1.168E-15,1.168E-15,1.168E-15,1.168E-15,1.168E-15,1.168E-15,1.006E-15,428.6E-18,379.6E-18,373.6E-18,369.1E-18,362.8E-18,355.0E-18,347.6E-18,341.5E-18,336.8E-18,333.0E-18,330.0E-18,327.6E-18
500.0E-3,127.6E-3,128.0E-3,129.3E-3,130.9E-3,132.5E-3,134.2E-3,136.0E-3,137.7E-3,139.5E-3,141.4E-3,143.2E-3,145.1E-3,147.0E-3,0.000,3.329,11.36,15.87,17.48,18.12,18.42,18.58,18.67,18.72,18.76,18.77,18.78,1.000,1.000,2.000,2.000,2.000,2.000,2.000,2.000,2.000,2.000,2.000,2.000,2.000,4.493E-12,34.13E-6,43.50E-6,48.80E-6,53.56E-6,58.36E-6,63.32E-6,68.49E-6,73.90E-6,79.56E-6,85.47E-6,91.64E-6,98.09E-6,0.000,15.24,15.96,15.82,15.49,15.11,14.73,14.35,13.98,13.62,13.27,12.93,12.60,0.000,45.46E-6,59.98E-6,66.14E-6,70.52E-6,74.39E-6,78.06E-6,81.62E-6,85.11E-6,88.55E-6,91.94E-6,95.28E-6,98.56E-6,0.000,520.2E-6,694.3E-6,772.0E-6,829.6E-6,882.0E-6,932.7E-6,983.0E-6,1.033E-3,1.084E-3,1.134E-3,1.185E-3,1.236E-3,638.4E-6,156.2E-6,61.11E-6,48.65E-6,47.46E-6,48.67E-6,50.64E-6,52.92E-6,55.35E-6,57.87E-6,60.46E-6,63.11E-6,65.81E-6,0.000,39.31E9,55.56E9,62.50E9,67.47E9,72.00E9,76.47E9,80.94E9,85.39E9,89.82E9,94.22E9,98.60E9,103.0E9,775.4E-18,734.8E-18,709.0E-18,690.2E-18,673.8E-18,659.1E-18,645.6E-18,633.3E-18,621.9E-18,611.3E-18,601.5E-18,592.4E-18,583.9E-18,775.4E-18,765.5E-18,762.7E-18,762.2E-18,762.0E-18,761.9E-18,761.9E-18,761.9E-18,761.9E-18,761.9E-18,761.9E-18,761.9E-18,761.9E-18,1.199E-15,1.470E-15,1.479E-15,1.470E-15,1.466E-15,1.464E-15,1.463E-15,1.463E-15,1.463E-15,1.462E-15,1.462E-15,1.462E-15,1.462E-15,1.199E-15,528.3E-18,393.6E-18,378.0E-18,372.4E-18,366.7E-18,359.2E-18,351.3E-18,344.4E-18,339.0E-18,334.8E-18,331.5E-18,328.8E-18
550.0E-3,144.4E-3,144.9E-3,146.5E-3,148.4E-3,150.3E-3,152.3E-3,154.3E-3,156.3E-3,158.3E-3,160.3E-3,162.4E-3,164.5E-3,166.5E-3,0.000,2.163,8.031,13.55,16.24,17.43,18.01,18.31,18.48,18.59,18.65,18.69,18.71,1.000,1.000,2.000,2.000,2.000,2.000,2.000,2.000,2.000,2.000,2.000,2.000,2.000,1.753E-12,66.02E-6,87.36E-6,97.80E-6,106.0E-6,113.7E-6,121.4E-6,129.2E-6,137.2E-6,145.5E-6,153.9E-6,162.7E-6,171.6E-6,0.000,11.38,12.14,12.19,12.00,11.75,11.48,11.21,10.95,10.68,10.43,10.18,9.939,0.000,66.14E-6,91.63E-6,101.9E-6,107.8E-6,112.4E-6,116.3E-6,119.9E-6,123.3E-6,126.5E-6,129.6E-6,132.6E-6,135.5E-6,0.000,751.5E-6,1.060E-3,1.192E-3,1.272E-3,1.336E-3,1.394E-3,1.449E-3,1.502E-3,1.554E-3,1.605E-3,1.656E-3,1.706E-3,1.092E-3,347.4E-6,132.0E-6,87.99E-6,78.33E-6,76.65E-6,77.43E-6,79.14E-6,81.27E-6,83.60E-6,86.05E-6,88.58E-6,91.19E-6,0.000,49.65E9,75.67E9,86.76E9,93.25E9,98.36E9,103.0E9,107.5E9,111.9E9,116.1E9,120.3E9,124.3E9,128.2E9,783.9E-18,746.5E-18,717.8E-18,697.8E-18,681.1E-18,666.2E-18,652.7E-18,640.3E-18,628.9E-18,618.3E-18,608.5E-18,599.4E-18,590.8E-18,783.9E-18,775.4E-18,771.2E-18,770.2E-18,769.9E-18,769.8E-18,769.7E-18,769.7E-18,769.7E-18,769.6E-18,769.6E-18,769.6E-18,769.6E-18,1.328E-15,1.646E-15,1.707E-15,1.698E-15,1.692E-15,1.688E-15,1.686E-15,1.685E-15,1.685E-15,1.684E-15,1.684E-15,1.684E-15,1.684E-15,1.328E-15,675.8E-18,423.8E-18,386.5E-18,376.8E-18,370.7E-18,363.6E-18,355.5E-18,347.9E-18,341.7E-18,336.9E-18,333.1E-18,330.1E-18
600.0E-3,163.6E-3,164.2E-3,166.0E-3,168.0E-3,170.1E-3,172.2E-3,174.4E-3,176.5E-3,178.6E-3,180.8E-3,182.9E-3,185.1E-3,187.3E-3,0.000,1.465,5.575,10.92,14.51,16.40,17.36,17.89,18.19,18.38,18.50,18.57,18.60,1.000,1.000,2.000,2.000,2.000,2.000,2.000,2.000,2.000,2.000,2.000,2.000,2.000,-2.752E-12,108.4E-6,148.9E-6,167.6E-6,180.5E-6,191.7E-6,202.4E-6,213.0E-6,223.6E-6,234.4E-6,245.3E-6,256.5E-6,267.9E-6,0.000,8.629,9.367,9.518,9.439,9.283,9.101,8.910,8.719,8.529,8.343,8.162,7.985,0.000,83.27E-6,120.9E-6,136.3E-6,144.0E-6,149.1E-6,153.0E-6,156.3E-6,159.2E-6,161.9E-6,164.3E-6,166.6E-6,168.8E-6,0.000,935.5E-6,1.395E-3,1.595E-3,1.704E-3,1.779E-3,1.842E-3,1.897E-3,1.949E-3,1.999E-3,2.047E-3,2.093E-3,2.139E-3,1.624E-3,638.7E-6,250.2E-6,146.1E-6,117.4E-6,108.5E-6,106.1E-6,106.1E-6,107.2E-6,108.8E-6,110.7E-6,112.7E-6,115.0E-6,0.000,56.35E9,91.38E9,107.5E9,116.0E9,121.8E9,126.5E9,130.9E9,135.0E9,138.9E9,142.6E9,146.2E9,149.6E9,789.6E-18,755.5E-18,725.4E-18,704.3E-18,687.1E-18,672.0E-18,658.4E-18,645.9E-18,634.5E-18,623.9E-18,614.1E-18,604.9E-18,596.4E-18,789.6E-18,782.9E-18,777.8E-18,776.3E-18,775.8E-18,775.6E-18,775.5E-18,775.4E-18,775.4E-18,775.4E-18,775.4E-18,775.4E-18,775.4E-18,1.414E-15,1.739E-15,1.872E-15,1.871E-15,1.864E-15,1.860E-15,1.857E-15,1.855E-15,1.854E-15,1.853E-15,1.853E-15,1.852E-15,1.852E-15,1.414E-15,833.3E-18,473.1E-18,401.3E-18,383.2E-18,375.2E-18,368.3E-18,360.1E-18,351.9E-18,344.9E-18,339.3E-18,335.0E-18,331.6E-18
650.0E-3,184.2E-3,184.8E-3,186.7E-3,188.9E-3,191.0E-3,193.2E-3,195.4E-3,197.7E-3,199.9E-3,202.1E-3,204.4E-3,206.6E-3,208.9E-3,0.000,1.022,3.923,8.499,12.51,15.04,16.47,17.29,17.78,18.08,18.27,18.39,18.46,1.000,1.000,2.000,2.000,2.000,2.000,2.000,2.000,2.000,2.000,2.000,2.000,2.000,-10.02E-12,158.2E-6,225.5E-6,256.1E-6,275.2E-6,290.6E-6,304.5E-6,317.8E-6,331.0E-6,344.2E-6,357.4E-6,370.7E-6,384.2E-6,0.000,6.622,7.348,7.558,7.552,7.462,7.341,7.208,7.070,6.932,6.795,6.661,6.529,0.000,94.48E-6,144.3E-6,165.2E-6,175.1E-6,180.8E-6,184.6E-6,187.4E-6,189.8E-6,191.7E-6,193.4E-6,194.9E-6,196.3E-6,0.000,1.048E-3,1.657E-3,1.936E-3,2.078E-3,2.168E-3,2.235E-3,2.291E-3,2.340E-3,2.386E-3,2.429E-3,2.469E-3,2.509E-3,2.191E-3,1.026E-3,422.4E-6,227.7E-6,166.1E-6,144.2E-6,135.7E-6,132.5E-6,131.7E-6,132.0E-6,132.9E-6,134.3E-6,135.9E-6,0.000,59.27E9,101.6E9,123.0E9,133.9E9,140.6E9,145.6E9,149.8E9,153.7E9,157.3E9,160.5E9,163.6E9,166.5E9,793.6E-18,762.2E-18,731.9E-18,709.8E-18,692.1E-18,676.7E-18,663.0E-18,650.5E-18,639.0E-18,628.4E-18,618.6E-18,609.4E-18,600.9E-18,793.6E-18,788.4E-18,783.1E-18,781.1E-18,780.4E-18,780.1E-18,779.9E-18,779.9E-18,779.8E-18,779.8E-18,779.8E-18,779.7E-18,779.7E-18,1.474E-15,1.781E-15,1.983E-15,2.002E-15,1.997E-15,1.992E-15,1.989E-15,1.986E-15,1.985E-15,1.984E-15,1.983E-15,1.983E-15,1.982E-15,1.474E-15,974.9E-18,539.5E-18,423.4E-18,392.4E-18,380.7E-18,373.1E-18,365.1E-18,356.4E-18,348.5E-18,342.2E-18,337.2E-18,333.4E-18
700.0E-3,205.7E-3,206.3E-3,208.3E-3,210.5E-3,212.8E-3,215.1E-3,217.4E-3,219.7E-3,222.0E-3,224.3E-3,226.6E-3,228.9E-3,231.3E-3,0.000,735.1E-3,2.806,6.502,10.47,13.45,15.35,16.51,17.22,17.67,17.96,18.15,18.27,1.000,1.000,1.000,2.000,2.000,2.000,2.000,2.000,2.000,2.000,2.000,2.000,2.000,-21.62E-12,211.9E-6,312.9E-6,359.5E-6,386.8E-6,407.0E-6,424.4E-6,440.6E-6,456.1E-6,471.5E-6,486.7E-6,501.9E-6,517.2E-6,0.000,5.151,5.840,6.093,6.138,6.097,6.020,5.928,5.829,5.728,5.626,5.525,5.426,0.000,99.66E-6,159.9E-6,186.8E-6,199.1E-6,205.6E-6,209.4E-6,211.9E-6,213.7E-6,215.0E-6,216.0E-6,216.7E-6,217.2E-6,0.000,1.091E-3,1.827E-3,2.190E-3,2.374E-3,2.481E-3,2.555E-3,2.612E-3,2.659E-3,2.700E-3,2.738E-3,2.773E-3,2.807E-3,2.761E-3,1.484E-3,651.2E-6,336.9E-6,226.8E-6,184.5E-6,166.5E-6,158.2E-6,154.4E-6,152.8E-6,152.4E-6,152.8E-6,153.6E-6,0.000,59.13E9,106.5E9,133.0E9,146.6E9,154.5E9,159.9E9,164.1E9,167.7E9,171.0E9,174.0E9,176.7E9,179.1E9,796.6E-18,767.1E-18,737.4E-18,714.5E-18,696.3E-18,680.7E-18,666.9E-18,654.3E-18,642.8E-18,632.1E-18,622.3E-18,613.1E-18,604.5E-18,796.6E-18,792.4E-18,787.4E-18,785.0E-18,784.0E-18,783.6E-18,783.4E-18,783.3E-18,783.3E-18,783.2E-18,783.2E-18,783.2E-18,783.2E-18,1.516E-15,1.796E-15,2.051E-15,2.099E-15,2.100E-15,2.095E-15,2.091E-15,2.089E-15,2.087E-15,2.086E-15,2.085E-15,2.084E-15,2.083E-15,1.516E-15,1.092E-15,617.3E-18,453.3E-18,405.0E-18,387.4E-18,378.2E-18,370.2E-18,361.4E-18,352.8E-18,345.5E-18,339.8E-18,335.4E-18
750.0E-3,227.9E-3,228.7E-3,230.7E-3,233.0E-3,235.3E-3,237.7E-3,240.1E-3,242.5E-3,244.9E-3,247.3E-3,249.7E-3,252.1E-3,254.5E-3,0.000,545.1E-3,2.042,4.939,8.553,11.74,14.03,15.53,16.51,17.14,17.56,17.84,18.02,1.000,1.000,1.000,2.000,2.000,2.000,2.000,2.000,2.000,2.000,2.000,2.000,2.000,-39.97E-12,266.2E-6,406.4E-6,473.3E-6,510.9E-6,537.0E-6,558.3E-6,577.4E-6,595.3E-6,612.6E-6,629.7E-6,646.5E-6,663.3E-6,0.000,4.062,4.694,4.974,5.058,5.053,5.009,4.947,4.877,4.802,4.726,4.649,4.574,0.000,99.94E-6,167.7E-6,200.4E-6,215.6E-6,223.1E-6,227.2E-6,229.5E-6,230.9E-6,231.6E-6,232.0E-6,232.1E-6,231.9E-6,0.000,1.081E-3,1.908E-3,2.354E-3,2.584E-3,2.714E-3,2.797E-3,2.856E-3,2.903E-3,2.942E-3,2.976E-3,3.006E-3,3.034E-3,3.311E-3,1.984E-3,934.0E-6,476.6E-6,302.1E-6,231.2E-6,199.4E-6,183.9E-6,175.9E-6,171.6E-6,169.4E-6,168.5E-6,168.3E-6,0.000,56.87E9,106.9E9,137.8E9,154.4E9,163.7E9,169.7E9,174.1E9,177.6E9,180.7E9,183.4E9,185.8E9,188.0E9,798.8E-18,770.7E-18,742.0E-18,718.5E-18,699.9E-18,684.1E-18,670.1E-18,657.4E-18,645.8E-18,635.2E-18,625.3E-18,616.1E-18,607.5E-18,798.8E-18,795.4E-18,790.8E-18,788.1E-18,787.0E-18,786.5E-18,786.3E-18,786.1E-18,786.0E-18,786.0E-18,785.9E-18,785.9E-18,785.9E-18,1.546E-15,1.798E-15,2.086E-15,2.167E-15,2.178E-15,2.175E-15,2.172E-15,2.169E-15,2.167E-15,2.165E-15,2.164E-15,2.163E-15,2.163E-15,1.546E-15,1.186E-15,700.2E-18,490.1E-18,421.3E-18,395.9E-18,383.8E-18,375.4E-18,366.7E-18,357.6E-18,349.4E-18,342.8E-18,337.7E-18
800.0E-3,251.1E-3,251.8E-3,253.9E-3,256.3E-3,258.7E-3,261.2E-3,263.6E-3,266.1E-3,268.6E-3,271.1E-3,273.6E-3,276.1E-3,278.6E-3,0.000,415.1E-3,1.515,3.756,6.879,10.03,12.57,14.39,15.64,16.48,17.06,17.45,17.71,1.000,1.000,1.000,2.000,2.000,2.000,2.000,2.000,2.000,2.000,2.000,2.000,2.000,-68.81E-12,319.1E-6,502.0E-6,593.2E-6,643.4E-6,676.7E-6,702.5E-6,724.6E-6,744.9E-6,764.1E-6,782.8E-6,801.0E-6,819.1E-6,0.000,3.246,3.811,4.104,4.216,4.240,4.221,4.182,4.132,4.077,4.020,3.962,3.903,0.000,96.73E-6,168.7E-6,206.7E-6,224.8E-6,233.7E-6,238.3E-6,240.6E-6,241.7E-6,242.1E-6,242.0E-6,241.5E-6,240.8E-6,0.000,1.036E-3,1.913E-3,2.435E-3,2.713E-3,2.869E-3,2.965E-3,3.030E-3,3.078E-3,3.116E-3,3.147E-3,3.174E-3,3.197E-3,3.827E-3,2.496E-3,1.263E-3,648.2E-6,394.4E-6,286.1E-6,235.9E-6,210.5E-6,196.8E-6,189.0E-6,184.5E-6,181.9E-6,180.6E-6,0.000,53.34E9,104.0E9,138.4E9,157.9E9,168.9E9,175.7E9,180.3E9,183.9E9,186.9E9,189.5E9,191.7E9,193.6E9,800.5E-18,773.4E-18,745.7E-18,722.0E-18,703.0E-18,686.9E-18,672.7E-18,660.0E-18,648.4E-18,637.7E-18,627.8E-18,618.6E-18,610.0E-18,800.5E-18,797.7E-18,793.5E-18,790.8E-18,789.5E-18,788.8E-18,788.5E-18,788.3E-18,788.2E-18,788.2E-18,788.1E-18,788.1E-18,788.1E-18,1.567E-15,1.793E-15,2.097E-15,2.212E-15,2.235E-15,2.237E-15,2.234E-15,2.231E-15,2.229E-15,2.228E-15,2.226E-15,2.225E-15,2.224E-15,1.567E-15,1.261E-15,783.1E-18,533.0E-18,441.3E-18,406.2E-18,390.2E-18,380.6E-18,372.0E-18,362.8E-18,353.8E-18,346.3E-18,340.4E-18
850.0E-3,275.0E-3,275.8E-3,277.9E-3,280.4E-3,282.9E-3,285.5E-3,288.0E-3,290.5E-3,293.1E-3,295.7E-3,298.2E-3,300.8E-3,303.4E-3,0.000,323.3E-3,1.146,2.876,5.488,8.425,11.07,13.13,14.63,15.69,16.44,16.96,17.32,1.000,1.000,1.000,2.000,2.000,2.000,2.000,2.000,2.000,2.000,2.000,2.000,2.000,-113.9E-12,369.1E-6,596.3E-6,715.2E-6,780.6E-6,822.4E-6,853.3E-6,878.9E-6,901.7E-6,922.8E-6,943.0E-6,962.5E-6,981.7E-6,0.000,2.627,3.123,3.419,3.551,3.595,3.596,3.574,3.541,3.501,3.458,3.413,3.368,0.000,91.27E-6,164.6E-6,206.7E-6,227.8E-6,238.3E-6,243.5E-6,246.1E-6,247.1E-6,247.2E-6,246.7E-6,245.9E-6,244.7E-6,0.000,969.6E-6,1.862E-3,2.445E-3,2.772E-3,2.956E-3,3.068E-3,3.141E-3,3.193E-3,3.231E-3,3.261E-3,3.285E-3,3.306E-3,4.303E-3,2.999E-3,1.625E-3,850.2E-6,505.1E-6,350.9E-6,277.3E-6,239.2E-6,218.2E-6,205.9E-6,198.4E-6,193.7E-6,190.9E-6,0.000,49.19E9,98.93E9,135.7E9,157.8E9,170.6E9,178.4E9,183.6E9,187.3E9,190.3E9,192.8E9,194.9E9,196.7E9,801.9E-18,775.4E-18,748.7E-18,725.0E-18,705.6E-18,689.3E-18,675.0E-18,662.1E-18,650.5E-18,639.7E-18,629.8E-18,620.6E-18,612.0E-18,801.9E-18,799.5E-18,795.8E-18,792.9E-18,791.5E-18,790.8E-18,790.4E-18,790.2E-18,790.0E-18,790.0E-18,789.9E-18,789.9E-18,789.8E-18,1.583E-15,1.785E-15,2.092E-15,2.237E-15,2.276E-15,2.283E-15,2.282E-15,2.280E-15,2.278E-15,2.276E-15,2.274E-15,2.273E-15,2.272E-15,1.583E-15,1.319E-15,862.5E-18,580.5E-18,465.0E-18,418.6E-18,397.6E-18,386.0E-18,377.3E-18,368.2E-18,358.7E-18,350.3E-18,343.5E-18
900.0E-3,299.7E-3,300.5E-3,302.7E-3,305.3E-3,307.9E-3,310.5E-3,313.1E-3,315.7E-3,318.3E-3,321.0E-3,323.6E-3,326.3E-3,328.9E-3,0.000,256.7E-3,883.8E-3,2.224,4.369,6.998,9.597,11.81,13.52,14.79,15.72,16.38,16.85,1.000,1.000,1.000,1.000,2.000,2.000,2.000,2.000,2.000,2.000,2.000,2.000,2.000,-184.2E-12,415.5E-6,687.1E-6,836.3E-6,919.2E-6,971.0E-6,1.008E-3,1.037E-3,1.063E-3,1.086E-3,1.108E-3,1.128E-3,1.149E-3,0.000,2.150,2.582,2.871,3.016,3.077,3.092,3.084,3.064,3.036,3.004,2.970,2.934,0.000,84.52E-6,156.8E-6,201.9E-6,225.6E-6,237.7E-6,243.8E-6,246.7E-6,247.7E-6,247.7E-6,247.1E-6,245.9E-6,244.5E-6,0.000,893.2E-6,1.774E-3,2.401E-3,2.773E-3,2.987E-3,3.117E-3,3.200E-3,3.256E-3,3.297E-3,3.327E-3,3.351E-3,3.370E-3,4.735E-3,3.480E-3,2.007E-3,1.080E-3,634.6E-6,426.9E-6,324.8E-6,271.0E-6,240.8E-6,222.9E-6,211.7E-6,204.6E-6,200.0E-6,0.000,44.84E9,92.57E9,130.7E9,155.1E9,169.7E9,178.6E9,184.3E9,188.3E9,191.4E9,193.9E9,196.1E9,197.8E9,803.0E-18,777.0E-18,751.1E-18,727.5E-18,707.9E-18,691.3E-18,676.8E-18,663.9E-18,652.2E-18,641.4E-18,631.4E-18,622.2E-18,613.6E-18,803.0E-18,800.9E-18,797.6E-18,794.8E-18,793.2E-18,792.3E-18,791.9E-18,791.7E-18,791.5E-18,791.4E-18,791.3E-18,791.3E-18,791.3E-18,1.594E-15,1.775E-15,2.077E-15,2.248E-15,2.303E-15,2.317E-15,2.318E-15,2.317E-15,2.315E-15,2.313E-15,2.312E-15,2.310E-15,2.309E-15,1.594E-15,1.366E-15,936.3E-18,631.1E-18,492.1E-18,433.1E-18,406.1E-18,391.9E-18,382.4E-18,373.6E-18,364.0E-18,354.8E-18,347.1E-18
950.0E-3,325.2E-3,325.9E-3,328.2E-3,330.8E-3,333.5E-3,336.2E-3,338.9E-3,341.5E-3,344.2E-3,346.9E-3,349.6E-3,352.3E-3,355.0E-3,0.000,207.0E-3,693.6E-3,1.741,3.488,5.778,8.230,10.48,12.35,13.80,14.90,15.71,16.31,1.000,1.000,1.000,1.000,2.000,2.000,2.000,2.000,2.000,2.000,2.000,2.000,2.000,-293.4E-12,458.0E-6,772.8E-6,954.1E-6,1.057E-3,1.120E-3,1.164E-3,1.198E-3,1.226E-3,1.251E-3,1.275E-3,1.297E-3,1.318E-3,0.000,1.777,2.152,2.430,2.583,2.655,2.682,2.685,2.674,2.655,2.632,2.606,2.578,0.000,77.14E-6,146.7E-6,193.3E-6,219.3E-6,233.0E-6,240.0E-6,243.3E-6,244.5E-6,244.6E-6,243.8E-6,242.5E-6,240.8E-6,0.000,813.8E-6,1.663E-3,2.318E-3,2.729E-3,2.973E-3,3.121E-3,3.216E-3,3.279E-3,3.323E-3,3.355E-3,3.379E-3,3.397E-3,5.126E-3,3.931E-3,2.398E-3,1.332E-3,782.4E-6,514.6E-6,379.3E-6,306.8E-6,265.6E-6,240.8E-6,225.2E-6,215.0E-6,208.3E-6,0.000,40.55E9,85.61E9,124.2E9,150.5E9,166.7E9,176.8E9,183.2E9,187.6E9,190.8E9,193.4E9,195.5E9,197.3E9,803.9E-18,778.3E-18,753.1E-18,729.6E-18,709.8E-18,693.0E-18,678.4E-18,665.4E-18,653.6E-18,642.7E-18,632.7E-18,623.5E-18,614.8E-18,803.9E-18,802.0E-18,799.1E-18,796.3E-18,794.6E-18,793.7E-18,793.2E-18,792.9E-18,792.7E-18,792.6E-18,792.5E-18,792.5E-18,792.4E-18,1.602E-15,1.765E-15,2.055E-15,2.246E-15,2.319E-15,2.340E-15,2.345E-15,2.345E-15,2.343E-15,2.341E-15,2.340E-15,2.338E-15,2.337E-15,1.602E-15,1.403E-15,1.004E-15,683.5E-18,522.3E-18,449.9E-18,415.9E-18,398.3E-18,387.5E-18,378.8E-18,369.5E-18,359.8E-18,351.1E-18
1.000,351.2E-3,352.0E-3,354.4E-3,357.0E-3,359.7E-3,362.5E-3,365.2E-3,367.9E-3,370.7E-3,373.4E-3,376.2E-3,379.0E-3,381.7E-3,0.000,169.2E-3,553.0E-3,1.380,2.800,4.761,7.004,9.211,11.16,12.75,14.01,14.97,15.69,1.000,1.000,1.000,1.000,2.000,2.000,2.000,2.000,2.000,2.000,2.000,2.000,2.000,-462.6E-12,496.5E-6,852.6E-6,1.067E-3,1.191E-3,1.267E-3,1.319E-3,1.358E-3,1.390E-3,1.417E-3,1.442E-3,1.465E-3,1.487E-3,0.000,1.482,1.807,2.070,2.227,2.307,2.343,2.355,2.352,2.340,2.324,2.304,2.283,0.000,69.55E-6,135.1E-6,182.2E-6,209.9E-6,225.0E-6,232.9E-6,236.7E-6,238.2E-6,238.3E-6,237.6E-6,236.2E-6,234.4E-6,0.000,735.7E-6,1.541E-3,2.209E-3,2.652E-3,2.924E-3,3.091E-3,3.198E-3,3.269E-3,3.317E-3,3.352E-3,3.377E-3,3.395E-3,5.475E-3,4.348E-3,2.786E-3,1.601E-3,947.0E-6,614.0E-6,441.3E-6,347.2E-6,293.0E-6,260.1E-6,239.3E-6,225.6E-6,216.4E-6,0.000,36.46E9,78.51E9,116.9E9,144.5E9,162.2E9,173.4E9,180.6E9,185.5E9,188.9E9,191.6E9,193.7E9,195.5E9,804.6E-18,779.4E-18,754.7E-18,731.5E-18,711.5E-18,694.5E-18,679.7E-18,666.5E-18,654.7E-18,643.8E-18,633.8E-18,624.5E-18,615.8E-18,804.6E-18,802.9E-18,800.3E-18,797.6E-18,795.8E-18,794.8E-18,794.2E-18,793.9E-18,793.7E-18,793.6E-18,793.5E-18,793.4E-18,793.4E-18,1.607E-15,1.754E-15,2.030E-15,2.235E-15,2.324E-15,2.355E-15,2.363E-15,2.364E-15,2.364E-15,2.362E-15,2.361E-15,2.359E-15,2.358E-15,1.607E-15,1.432E-15,1.064E-15,736.5E-18,555.2E-18,468.8E-18,427.2E-18,405.6E-18,392.9E-18,383.7E-18,374.9E-18,365.2E-18,355.7E-18
1.050,377.8E-3,378.6E-3,381.0E-3,383.8E-3,386.5E-3,389.3E-3,392.1E-3,394.9E-3,397.7E-3,400.5E-3,403.3E-3,406.1E-3,408.9E-3,0.000,139.8E-3,447.2E-3,1.107,2.265,3.929,5.937,8.034,9.992,11.68,13.06,14.16,15.01,1.000,1.000,1.000,1.000,2.000,2.000,2.000,2.000,2.000,2.000,2.000,2.000,2.000,-724.2E-12,531.2E-6,926.1E-6,1.174E-3,1.321E-3,1.411E-3,1.472E-3,1.517E-3,1.552E-3,1.582E-3,1.609E-3,1.633E-3,1.656E-3,0.000,1.245,1.528,1.774,1.931,2.018,2.061,2.079,2.083,2.077,2.066,2.052,2.035,0.000,62.01E-6,122.9E-6,169.3E-6,198.2E-6,214.5E-6,223.3E-6,227.7E-6,229.5E-6,229.7E-6,229.0E-6,227.6E-6,225.8E-6,0.000,661.2E-6,1.416E-3,2.083E-3,2.551E-3,2.848E-3,3.034E-3,3.154E-3,3.233E-3,3.286E-3,3.324E-3,3.351E-3,3.370E-3,5.787E-3,4.730E-3,3.166E-3,1.882E-3,1.126E-3,724.9E-6,511.1E-6,392.6E-6,323.5E-6,281.3E-6,254.4E-6,236.6E-6,224.6E-6,0.000,32.66E9,71.56E9,109.0E9,137.6E9,156.6E9,168.9E9,176.9E9,182.3E9,186.0E9,188.8E9,191.0E9,192.9E9,805.3E-18,780.3E-18,756.0E-18,733.1E-18,712.9E-18,695.7E-18,680.8E-18,667.5E-18,655.5E-18,644.6E-18,634.6E-18,625.2E-18,616.6E-18,805.3E-18,803.7E-18,801.3E-18,798.7E-18,796.8E-18,795.7E-18,795.1E-18,794.7E-18,794.5E-18,794.3E-18,794.2E-18,794.2E-18,794.1E-18,1.610E-15,1.743E-15,2.003E-15,2.217E-15,2.322E-15,2.362E-15,2.375E-15,2.378E-15,2.378E-15,2.377E-15,2.375E-15,2.374E-15,2.373E-15,1.610E-15,1.456E-15,1.118E-15,789.1E-18,590.4E-18,490.0E-18,440.0E-18,413.7E-18,398.7E-18,388.6E-18,380.0E-18,370.6E-18,360.8E-18
1.100,405.0E-3,405.8E-3,408.2E-3,410.9E-3,413.8E-3,416.6E-3,419.4E-3,422.2E-3,425.1E-3,427.9E-3,430.8E-3,433.6E-3,436.5E-3,0.000,116.5E-3,365.9E-3,897.7E-3,1.846,3.253,5.025,6.973,8.888,10.62,12.10,13.31,14.27,1.000,1.000,1.000,1.000,1.000,2.000,2.000,2.000,2.000,2.000,2.000,2.000,2.000,-1.128E-9,562.3E-6,993.5E-6,1.275E-3,1.445E-3,1.551E-3,1.622E-3,1.673E-3,1.712E-3,1.745E-3,1.774E-3,1.800E-3,1.824E-3,0.000,1.052,1.300,1.529,1.684,1.775,1.824,1.847,1.855,1.854,1.848,1.837,1.825,0.000,54.70E-6,110.4E-6,155.4E-6,185.0E-6,202.3E-6,211.8E-6,216.7E-6,218.8E-6,219.2E-6,218.6E-6,217.2E-6,215.3E-6,0.000,591.6E-6,1.292E-3,1.948E-3,2.434E-3,2.753E-3,2.957E-3,3.089E-3,3.177E-3,3.236E-3,3.277E-3,3.307E-3,3.328E-3,6.063E-3,5.077E-3,3.530E-3,2.170E-3,1.318E-3,846.5E-6,588.5E-6,443.1E-6,357.4E-6,304.7E-6,270.9E-6,248.4E-6,233.1E-6,0.000,29.16E9,64.92E9,101.1E9,130.1E9,150.3E9,163.6E9,172.4E9,178.2E9,182.3E9,185.3E9,187.6E9,189.5E9,805.8E-18,781.0E-18,757.1E-18,734.4E-18,714.2E-18,696.8E-18,681.7E-18,668.3E-18,656.2E-18,645.2E-18,635.1E-18,625.8E-18,617.1E-18,805.8E-18,804.3E-18,802.1E-18,799.6E-18,797.7E-18,796.5E-18,795.8E-18,795.4E-18,795.1E-18,795.0E-18,794.8E-18,794.8E-18,794.7E-18,1.611E-15,1.733E-15,1.975E-15,2.194E-15,2.313E-15,2.362E-15,2.380E-15,2.386E-15,2.387E-15,2.386E-15,2.385E-15,2.384E-15,2.383E-15,1.611E-15,1.474E-15,1.165E-15,840.5E-18,627.4E-18,513.2E-18,454.3E-18,422.9E-18,405.0E-18,393.6E-18,384.8E-18,376.0E-18,366.2E-18
1.150,432.5E-3,433.3E-3,435.7E-3,438.5E-3,441.4E-3,444.3E-3,447.1E-3,450.0E-3,452.9E-3,455.7E-3,458.6E-3,461.5E-3,464.4E-3,0.000,97.81E-3,302.6E-3,735.7E-3,1.518,2.705,4.257,6.035,7.866,9.596,11.13,12.43,13.50,1.000,1.000,1.000,1.000,1.000,2.000,2.000,2.000,2.000,2.000,2.000,2.000,2.000,-1.752E-9,590.0E-6,1.055E-3,1.368E-3,1.563E-3,1.686E-3,1.767E-3,1.825E-3,1.869E-3,1.905E-3,1.936E-3,1.963E-3,1.989E-3,0.000,893.8E-3,1.112,1.323,1.476,1.569,1.622,1.649,1.662,1.664,1.661,1.654,1.645,0.000,47.69E-6,98.09E-6,140.9E-6,170.6E-6,188.6E-6,198.8E-6,204.2E-6,206.6E-6,207.3E-6,206.7E-6,205.4E-6,203.5E-6,0.000,527.4E-6,1.172E-3,1.810E-3,2.307E-3,2.645E-3,2.866E-3,3.010E-3,3.106E-3,3.171E-3,3.216E-3,3.248E-3,3.271E-3,6.308E-3,5.391E-3,3.875E-3,2.461E-3,1.520E-3,977.7E-6,673.2E-6,498.7E-6,394.8E-6,330.5E-6,288.9E-6,261.2E-6,242.2E-6,0.000,25.97E9,58.69E9,93.32E9,122.5E9,143.5E9,157.7E9,167.2E9,173.6E9,178.1E9,181.2E9,183.6E9,185.6E9,806.3E-18,781.6E-18,758.1E-18,735.6E-18,715.3E-18,697.7E-18,682.4E-18,668.9E-18,656.7E-18,645.7E-18,635.5E-18,626.2E-18,617.4E-18,806.3E-18,804.9E-18,802.9E-18,800.5E-18,798.5E-18,797.2E-18,796.4E-18,796.0E-18,795.7E-18,795.5E-18,795.3E-18,795.2E-18,795.2E-18,1.611E-15,1.723E-15,1.948E-15,2.168E-15,2.299E-15,2.358E-15,2.381E-15,2.390E-15,2.392E-15,2.392E-15,2.391E-15,2.390E-15,2.389E-15,1.611E-15,1.489E-15,1.207E-15,890.1E-18,665.7E-18,538.3E-18,470.2E-18,433.2E-18,412.0E-18,398.9E-18,389.5E-18,381.0E-18,371.6E-18
1.200,460.4E-3,461.2E-3,463.7E-3,466.5E-3,469.4E-3,472.3E-3,475.2E-3,478.1E-3,481.0E-3,483.9E-3,486.8E-3,489.7E-3,492.7E-3,0.000,82.57E-3,252.3E-3,608.6E-3,1.257,2.262,3.613,5.219,6.939,8.631,10.19,11.55,12.71,1.000,1.000,1.000,1.000,1.000,2.000,2.000,2.000,2.000,2.000,2.000,2.000,2.000,-2.715E-9,614.7E-6,1.110E-3,1.455E-3,1.675E-3,1.815E-3,1.908E-3,1.973E-3,2.022E-3,2.062E-3,2.095E-3,2.124E-3,2.150E-3,0.000,762.1E-3,954.5E-3,1.150,1.298,1.393,1.449,1.480,1.495,1.501,1.501,1.496,1.489,0.000,41.02E-6,86.05E-6,126.3E-6,155.6E-6,174.1E-6,184.9E-6,190.6E-6,193.4E-6,194.2E-6,193.7E-6,192.5E-6,190.6E-6,0.000,468.5E-6,1.060E-3,1.673E-3,2.174E-3,2.528E-3,2.764E-3,2.919E-3,3.024E-3,3.095E-3,3.144E-3,3.178E-3,3.203E-3,6.524E-3,5.674E-3,4.200E-3,2.749E-3,1.730E-3,1.118E-3,764.9E-6,559.4E-6,435.7E-6,358.6E-6,308.6E-6,275.1E-6,252.0E-6,0.000,23.07E9,52.90E9,85.77E9,114.7E9,136.4E9,151.4E9,161.6E9,168.6E9,173.4E9,176.8E9,179.3E9,181.3E9,806.7E-18,782.2E-18,758.9E-18,736.6E-18,716.3E-18,698.5E-18,683.1E-18,669.4E-18,657.1E-18,646.0E-18,635.8E-18,626.4E-18,617.6E-18,806.7E-18,805.4E-18,803.5E-18,801.2E-18,799.2E-18,797.8E-18,797.0E-18,796.4E-18,796.1E-18,795.8E-18,795.7E-18,795.6E-18,795.5E-18,1.610E-15,1.713E-15,1.922E-15,2.140E-15,2.280E-15,2.348E-15,2.378E-15,2.389E-15,2.393E-15,2.394E-15,2.393E-15,2.392E-15,2.391E-15,1.610E-15,1.501E-15,1.244E-15,937.3E-18,704.9E-18,565.2E-18,487.7E-18,444.7E-18,419.8E-18,404.5E-18,394.2E-18,385.7E-18,376.9E-18
