vsg ,M0:vearly vsd 0  (V),M0:vearly vsd 0.1  (V),M0:vearly vsd 0.2  (V),M0:vearly vsd 0.3  (V),M0:vearly vsd 0.4  (V),M0:vearly vsd 0.5  (V),M0:vearly vsd 0.6  (V),M0:vearly vsd 0.7  (V),M0:vearly vsd 0.8  (V),M0:vearly vsd 0.9  (V),M0:vearly vsd 1  (V),M0:vearly vsd 1.1  (V),M0:vearly vsd 1.2  (V),M0:vdsat vsd 0 ,M0:vdsat vsd 0.1 ,M0:vdsat vsd 0.2 ,M0:vdsat vsd 0.3 ,M0:vdsat vsd 0.4 ,M0:vdsat vsd 0.5 ,M0:vdsat vsd 0.6 ,M0:vdsat vsd 0.7 ,M0:vdsat vsd 0.8 ,M0:vdsat vsd 0.9 ,M0:vdsat vsd 1 ,M0:vdsat vsd 1.1 ,M0:vdsat vsd 1.2 ,M0:self_gain vsd 0 ,M0:self_gain vsd 0.1 ,M0:self_gain vsd 0.2 ,M0:self_gain vsd 0.3 ,M0:self_gain vsd 0.4 ,M0:self_gain vsd 0.5 ,M0:self_gain vsd 0.6 ,M0:self_gain vsd 0.7 ,M0:self_gain vsd 0.8 ,M0:self_gain vsd 0.9 ,M0:self_gain vsd 1 ,M0:self_gain vsd 1.1 ,M0:self_gain vsd 1.2 ,M0:region vsd 0 ,M0:region vsd 0.1 ,M0:region vsd 0.2 ,M0:region vsd 0.3 ,M0:region vsd 0.4 ,M0:region vsd 0.5 ,M0:region vsd 0.6 ,M0:region vsd 0.7 ,M0:region vsd 0.8 ,M0:region vsd 0.9 ,M0:region vsd 1 ,M0:region vsd 1.1 ,M0:region vsd 1.2 ,M0:id vsd 0 ,M0:id vsd 0.1 ,M0:id vsd 0.2 ,M0:id vsd 0.3 ,M0:id vsd 0.4 ,M0:id vsd 0.5 ,M0:id vsd 0.6 ,M0:id vsd 0.7 ,M0:id vsd 0.8 ,M0:id vsd 0.9 ,M0:id vsd 1 ,M0:id vsd 1.1 ,M0:id vsd 1.2 ,M0:gmoverid vsd 0 ,M0:gmoverid vsd 0.1 ,M0:gmoverid vsd 0.2 ,M0:gmoverid vsd 0.3 ,M0:gmoverid vsd 0.4 ,M0:gmoverid vsd 0.5 ,M0:gmoverid vsd 0.6 ,M0:gmoverid vsd 0.7 ,M0:gmoverid vsd 0.8 ,M0:gmoverid vsd 0.9 ,M0:gmoverid vsd 1 ,M0:gmoverid vsd 1.1 ,M0:gmoverid vsd 1.2 ,M0:gmbs vsd 0 ,M0:gmbs vsd 0.1 ,M0:gmbs vsd 0.2 ,M0:gmbs vsd 0.3 ,M0:gmbs vsd 0.4 ,M0:gmbs vsd 0.5 ,M0:gmbs vsd 0.6 ,M0:gmbs vsd 0.7 ,M0:gmbs vsd 0.8 ,M0:gmbs vsd 0.9 ,M0:gmbs vsd 1 ,M0:gmbs vsd 1.1 ,M0:gmbs vsd 1.2 ,M0:gm vsd 0 ,M0:gm vsd 0.1 ,M0:gm vsd 0.2 ,M0:gm vsd 0.3 ,M0:gm vsd 0.4 ,M0:gm vsd 0.5 ,M0:gm vsd 0.6 ,M0:gm vsd 0.7 ,M0:gm vsd 0.8 ,M0:gm vsd 0.9 ,M0:gm vsd 1 ,M0:gm vsd 1.1 ,M0:gm vsd 1.2 ,M0:gds vsd 0 ,M0:gds vsd 0.1 ,M0:gds vsd 0.2 ,M0:gds vsd 0.3 ,M0:gds vsd 0.4 ,M0:gds vsd 0.5 ,M0:gds vsd 0.6 ,M0:gds vsd 0.7 ,M0:gds vsd 0.8 ,M0:gds vsd 0.9 ,M0:gds vsd 1 ,M0:gds vsd 1.1 ,M0:gds vsd 1.2 ,M0:ft vsd 0 ,M0:ft vsd 0.1 ,M0:ft vsd 0.2 ,M0:ft vsd 0.3 ,M0:ft vsd 0.4 ,M0:ft vsd 0.5 ,M0:ft vsd 0.6 ,M0:ft vsd 0.7 ,M0:ft vsd 0.8 ,M0:ft vsd 0.9 ,M0:ft vsd 1 ,M0:ft vsd 1.1 ,M0:ft vsd 1.2 ,M0:csb vsd 0 ,M0:csb vsd 0.1 ,M0:csb vsd 0.2 ,M0:csb vsd 0.3 ,M0:csb vsd 0.4 ,M0:csb vsd 0.5 ,M0:csb vsd 0.6 ,M0:csb vsd 0.7 ,M0:csb vsd 0.8 ,M0:csb vsd 0.9 ,M0:csb vsd 1 ,M0:csb vsd 1.1 ,M0:csb vsd 1.2 ,M0:cgs vsd 0 ,M0:cgs vsd 0.1 ,M0:cgs vsd 0.2 ,M0:cgs vsd 0.3 ,M0:cgs vsd 0.4 ,M0:cgs vsd 0.5 ,M0:cgs vsd 0.6 ,M0:cgs vsd 0.7 ,M0:cgs vsd 0.8 ,M0:cgs vsd 0.9 ,M0:cgs vsd 1 ,M0:cgs vsd 1.1 ,M0:cgs vsd 1.2 ,M0:cgd vsd 0 ,M0:cgd vsd 0.1 ,M0:cgd vsd 0.2 ,M0:cgd vsd 0.3 ,M0:cgd vsd 0.4 ,M0:cgd vsd 0.5 ,M0:cgd vsd 0.6 ,M0:cgd vsd 0.7 ,M0:cgd vsd 0.8 ,M0:cgd vsd 0.9 ,M0:cgd vsd 1 ,M0:cgd vsd 1.1 ,M0:cgd vsd 1.2 ,M0:cdb vsd 0 ,M0:cdb vsd 0.1 ,M0:cdb vsd 0.2 ,M0:cdb vsd 0.3 ,M0:cdb vsd 0.4 ,M0:cdb vsd 0.5 ,M0:cdb vsd 0.6 ,M0:cdb vsd 0.7 ,M0:cdb vsd 0.8 ,M0:cdb vsd 0.9 ,M0:cdb vsd 1 ,M0:cdb vsd 1.1 ,M0:cdb vsd 1.2 
0.000,0.000,319.9E-3,516.3E-3,549.9E-3,568.5E-3,580.2E-3,588.0E-3,593.6E-3,597.8E-3,601.0E-3,603.6E-3,605.6E-3,607.3E-3,-84.35E-3,-84.40E-3,-84.42E-3,-84.43E-3,-84.44E-3,-84.45E-3,-84.46E-3,-84.47E-3,-84.48E-3,-84.49E-3,-84.50E-3,-84.51E-3,-84.52E-3,0.000,9.572,15.45,16.46,17.02,17.37,17.61,17.78,17.91,18.01,18.09,18.16,18.21,0.000,0.000,0.000,0.000,0.000,0.000,0.000,0.000,0.000,0.000,0.000,0.000,0.000,-3.541E-12,-24.84E-12,-33.19E-12,-43.28E-12,-56.15E-12,-72.54E-12,-93.28E-12,-119.3E-12,-151.8E-12,-192.8E-12,-248.4E-12,-334.0E-12,-485.8E-12,0.000,29.92,29.92,29.93,29.93,29.94,29.95,29.96,29.96,29.97,29.98,29.98,29.99,0.000,49.45E-12,60.70E-12,71.86E-12,84.35E-12,98.51E-12,114.7E-12,133.2E-12,154.4E-12,178.8E-12,206.8E-12,238.9E-12,275.8E-12,0.000,563.7E-12,704.1E-12,849.0E-12,1.015E-9,1.209E-9,1.434E-9,1.699E-9,2.010E-9,2.376E-9,2.806E-9,3.311E-9,3.905E-9,456.3E-12,58.89E-12,45.58E-12,51.58E-12,59.66E-12,69.57E-12,81.46E-12,95.56E-12,112.2E-12,131.9E-12,155.1E-12,182.3E-12,214.4E-12,0.000,85.46E3,107.8E3,131.0E3,157.6E3,188.5E3,224.7E3,267.0E3,316.8E3,375.2E3,444.0E3,524.9E3,620.1E3,724.3E-18,724.3E-18,724.3E-18,724.3E-18,724.3E-18,724.3E-18,724.3E-18,724.3E-18,724.3E-18,724.3E-18,724.3E-18,724.3E-18,724.3E-18,413.3E-18,413.3E-18,413.3E-18,413.3E-18,413.3E-18,413.3E-18,413.3E-18,413.3E-18,413.3E-18,413.3E-18,413.3E-18,413.3E-18,413.3E-18,413.3E-18,402.7E-18,392.7E-18,384.6E-18,378.2E-18,373.2E-18,369.2E-18,365.8E-18,363.1E-18,360.7E-18,358.7E-18,356.9E-18,355.3E-18,724.3E-18,692.4E-18,664.9E-18,641.0E-18,619.9E-18,601.2E-18,584.5E-18,569.5E-18,555.9E-18,543.6E-18,532.3E-18,521.9E-18,512.4E-18
50.00E-3,0.000,320.2E-3,515.7E-3,548.9E-3,567.4E-3,579.0E-3,586.8E-3,592.4E-3,596.6E-3,599.8E-3,602.4E-3,604.5E-3,606.1E-3,-84.42E-3,-84.48E-3,-84.49E-3,-84.51E-3,-84.52E-3,-84.52E-3,-84.53E-3,-84.54E-3,-84.55E-3,-84.56E-3,-84.57E-3,-84.58E-3,-84.59E-3,0.000,9.606,15.47,16.47,17.03,17.38,17.62,17.79,17.92,18.02,18.10,18.17,18.22,0.000,0.000,0.000,0.000,0.000,0.000,0.000,0.000,0.000,0.000,0.000,0.000,0.000,-3.541E-12,-90.24E-12,-114.9E-12,-141.8E-12,-173.9E-12,-212.7E-12,-259.6E-12,-316.2E-12,-384.6E-12,-467.1E-12,-568.5E-12,-699.8E-12,-887.1E-12,0.000,30.00,30.00,30.01,30.01,30.02,30.03,30.03,30.04,30.04,30.05,30.06,30.06,0.000,219.2E-12,269.0E-12,318.6E-12,374.1E-12,437.1E-12,509.0E-12,591.5E-12,686.1E-12,794.6E-12,919.3E-12,1.062E-9,1.227E-9,0.000,2.528E-9,3.158E-9,3.809E-9,4.556E-9,5.425E-9,6.441E-9,7.633E-9,9.033E-9,10.68E-9,12.61E-9,14.89E-9,17.57E-9,2.044E-9,263.2E-12,204.1E-12,231.2E-12,267.5E-12,312.1E-12,365.6E-12,429.0E-12,504.0E-12,592.5E-12,696.8E-12,819.6E-12,964.2E-12,0.000,381.4E3,481.2E3,585.5E3,705.3E3,844.4E3,1.007E6,1.198E6,1.422E6,1.685E6,1.994E6,2.359E6,2.788E6,724.3E-18,724.3E-18,724.3E-18,724.3E-18,724.3E-18,724.3E-18,724.3E-18,724.3E-18,724.3E-18,724.3E-18,724.3E-18,724.3E-18,724.3E-18,417.9E-18,417.9E-18,417.9E-18,417.9E-18,417.9E-18,417.9E-18,417.9E-18,417.9E-18,417.9E-18,417.9E-18,417.9E-18,417.9E-18,417.9E-18,417.9E-18,408.1E-18,397.5E-18,388.4E-18,381.2E-18,375.6E-18,371.1E-18,367.4E-18,364.4E-18,361.8E-18,359.6E-18,357.7E-18,356.1E-18,724.3E-18,692.4E-18,664.9E-18,641.0E-18,619.9E-18,601.2E-18,584.5E-18,569.5E-18,555.9E-18,543.6E-18,532.3E-18,521.9E-18,512.4E-18
100.0E-3,0.000,320.5E-3,515.1E-3,548.0E-3,566.4E-3,578.0E-3,585.8E-3,591.4E-3,595.5E-3,598.8E-3,601.3E-3,603.4E-3,605.1E-3,-84.49E-3,-84.55E-3,-84.57E-3,-84.58E-3,-84.59E-3,-84.60E-3,-84.61E-3,-84.62E-3,-84.63E-3,-84.63E-3,-84.64E-3,-84.65E-3,-84.66E-3,0.000,9.638,15.49,16.48,17.04,17.39,17.63,17.80,17.93,18.03,18.11,18.18,18.23,0.000,0.000,0.000,0.000,0.000,0.000,0.000,0.000,0.000,0.000,0.000,0.000,0.000,-3.533E-12,-384.3E-12,-482.2E-12,-584.8E-12,-704.0E-12,-843.9E-12,-1.009E-9,-1.205E-9,-1.436E-9,-1.710E-9,-2.035E-9,-2.424E-9,-2.902E-9,0.000,30.07,30.07,30.08,30.08,30.09,30.10,30.10,30.11,30.11,30.12,30.12,30.13,0.000,977.3E-12,1.200E-9,1.421E-9,1.669E-9,1.951E-9,2.273E-9,2.642E-9,3.065E-9,3.552E-9,4.110E-9,4.752E-9,5.488E-9,0.000,11.38E-9,14.21E-9,17.15E-9,20.52E-9,24.44E-9,29.02E-9,34.40E-9,40.72E-9,48.15E-9,56.90E-9,67.18E-9,79.29E-9,9.187E-9,1.180E-9,917.5E-12,1.040E-9,1.204E-9,1.405E-9,1.646E-9,1.933E-9,2.271E-9,2.671E-9,3.142E-9,3.696E-9,4.349E-9,0.000,1.709E6,2.157E6,2.627E6,3.168E6,3.796E6,4.531E6,5.392E6,6.404E6,7.593E6,8.993E6,10.64E6,12.58E6,724.3E-18,724.3E-18,724.3E-18,724.3E-18,724.3E-18,724.3E-18,724.3E-18,724.3E-18,724.3E-18,724.3E-18,724.3E-18,724.3E-18,724.3E-18,421.8E-18,421.8E-18,421.8E-18,421.8E-18,421.8E-18,421.8E-18,421.8E-18,421.8E-18,421.8E-18,421.8E-18,421.8E-18,421.8E-18,421.8E-18,421.8E-18,413.3E-18,402.7E-18,392.7E-18,384.6E-18,378.2E-18,373.2E-18,369.2E-18,365.8E-18,363.1E-18,360.7E-18,358.7E-18,356.9E-18,724.3E-18,692.4E-18,664.9E-18,641.0E-18,619.9E-18,601.2E-18,584.5E-18,569.5E-18,555.9E-18,543.6E-18,532.3E-18,521.9E-18,512.4E-18
150.0E-3,0.000,320.8E-3,514.7E-3,547.2E-3,565.5E-3,577.1E-3,584.9E-3,590.5E-3,594.6E-3,597.9E-3,600.5E-3,602.6E-3,604.3E-3,-84.57E-3,-84.62E-3,-84.64E-3,-84.65E-3,-84.66E-3,-84.67E-3,-84.68E-3,-84.69E-3,-84.70E-3,-84.71E-3,-84.72E-3,-84.73E-3,-84.74E-3,0.000,9.669,15.51,16.50,17.05,17.40,17.64,17.81,17.94,18.04,18.12,18.18,18.24,0.000,0.000,0.000,0.000,0.000,0.000,0.000,0.000,0.000,0.000,0.000,0.000,0.000,-3.514E-12,-1.711E-9,-2.139E-9,-2.584E-9,-3.096E-9,-3.694E-9,-4.394E-9,-5.217E-9,-6.187E-9,-7.328E-9,-8.673E-9,-10.26E-9,-12.14E-9,0.000,30.14,30.14,30.14,30.15,30.15,30.16,30.16,30.17,30.17,30.17,30.18,30.18,0.000,4.381E-9,5.378E-9,6.373E-9,7.487E-9,8.754E-9,10.20E-9,11.86E-9,13.77E-9,15.96E-9,18.47E-9,21.36E-9,24.67E-9,0.000,51.38E-9,64.18E-9,77.44E-9,92.68E-9,110.4E-9,131.2E-9,155.5E-9,184.1E-9,217.8E-9,257.4E-9,303.9E-9,358.8E-9,41.45E-9,5.314E-9,4.137E-9,4.695E-9,5.436E-9,6.346E-9,7.437E-9,8.732E-9,10.26E-9,12.07E-9,14.20E-9,16.71E-9,19.67E-9,0.000,7.692E6,9.698E6,11.82E6,14.27E6,17.12E6,20.45E6,24.36E6,28.94E6,34.33E6,40.68E6,48.14E6,56.93E6,724.3E-18,724.3E-18,724.3E-18,724.3E-18,724.3E-18,724.3E-18,724.3E-18,724.3E-18,724.3E-18,724.3E-18,724.3E-18,724.3E-18,724.3E-18,425.0E-18,425.0E-18,425.0E-18,425.0E-18,425.0E-18,425.0E-18,425.0E-18,425.0E-18,425.0E-18,425.0E-18,425.0E-18,425.0E-18,425.0E-18,425.0E-18,417.9E-18,408.1E-18,397.5E-18,388.4E-18,381.2E-18,375.6E-18,371.1E-18,367.4E-18,364.4E-18,361.8E-18,359.6E-18,357.7E-18,724.3E-18,692.4E-18,664.9E-18,641.0E-18,619.9E-18,601.2E-18,584.5E-18,569.5E-18,555.9E-18,543.6E-18,532.3E-18,521.9E-18,512.4E-18
200.0E-3,0.000,321.2E-3,514.4E-3,546.7E-3,564.9E-3,576.5E-3,584.3E-3,589.9E-3,594.2E-3,597.5E-3,600.2E-3,602.4E-3,604.3E-3,-84.64E-3,-84.69E-3,-84.71E-3,-84.72E-3,-84.73E-3,-84.74E-3,-84.75E-3,-84.76E-3,-84.78E-3,-84.79E-3,-84.80E-3,-84.81E-3,-84.82E-3,0.000,9.697,15.53,16.51,17.06,17.41,17.65,17.82,17.95,18.05,18.13,18.19,18.24,0.000,0.000,0.000,0.000,0.000,0.000,0.000,3.000,3.000,3.000,3.000,3.000,3.000,-3.483E-12,-7.710E-9,-9.633E-9,-11.63E-9,-13.92E-9,-16.59E-9,-19.72E-9,-23.38E-9,-27.70E-9,-32.77E-9,-38.74E-9,-45.76E-9,-54.03E-9,0.000,30.19,30.19,30.19,30.20,30.20,30.20,30.20,30.20,30.20,30.20,30.20,30.19,0.000,19.73E-9,24.22E-9,28.70E-9,33.73E-9,39.44E-9,45.97E-9,53.46E-9,62.05E-9,71.92E-9,83.26E-9,96.27E-9,111.2E-9,0.000,232.6E-9,290.6E-9,350.6E-9,419.7E-9,500.1E-9,594.1E-9,704.4E-9,834.0E-9,986.3E-9,1.165E-6,1.376E-6,1.624E-6,187.5E-9,23.99E-9,18.71E-9,21.24E-9,24.60E-9,28.72E-9,33.67E-9,39.53E-9,46.47E-9,54.65E-9,64.30E-9,75.65E-9,89.02E-9,0.000,34.72E6,43.72E6,53.29E6,64.40E6,77.33E6,92.44E6,110.2E6,130.9E6,155.4E6,184.1E6,217.9E6,257.6E6,724.4E-18,724.4E-18,724.4E-18,724.4E-18,724.4E-18,724.4E-18,724.4E-18,724.4E-18,724.4E-18,724.4E-18,724.4E-18,724.4E-18,724.4E-18,428.5E-18,428.5E-18,428.5E-18,428.5E-18,428.5E-18,428.5E-18,428.5E-18,428.5E-18,428.5E-18,428.5E-18,428.5E-18,428.5E-18,428.5E-18,428.5E-18,421.8E-18,413.3E-18,402.7E-18,392.7E-18,384.6E-18,378.2E-18,373.2E-18,369.2E-18,365.8E-18,363.1E-18,360.7E-18,358.7E-18,724.4E-18,692.4E-18,665.0E-18,641.0E-18,620.0E-18,601.3E-18,584.6E-18,569.6E-18,556.0E-18,543.6E-18,532.3E-18,522.0E-18,512.4E-18
250.0E-3,0.000,321.5E-3,514.6E-3,546.8E-3,565.1E-3,576.9E-3,585.0E-3,590.9E-3,595.5E-3,599.2E-3,602.4E-3,605.1E-3,607.6E-3,-84.72E-3,-84.78E-3,-84.80E-3,-84.81E-3,-84.82E-3,-84.83E-3,-84.85E-3,-84.86E-3,-84.88E-3,-84.89E-3,-84.91E-3,-84.93E-3,-84.95E-3,0.000,9.714,15.54,16.51,17.06,17.41,17.65,17.82,17.95,18.05,18.13,18.19,18.24,3.000,3.000,3.000,3.000,3.000,3.000,3.000,3.000,3.000,3.000,3.000,3.000,3.000,-3.437E-12,-34.90E-9,-43.58E-9,-52.59E-9,-62.95E-9,-74.99E-9,-89.08E-9,-105.6E-9,-125.0E-9,-147.8E-9,-174.5E-9,-206.0E-9,-243.0E-9,0.000,30.21,30.21,30.20,30.19,30.18,30.17,30.16,30.14,30.12,30.09,30.07,30.03,0.000,89.07E-9,109.3E-9,129.5E-9,152.2E-9,177.9E-9,207.2E-9,240.8E-9,279.3E-9,323.4E-9,373.9E-9,431.7E-9,497.8E-9,0.000,1.054E-6,1.316E-6,1.588E-6,1.900E-6,2.262E-6,2.686E-6,3.183E-6,3.765E-6,4.448E-6,5.249E-6,6.188E-6,7.289E-6,849.6E-9,108.5E-9,84.68E-9,96.15E-9,111.3E-9,129.9E-9,152.2E-9,178.6E-9,209.7E-9,246.4E-9,289.5E-9,340.1E-9,399.5E-9,0.000,156.2E6,196.2E6,238.9E6,288.8E6,346.9E6,414.7E6,494.1E6,587.0E6,696.0E6,823.8E6,973.7E6,1.149E9,725.1E-18,724.9E-18,724.8E-18,724.8E-18,724.8E-18,724.8E-18,724.8E-18,724.8E-18,724.8E-18,724.8E-18,724.8E-18,724.8E-18,724.8E-18,437.7E-18,438.0E-18,438.1E-18,438.1E-18,438.1E-18,438.1E-18,438.1E-18,438.1E-18,438.1E-18,438.1E-18,438.1E-18,438.1E-18,438.1E-18,437.7E-18,424.8E-18,417.9E-18,408.1E-18,397.5E-18,388.4E-18,381.2E-18,375.6E-18,371.1E-18,367.4E-18,364.4E-18,361.8E-18,359.6E-18,725.1E-18,692.7E-18,665.2E-18,641.3E-18,620.2E-18,601.5E-18,584.8E-18,569.8E-18,556.2E-18,543.9E-18,532.6E-18,522.2E-18,512.7E-18
300.0E-3,0.000,322.0E-3,517.0E-3,549.9E-3,569.1E-3,581.8E-3,591.0E-3,598.1E-3,604.1E-3,609.4E-3,614.3E-3,619.1E-3,623.9E-3,-84.84E-3,-84.90E-3,-84.92E-3,-84.94E-3,-84.97E-3,-84.99E-3,-85.02E-3,-85.05E-3,-85.09E-3,-85.13E-3,-85.17E-3,-85.22E-3,-85.28E-3,0.000,9.685,15.54,16.50,17.05,17.40,17.64,17.81,17.94,18.03,18.11,18.17,18.22,3.000,3.000,3.000,3.000,3.000,3.000,3.000,3.000,3.000,3.000,3.000,3.000,3.000,-3.373E-12,-157.7E-9,-196.8E-9,-237.2E-9,-283.6E-9,-337.4E-9,-400.1E-9,-473.4E-9,-559.1E-9,-659.3E-9,-776.4E-9,-913.0E-9,-1.072E-6,0.000,30.08,30.05,30.01,29.97,29.91,29.85,29.78,29.69,29.59,29.48,29.35,29.21,0.000,400.0E-9,490.1E-9,579.6E-9,679.3E-9,791.8E-9,919.5E-9,1.064E-6,1.229E-6,1.416E-6,1.627E-6,1.866E-6,2.135E-6,0.000,4.744E-6,5.914E-6,7.120E-6,8.499E-6,10.09E-6,11.94E-6,14.09E-6,16.60E-6,19.51E-6,22.88E-6,26.79E-6,31.31E-6,3.829E-6,489.8E-9,380.7E-9,431.4E-9,498.4E-9,579.9E-9,677.0E-9,791.4E-9,925.4E-9,1.082E-6,1.263E-6,1.474E-6,1.718E-6,0.000,677.4E6,848.8E6,1.030E9,1.241E9,1.487E9,1.773E9,2.106E9,2.491E9,2.939E9,3.459E9,4.060E9,4.756E9,728.9E-18,727.4E-18,727.4E-18,727.4E-18,727.4E-18,727.4E-18,727.4E-18,727.4E-18,727.4E-18,727.4E-18,727.4E-18,727.4E-18,727.4E-18,480.4E-18,482.7E-18,482.8E-18,482.7E-18,482.7E-18,482.7E-18,482.7E-18,482.7E-18,482.7E-18,482.7E-18,482.7E-18,482.7E-18,482.7E-18,480.4E-18,427.5E-18,421.8E-18,413.3E-18,402.7E-18,392.7E-18,384.6E-18,378.2E-18,373.2E-18,369.2E-18,365.8E-18,363.1E-18,360.7E-18,728.9E-18,694.1E-18,666.6E-18,642.7E-18,621.6E-18,602.9E-18,586.2E-18,571.2E-18,557.6E-18,545.2E-18,533.9E-18,523.6E-18,514.0E-18
350.0E-3,0.000,322.4E-3,527.8E-3,564.4E-3,587.1E-3,603.4E-3,616.3E-3,627.5E-3,637.9E-3,648.0E-3,658.1E-3,668.3E-3,678.9E-3,-85.11E-3,-85.19E-3,-85.25E-3,-85.31E-3,-85.38E-3,-85.46E-3,-85.55E-3,-85.66E-3,-85.78E-3,-85.91E-3,-86.07E-3,-86.25E-3,-86.45E-3,0.000,9.467,15.44,16.43,16.99,17.34,17.57,17.74,17.87,17.96,18.03,18.09,18.14,3.000,3.000,3.000,3.000,3.000,3.000,3.000,3.000,3.000,3.000,3.000,3.000,3.000,-3.286E-12,-700.0E-9,-870.9E-9,-1.045E-6,-1.243E-6,-1.471E-6,-1.733E-6,-2.035E-6,-2.383E-6,-2.784E-6,-3.245E-6,-3.773E-6,-4.377E-6,0.000,29.37,29.26,29.11,28.93,28.73,28.51,28.27,28.01,27.72,27.40,27.07,26.72,0.000,1.731E-6,2.109E-6,2.474E-6,2.872E-6,3.311E-6,3.799E-6,4.339E-6,4.935E-6,5.592E-6,6.313E-6,7.101E-6,7.956E-6,0.000,20.56E-6,25.49E-6,30.43E-6,35.97E-6,42.26E-6,49.40E-6,57.52E-6,66.74E-6,77.16E-6,88.92E-6,102.1E-6,116.9E-6,16.73E-6,2.171E-6,1.650E-6,1.852E-6,2.118E-6,2.437E-6,2.811E-6,3.242E-6,3.736E-6,4.296E-6,4.931E-6,5.645E-6,6.447E-6,0.000,2.561E9,3.192E9,3.832E9,4.566E9,5.409E9,6.371E9,7.462E9,8.697E9,10.09E9,11.67E9,13.43E9,15.41E9,742.8E-18,737.4E-18,737.3E-18,737.3E-18,737.3E-18,737.3E-18,737.3E-18,737.3E-18,737.3E-18,737.3E-18,737.3E-18,737.3E-18,737.3E-18,639.1E-18,658.1E-18,658.6E-18,658.6E-18,658.6E-18,658.6E-18,658.6E-18,658.6E-18,658.6E-18,658.6E-18,658.6E-18,658.6E-18,658.6E-18,639.1E-18,432.4E-18,424.8E-18,417.9E-18,408.1E-18,397.5E-18,388.4E-18,381.2E-18,375.6E-18,371.1E-18,367.4E-18,364.4E-18,361.8E-18,742.8E-18,699.8E-18,672.1E-18,648.2E-18,627.1E-18,608.4E-18,591.7E-18,576.7E-18,563.1E-18,550.8E-18,539.5E-18,529.1E-18,519.6E-18
400.0E-3,0.000,320.1E-3,562.4E-3,610.7E-3,642.1E-3,666.4E-3,687.0E-3,705.8E-3,723.8E-3,741.6E-3,759.5E-3,777.7E-3,796.5E-3,-86.06E-3,-86.19E-3,-86.38E-3,-86.60E-3,-86.85E-3,-87.13E-3,-87.44E-3,-87.80E-3,-88.19E-3,-88.63E-3,-89.11E-3,-89.65E-3,-90.23E-3,0.000,8.662,15.10,16.19,16.78,17.15,17.39,17.57,17.70,17.80,17.88,17.94,17.98,3.000,3.000,3.000,3.000,3.000,3.000,3.000,3.000,3.000,3.000,3.000,3.000,3.000,-3.165E-12,-2.894E-6,-3.572E-6,-4.233E-6,-4.965E-6,-5.784E-6,-6.705E-6,-7.740E-6,-8.902E-6,-10.20E-6,-11.66E-6,-13.28E-6,-15.08E-6,0.000,27.06,26.85,26.50,26.13,25.73,25.32,24.89,24.45,24.00,23.54,23.06,22.58,0.000,6.586E-6,7.925E-6,9.105E-6,10.34E-6,11.64E-6,13.02E-6,14.49E-6,16.05E-6,17.69E-6,19.42E-6,21.21E-6,23.07E-6,0.000,78.30E-6,95.91E-6,112.2E-6,129.7E-6,148.8E-6,169.8E-6,192.7E-6,217.7E-6,244.9E-6,274.4E-6,306.2E-6,340.4E-6,65.75E-6,9.039E-6,6.351E-6,6.932E-6,7.732E-6,8.680E-6,9.760E-6,10.97E-6,12.30E-6,13.76E-6,15.35E-6,17.07E-6,18.93E-6,0.000,7.756E9,9.621E9,11.29E9,13.13E9,15.17E9,17.41E9,19.87E9,22.54E9,25.44E9,28.58E9,31.96E9,35.60E9,766.2E-18,755.7E-18,755.2E-18,755.2E-18,755.2E-18,755.2E-18,755.2E-18,755.2E-18,755.2E-18,755.2E-18,755.2E-18,755.2E-18,755.2E-18,915.6E-18,998.6E-18,1.001E-15,1.001E-15,1.001E-15,1.001E-15,1.001E-15,1.001E-15,1.001E-15,1.001E-15,1.001E-15,1.001E-15,1.001E-15,915.6E-18,451.8E-18,427.4E-18,421.8E-18,413.3E-18,402.7E-18,392.7E-18,384.6E-18,378.2E-18,373.2E-18,369.2E-18,365.8E-18,363.1E-18,766.2E-18,712.0E-18,683.4E-18,659.4E-18,638.3E-18,619.7E-18,603.0E-18,587.9E-18,574.3E-18,562.0E-18,550.7E-18,540.3E-18,530.8E-18
450.0E-3,0.000,299.7E-3,628.7E-3,702.3E-3,749.3E-3,786.6E-3,819.2E-3,849.6E-3,879.0E-3,908.2E-3,937.7E-3,967.6E-3,998.1E-3,-89.27E-3,-89.56E-3,-90.09E-3,-90.70E-3,-91.38E-3,-92.12E-3,-92.92E-3,-93.77E-3,-94.68E-3,-95.65E-3,-96.67E-3,-97.76E-3,-98.89E-3,0.000,6.860,14.33,15.70,16.38,16.81,17.09,17.29,17.44,17.56,17.65,17.72,17.77,3.000,3.000,3.000,3.000,3.000,3.000,3.000,3.000,3.000,2.000,2.000,2.000,2.000,-2.982E-12,-10.15E-6,-12.42E-6,-14.42E-6,-16.54E-6,-18.84E-6,-21.34E-6,-24.05E-6,-27.00E-6,-30.20E-6,-33.66E-6,-37.38E-6,-41.38E-6,0.000,22.89,22.80,22.35,21.87,21.37,20.87,20.36,19.85,19.33,18.82,18.31,17.81,0.000,19.50E-6,23.32E-6,26.07E-6,28.72E-6,31.37E-6,34.02E-6,36.68E-6,39.34E-6,41.98E-6,44.59E-6,47.16E-6,49.65E-6,0.000,232.2E-6,283.0E-6,322.2E-6,361.7E-6,402.6E-6,445.3E-6,489.7E-6,535.9E-6,583.8E-6,633.4E-6,684.4E-6,736.8E-6,209.4E-6,33.85E-6,19.75E-6,20.53E-6,22.08E-6,23.95E-6,26.05E-6,28.31E-6,30.72E-6,33.25E-6,35.89E-6,38.63E-6,41.46E-6,0.000,18.83E9,23.89E9,27.30E9,30.77E9,34.43E9,38.29E9,42.32E9,46.50E9,50.81E9,55.26E9,59.83E9,64.52E9,784.9E-18,772.3E-18,770.3E-18,770.2E-18,770.2E-18,770.2E-18,770.2E-18,770.2E-18,770.2E-18,770.2E-18,770.2E-18,770.2E-18,770.2E-18,1.148E-15,1.308E-15,1.322E-15,1.321E-15,1.321E-15,1.321E-15,1.321E-15,1.321E-15,1.321E-15,1.321E-15,1.321E-15,1.321E-15,1.321E-15,1.148E-15,528.4E-18,431.2E-18,425.0E-18,418.0E-18,408.1E-18,397.5E-18,388.4E-18,381.2E-18,375.6E-18,371.1E-18,367.4E-18,364.4E-18,784.9E-18,726.8E-18,694.4E-18,670.2E-18,649.1E-18,630.4E-18,613.7E-18,598.7E-18,585.1E-18,572.8E-18,561.5E-18,551.1E-18,541.6E-18
500.0E-3,0.000,245.6E-3,715.6E-3,845.8E-3,921.1E-3,979.6E-3,1.030,1.077,1.121,1.164,1.207,1.250,1.293,-97.09E-3,-97.62E-3,-98.64E-3,-99.80E-3,-101.0E-3,-102.3E-3,-103.6E-3,-105.0E-3,-106.5E-3,-107.9E-3,-109.4E-3,-111.0E-3,-112.6E-3,0.000,4.331,12.88,14.86,15.75,16.28,16.63,16.88,17.07,17.21,17.32,17.41,17.48,1.000,2.000,2.000,2.000,2.000,2.000,2.000,2.000,2.000,2.000,2.000,2.000,2.000,-2.693E-12,-28.00E-6,-34.45E-6,-39.11E-6,-43.79E-6,-48.64E-6,-53.72E-6,-59.07E-6,-64.69E-6,-70.61E-6,-76.82E-6,-83.33E-6,-90.14E-6,0.000,17.63,18.00,17.57,17.10,16.62,16.14,15.68,15.22,14.78,14.35,13.93,13.52,0.000,41.50E-6,50.90E-6,55.36E-6,59.16E-6,62.65E-6,65.91E-6,68.98E-6,71.85E-6,74.54E-6,77.05E-6,79.36E-6,81.48E-6,0.000,493.6E-6,620.0E-6,687.2E-6,748.6E-6,808.2E-6,867.3E-6,926.1E-6,984.8E-6,1.044E-3,1.102E-3,1.161E-3,1.219E-3,506.3E-6,114.0E-6,48.14E-6,46.24E-6,47.53E-6,49.65E-6,52.15E-6,54.86E-6,57.71E-6,60.64E-6,63.63E-6,66.67E-6,69.74E-6,0.000,34.22E9,46.93E9,52.44E9,57.31E9,62.14E9,67.03E9,71.93E9,76.79E9,81.63E9,86.42E9,91.19E9,95.93E9,796.3E-18,785.1E-18,780.0E-18,779.7E-18,779.6E-18,779.6E-18,779.6E-18,779.6E-18,779.6E-18,779.6E-18,779.6E-18,779.6E-18,779.6E-18,1.298E-15,1.493E-15,1.546E-15,1.543E-15,1.542E-15,1.542E-15,1.542E-15,1.542E-15,1.542E-15,1.542E-15,1.542E-15,1.542E-15,1.542E-15,1.298E-15,705.0E-18,443.2E-18,428.1E-18,422.0E-18,413.3E-18,402.7E-18,392.8E-18,384.6E-18,378.2E-18,373.2E-18,369.2E-18,365.8E-18,796.3E-18,742.4E-18,702.6E-18,677.7E-18,656.5E-18,637.8E-18,621.1E-18,606.1E-18,592.5E-18,580.2E-18,568.9E-18,558.5E-18,549.0E-18
550.0E-3,0.000,188.5E-3,775.8E-3,1.022,1.145,1.234,1.308,1.373,1.434,1.492,1.548,1.604,1.658,-110.1E-3,-110.8E-3,-112.2E-3,-113.8E-3,-115.5E-3,-117.2E-3,-118.9E-3,-120.6E-3,-122.4E-3,-124.2E-3,-126.0E-3,-127.9E-3,-129.7E-3,0.000,2.378,10.52,13.60,14.83,15.54,16.00,16.32,16.57,16.76,16.90,17.02,17.12,1.000,1.000,2.000,2.000,2.000,2.000,2.000,2.000,2.000,2.000,2.000,2.000,2.000,-2.258E-12,-59.34E-6,-75.51E-6,-84.24E-6,-92.35E-6,-100.4E-6,-108.6E-6,-117.1E-6,-125.7E-6,-134.6E-6,-143.7E-6,-153.1E-6,-162.8E-6,0.000,12.62,13.56,13.31,12.95,12.59,12.23,11.89,11.55,11.23,10.92,10.62,10.32,0.000,63.41E-6,83.72E-6,89.78E-6,93.93E-6,97.34E-6,100.3E-6,102.8E-6,105.1E-6,107.0E-6,108.6E-6,110.0E-6,111.2E-6,0.000,748.7E-6,1.024E-3,1.121E-3,1.196E-3,1.265E-3,1.329E-3,1.392E-3,1.452E-3,1.511E-3,1.569E-3,1.625E-3,1.681E-3,945.3E-6,314.8E-6,97.33E-6,82.43E-6,80.65E-6,81.39E-6,83.09E-6,85.25E-6,87.65E-6,90.19E-6,92.81E-6,95.48E-6,98.19E-6,0.000,46.25E9,71.56E9,79.98E9,85.71E9,90.94E9,96.04E9,101.0E9,105.9E9,110.5E9,115.1E9,119.4E9,123.7E9,803.4E-18,794.8E-18,786.8E-18,785.7E-18,785.6E-18,785.5E-18,785.5E-18,785.5E-18,785.5E-18,785.5E-18,785.5E-18,785.5E-18,785.5E-18,1.395E-15,1.584E-15,1.698E-15,1.695E-15,1.693E-15,1.692E-15,1.692E-15,1.692E-15,1.691E-15,1.691E-15,1.691E-15,1.691E-15,1.691E-15,1.395E-15,917.4E-18,480.5E-18,433.4E-18,425.6E-18,418.2E-18,408.1E-18,397.6E-18,388.5E-18,381.2E-18,375.6E-18,371.1E-18,367.4E-18,803.4E-18,755.8E-18,709.8E-18,683.0E-18,661.5E-18,642.7E-18,626.0E-18,611.0E-18,597.4E-18,585.0E-18,573.8E-18,563.4E-18,553.8E-18
600.0E-3,0.000,158.1E-3,750.5E-3,1.180,1.383,1.516,1.620,1.709,1.790,1.865,1.936,2.005,2.071,-126.8E-3,-127.7E-3,-129.3E-3,-131.2E-3,-133.1E-3,-135.0E-3,-137.0E-3,-138.9E-3,-140.9E-3,-142.9E-3,-144.9E-3,-147.0E-3,-149.0E-3,0.000,1.428,7.630,11.95,13.68,14.62,15.23,15.66,15.98,16.22,16.42,16.58,16.70,1.000,1.000,2.000,2.000,2.000,2.000,2.000,2.000,2.000,2.000,2.000,2.000,2.000,-1.641E-12,-101.3E-6,-136.0E-6,-150.6E-6,-162.7E-6,-174.3E-6,-185.8E-6,-197.2E-6,-208.8E-6,-220.5E-6,-232.4E-6,-244.5E-6,-256.8E-6,0.000,9.034,10.17,10.12,9.895,9.648,9.402,9.161,8.926,8.700,8.480,8.268,8.064,0.000,78.76E-6,112.7E-6,121.2E-6,125.4E-6,128.3E-6,130.5E-6,132.2E-6,133.5E-6,134.4E-6,135.0E-6,135.4E-6,135.4E-6,0.000,914.8E-6,1.383E-3,1.524E-3,1.610E-3,1.682E-3,1.746E-3,1.807E-3,1.864E-3,1.919E-3,1.971E-3,2.022E-3,2.071E-3,1.466E-3,640.6E-6,181.2E-6,127.5E-6,117.7E-6,115.0E-6,114.7E-6,115.4E-6,116.7E-6,118.3E-6,120.1E-6,122.0E-6,124.0E-6,0.000,52.37E9,89.83E9,103.4E9,110.2E9,115.5E9,120.5E9,125.2E9,129.8E9,134.1E9,138.1E9,142.0E9,145.7E9,808.0E-18,801.7E-18,792.6E-18,790.0E-18,789.6E-18,789.5E-18,789.5E-18,789.5E-18,789.5E-18,789.5E-18,789.5E-18,789.5E-18,789.5E-18,1.462E-15,1.630E-15,1.798E-15,1.805E-15,1.801E-15,1.800E-15,1.799E-15,1.799E-15,1.799E-15,1.799E-15,1.799E-15,1.799E-15,1.798E-15,1.462E-15,1.091E-15,566.9E-18,445.5E-18,429.8E-18,422.6E-18,413.5E-18,402.8E-18,392.8E-18,384.6E-18,378.2E-18,373.2E-18,369.2E-18,808.0E-18,765.0E-18,717.8E-18,687.2E-18,665.2E-18,646.2E-18,629.5E-18,614.4E-18,600.8E-18,588.5E-18,577.2E-18,566.8E-18,557.3E-18
650.0E-3,0.000,144.1E-3,652.9E-3,1.274,1.597,1.795,1.941,2.062,2.167,2.263,2.352,2.436,2.517,-145.8E-3,-146.8E-3,-148.6E-3,-150.6E-3,-152.7E-3,-154.8E-3,-156.9E-3,-159.0E-3,-161.1E-3,-163.3E-3,-165.4E-3,-167.6E-3,-169.8E-3,0.000,962.9E-3,5.030,10.00,12.34,13.58,14.36,14.91,15.31,15.63,15.87,16.07,16.24,1.000,1.000,2.000,2.000,2.000,2.000,2.000,2.000,2.000,2.000,2.000,2.000,2.000,-799.4E-15,-149.3E-6,-211.8E-6,-235.1E-6,-251.9E-6,-267.1E-6,-281.8E-6,-296.2E-6,-310.5E-6,-324.8E-6,-339.2E-6,-353.6E-6,-368.2E-6,0.000,6.682,7.704,7.848,7.729,7.568,7.399,7.231,7.066,6.906,6.750,6.599,6.452,0.000,87.77E-6,133.2E-6,145.8E-6,150.4E-6,152.9E-6,154.4E-6,155.2E-6,155.6E-6,155.5E-6,155.2E-6,154.5E-6,153.6E-6,0.000,997.7E-6,1.631E-3,1.845E-3,1.947E-3,2.021E-3,2.085E-3,2.142E-3,2.194E-3,2.243E-3,2.289E-3,2.333E-3,2.375E-3,2.014E-3,1.036E-3,324.4E-6,184.5E-6,157.7E-6,148.8E-6,145.2E-6,143.7E-6,143.3E-6,143.6E-6,144.2E-6,145.2E-6,146.3E-6,0.000,54.34E9,98.96E9,120.0E9,128.7E9,134.3E9,139.0E9,143.5E9,147.6E9,151.5E9,155.1E9,158.5E9,161.7E9,811.2E-18,806.4E-18,797.9E-18,793.5E-18,792.6E-18,792.5E-18,792.4E-18,792.4E-18,792.4E-18,792.4E-18,792.4E-18,792.4E-18,792.4E-18,1.510E-15,1.657E-15,1.850E-15,1.889E-15,1.884E-15,1.881E-15,1.880E-15,1.879E-15,1.879E-15,1.879E-15,1.879E-15,1.879E-15,1.879E-15,1.510E-15,1.217E-15,703.7E-18,472.4E-18,436.4E-18,426.9E-18,418.7E-18,408.3E-18,397.7E-18,388.5E-18,381.3E-18,375.6E-18,371.1E-18,811.2E-18,771.1E-18,726.3E-18,691.5E-18,668.2E-18,649.0E-18,632.1E-18,617.0E-18,603.4E-18,591.0E-18,579.7E-18,569.4E-18,559.8E-18
700.0E-3,0.000,135.5E-3,543.7E-3,1.279,1.759,2.047,2.251,2.412,2.550,2.671,2.783,2.886,2.984,-166.3E-3,-167.4E-3,-169.3E-3,-171.5E-3,-173.7E-3,-175.9E-3,-178.1E-3,-180.4E-3,-182.6E-3,-184.9E-3,-187.2E-3,-189.5E-3,-191.8E-3,0.000,686.3E-3,3.213,7.938,10.86,12.43,13.41,14.08,14.58,14.97,15.28,15.52,15.72,1.000,1.000,2.000,2.000,2.000,2.000,2.000,2.000,2.000,2.000,2.000,2.000,2.000,324.0E-15,-199.6E-6,-296.8E-6,-333.2E-6,-355.6E-6,-374.7E-6,-392.5E-6,-409.7E-6,-426.5E-6,-443.2E-6,-459.7E-6,-476.2E-6,-492.6E-6,0.000,5.063,5.910,6.205,6.171,6.071,5.956,5.837,5.719,5.603,5.489,5.378,5.270,0.000,91.01E-6,144.4E-6,162.7E-6,168.3E-6,170.6E-6,171.5E-6,171.6E-6,171.2E-6,170.3E-6,169.1E-6,167.6E-6,165.9E-6,0.000,1.011E-3,1.754E-3,2.067E-3,2.195E-3,2.275E-3,2.338E-3,2.392E-3,2.439E-3,2.483E-3,2.523E-3,2.561E-3,2.596E-3,2.549E-3,1.473E-3,545.9E-6,260.5E-6,202.2E-6,183.1E-6,174.4E-6,169.8E-6,167.3E-6,165.9E-6,165.2E-6,165.0E-6,165.1E-6,0.000,53.22E9,100.3E9,129.1E9,140.9E9,147.2E9,151.9E9,156.0E9,159.9E9,163.4E9,166.7E9,169.6E9,172.3E9,813.6E-18,809.7E-18,802.5E-18,796.7E-18,795.1E-18,794.7E-18,794.6E-18,794.6E-18,794.5E-18,794.5E-18,794.5E-18,794.5E-18,794.5E-18,1.545E-15,1.675E-15,1.865E-15,1.950E-15,1.950E-15,1.945E-15,1.943E-15,1.942E-15,1.942E-15,1.942E-15,1.942E-15,1.942E-15,1.941E-15,1.545E-15,1.307E-15,859.2E-18,523.7E-18,448.6E-18,432.0E-18,423.5E-18,414.0E-18,403.0E-18,392.9E-18,384.7E-18,378.3E-18,373.2E-18,813.6E-18,775.2E-18,733.9E-18,696.2E-18,670.9E-18,651.2E-18,634.2E-18,619.1E-18,605.4E-18,593.1E-18,581.8E-18,571.4E-18,561.8E-18
750.0E-3,0.000,129.3E-3,458.9E-3,1.203,1.848,2.254,2.533,2.748,2.926,3.080,3.219,3.346,3.464,-188.1E-3,-189.2E-3,-191.3E-3,-193.6E-3,-195.9E-3,-198.2E-3,-200.5E-3,-202.9E-3,-205.2E-3,-207.6E-3,-210.0E-3,-212.4E-3,-214.8E-3,0.000,505.1E-3,2.106,5.988,9.266,11.18,12.37,13.19,13.79,14.26,14.63,14.92,15.17,1.000,1.000,2.000,2.000,2.000,2.000,2.000,2.000,2.000,2.000,2.000,2.000,2.000,1.800E-12,-249.3E-6,-385.0E-6,-439.8E-6,-469.6E-6,-492.9E-6,-513.9E-6,-533.7E-6,-552.8E-6,-571.5E-6,-589.9E-6,-608.1E-6,-626.2E-6,0.000,3.908,4.589,4.977,5.015,4.962,4.885,4.800,4.714,4.628,4.544,4.460,4.379,0.000,89.74E-6,147.5E-6,171.9E-6,179.3E-6,181.7E-6,182.3E-6,181.9E-6,180.8E-6,179.3E-6,177.4E-6,175.2E-6,172.8E-6,0.000,974.1E-6,1.767E-3,2.189E-3,2.355E-3,2.446E-3,2.510E-3,2.562E-3,2.606E-3,2.645E-3,2.680E-3,2.712E-3,2.742E-3,3.052E-3,1.928E-3,839.0E-6,365.5E-6,254.2E-6,218.7E-6,202.9E-6,194.2E-6,188.9E-6,185.5E-6,183.3E-6,181.7E-6,180.8E-6,0.000,50.06E9,96.58E9,131.0E9,147.1E9,154.8E9,159.7E9,163.7E9,167.3E9,170.5E9,173.5E9,176.1E9,178.4E9,815.3E-18,812.1E-18,806.3E-18,799.8E-18,797.2E-18,796.5E-18,796.3E-18,796.3E-18,796.2E-18,796.2E-18,796.2E-18,796.2E-18,796.2E-18,1.572E-15,1.689E-15,1.861E-15,1.988E-15,2.002E-15,1.998E-15,1.995E-15,1.993E-15,1.992E-15,1.992E-15,1.992E-15,1.992E-15,1.991E-15,1.572E-15,1.374E-15,1.002E-15,604.1E-18,470.2E-18,439.5E-18,428.5E-18,419.4E-18,408.7E-18,397.9E-18,388.6E-18,381.3E-18,375.6E-18,815.3E-18,778.1E-18,740.0E-18,701.5E-18,673.8E-18,653.3E-18,636.0E-18,620.8E-18,607.1E-18,594.7E-18,583.4E-18,573.0E-18,563.4E-18
800.0E-3,0.000,124.5E-3,402.2E-3,1.081,1.854,2.398,2.773,3.055,3.283,3.478,3.651,3.806,3.949,-211.0E-3,-212.1E-3,-214.3E-3,-216.7E-3,-219.1E-3,-221.5E-3,-223.9E-3,-226.4E-3,-228.8E-3,-231.3E-3,-233.8E-3,-236.3E-3,-238.7E-3,0.000,381.7E-3,1.454,4.355,7.656,9.867,11.28,12.24,12.95,13.50,13.93,14.28,14.57,1.000,1.000,1.000,2.000,2.000,2.000,2.000,2.000,2.000,2.000,2.000,2.000,2.000,3.719E-12,-296.3E-6,-471.9E-6,-550.1E-6,-589.5E-6,-617.7E-6,-642.0E-6,-664.4E-6,-685.6E-6,-706.2E-6,-726.2E-6,-745.9E-6,-765.4E-6,0.000,3.067,3.616,4.029,4.130,4.115,4.067,4.008,3.945,3.880,3.816,3.753,3.690,0.000,85.57E-6,144.7E-6,174.0E-6,183.9E-6,186.9E-6,187.4E-6,186.6E-6,185.0E-6,183.0E-6,180.6E-6,177.8E-6,174.8E-6,0.000,908.6E-6,1.706E-3,2.216E-3,2.435E-3,2.542E-3,2.611E-3,2.663E-3,2.705E-3,2.740E-3,2.772E-3,2.799E-3,2.824E-3,3.511E-3,2.380E-3,1.173E-3,508.9E-6,318.0E-6,257.6E-6,231.6E-6,217.5E-6,208.8E-6,203.0E-6,198.9E-6,196.0E-6,193.8E-6,0.000,45.86E9,90.18E9,127.3E9,148.0E9,157.8E9,163.3E9,167.2E9,170.6E9,173.7E9,176.4E9,178.8E9,180.8E9,816.7E-18,813.9E-18,809.2E-18,802.8E-18,799.2E-18,798.1E-18,797.8E-18,797.6E-18,797.6E-18,797.5E-18,797.5E-18,797.5E-18,797.5E-18,1.593E-15,1.698E-15,1.851E-15,2.003E-15,2.042E-15,2.041E-15,2.037E-15,2.035E-15,2.033E-15,2.033E-15,2.032E-15,2.032E-15,2.032E-15,1.593E-15,1.424E-15,1.119E-15,708.4E-18,505.9E-18,451.1E-18,434.3E-18,424.8E-18,414.6E-18,403.4E-18,393.1E-18,384.8E-18,378.4E-18,816.7E-18,780.3E-18,744.5E-18,706.9E-18,677.0E-18,655.3E-18,637.6E-18,622.2E-18,608.4E-18,596.0E-18,584.7E-18,574.3E-18,564.7E-18
850.0E-3,0.000,120.7E-3,365.2E-3,951.4E-3,1.785,2.469,2.957,3.321,3.611,3.855,4.068,4.258,4.430,-234.8E-3,-236.0E-3,-238.2E-3,-240.7E-3,-243.2E-3,-245.7E-3,-248.2E-3,-250.8E-3,-253.3E-3,-255.8E-3,-258.4E-3,-261.0E-3,-263.5E-3,0.000,295.2E-3,1.058,3.123,6.132,8.525,10.14,11.25,12.07,12.70,13.20,13.61,13.95,1.000,1.000,1.000,2.000,2.000,2.000,2.000,2.000,2.000,2.000,2.000,2.000,2.000,6.189E-12,-339.6E-6,-554.5E-6,-659.8E-6,-711.5E-6,-745.7E-6,-773.6E-6,-798.6E-6,-822.0E-6,-844.2E-6,-865.8E-6,-886.8E-6,-907.4E-6,0.000,2.444,2.896,3.283,3.435,3.453,3.429,3.389,3.343,3.294,3.245,3.196,3.148,0.000,79.77E-6,138.0E-6,170.0E-6,182.9E-6,186.8E-6,187.4E-6,186.4E-6,184.6E-6,182.2E-6,179.3E-6,176.2E-6,172.8E-6,0.000,830.1E-6,1.606E-3,2.166E-3,2.444E-3,2.575E-3,2.652E-3,2.706E-3,2.747E-3,2.781E-3,2.810E-3,2.834E-3,2.856E-3,3.923E-3,2.812E-3,1.518E-3,693.5E-6,398.5E-6,302.1E-6,261.7E-6,240.5E-6,227.6E-6,219.0E-6,212.8E-6,208.3E-6,204.8E-6,0.000,41.33E9,82.81E9,119.9E9,144.5E9,156.8E9,163.3E9,167.5E9,170.8E9,173.7E9,176.3E9,178.5E9,180.5E9,817.7E-18,815.3E-18,811.4E-18,805.5E-18,801.2E-18,799.5E-18,799.0E-18,798.8E-18,798.7E-18,798.6E-18,798.6E-18,798.6E-18,798.6E-18,1.610E-15,1.706E-15,1.840E-15,2.001E-15,2.069E-15,2.076E-15,2.072E-15,2.069E-15,2.067E-15,2.067E-15,2.066E-15,2.066E-15,2.065E-15,1.610E-15,1.463E-15,1.212E-15,823.5E-18,558.6E-18,469.3E-18,442.0E-18,430.2E-18,420.4E-18,409.3E-18,398.2E-18,388.8E-18,381.5E-18,817.7E-18,781.9E-18,747.7E-18,711.9E-18,680.5E-18,657.3E-18,639.1E-18,623.4E-18,609.6E-18,597.1E-18,585.7E-18,575.4E-18,565.8E-18
900.0E-3,0.000,117.8E-3,339.7E-3,839.7E-3,1.666,2.465,3.075,3.535,3.899,4.201,4.461,4.691,4.898,-259.5E-3,-260.7E-3,-263.0E-3,-265.5E-3,-268.1E-3,-270.7E-3,-273.3E-3,-275.9E-3,-278.5E-3,-281.1E-3,-283.7E-3,-286.3E-3,-289.0E-3,0.000,232.7E-3,800.2E-3,2.262,4.792,7.209,8.979,10.23,11.16,11.88,12.44,12.91,13.29,1.000,1.000,1.000,2.000,2.000,2.000,2.000,2.000,2.000,2.000,2.000,2.000,2.000,9.348E-12,-378.8E-6,-631.6E-6,-765.4E-6,-832.5E-6,-874.1E-6,-906.1E-6,-933.9E-6,-959.3E-6,-983.2E-6,-1.006E-3,-1.028E-3,-1.050E-3,0.000,1.975,2.356,2.694,2.877,2.925,2.920,2.896,2.863,2.827,2.790,2.751,2.713,0.000,73.20E-6,129.0E-6,161.6E-6,177.0E-6,182.2E-6,183.1E-6,182.2E-6,180.1E-6,177.5E-6,174.4E-6,170.9E-6,167.2E-6,0.000,748.2E-6,1.488E-3,2.062E-3,2.395E-3,2.557E-3,2.646E-3,2.704E-3,2.747E-3,2.780E-3,2.807E-3,2.829E-3,2.849E-3,4.289E-3,3.216E-3,1.859E-3,911.6E-6,499.8E-6,354.6E-6,294.7E-6,264.2E-6,246.1E-6,234.1E-6,225.6E-6,219.2E-6,214.4E-6,0.000,36.86E9,75.32E9,110.7E9,137.7E9,152.8E9,160.6E9,165.3E9,168.7E9,171.5E9,174.0E9,176.2E9,178.0E9,818.6E-18,816.4E-18,813.1E-18,808.0E-18,803.2E-18,800.9E-18,800.0E-18,799.7E-18,799.6E-18,799.5E-18,799.5E-18,799.5E-18,799.5E-18,1.623E-15,1.711E-15,1.829E-15,1.987E-15,2.083E-15,2.103E-15,2.101E-15,2.098E-15,2.096E-15,2.095E-15,2.094E-15,2.093E-15,2.093E-15,1.623E-15,1.495E-15,1.284E-15,936.0E-18,628.4E-18,496.4E-18,453.0E-18,436.4E-18,426.1E-18,415.4E-18,403.8E-18,393.4E-18,385.0E-18,818.6E-18,783.1E-18,750.1E-18,716.2E-18,684.2E-18,659.6E-18,640.5E-18,624.6E-18,610.6E-18,598.0E-18,586.6E-18,576.2E-18,566.7E-18
950.0E-3,0.000,115.5E-3,320.8E-3,753.9E-3,1.524,2.395,3.124,3.688,4.136,4.505,4.820,5.097,5.344,-284.8E-3,-286.1E-3,-288.4E-3,-291.0E-3,-293.7E-3,-296.3E-3,-299.0E-3,-301.6E-3,-304.3E-3,-307.0E-3,-309.7E-3,-312.3E-3,-315.0E-3,0.000,186.4E-3,622.7E-3,1.682,3.694,5.979,7.836,9.210,10.24,11.03,11.67,12.19,12.62,1.000,1.000,1.000,2.000,2.000,2.000,2.000,2.000,2.000,2.000,2.000,2.000,2.000,13.36E-12,-414.0E-6,-702.7E-6,-865.0E-6,-949.9E-6,-1.000E-3,-1.037E-3,-1.068E-3,-1.096E-3,-1.121E-3,-1.146E-3,-1.169E-3,-1.191E-3,0.000,1.614,1.941,2.232,2.424,2.496,2.509,2.497,2.475,2.449,2.420,2.391,2.360,0.000,66.39E-6,118.8E-6,150.4E-6,167.3E-6,173.9E-6,175.4E-6,174.5E-6,172.5E-6,169.7E-6,166.4E-6,162.7E-6,158.8E-6,0.000,668.4E-6,1.364E-3,1.930E-3,2.302E-3,2.497E-3,2.602E-3,2.667E-3,2.712E-3,2.746E-3,2.773E-3,2.794E-3,2.812E-3,4.611E-3,3.586E-3,2.191E-3,1.147E-3,623.3E-6,417.6E-6,332.1E-6,289.6E-6,264.9E-6,248.9E-6,237.6E-6,229.3E-6,222.9E-6,0.000,32.66E9,68.09E9,101.0E9,128.7E9,146.3E9,155.8E9,161.2E9,164.9E9,167.7E9,170.1E9,172.2E9,174.0E9,819.3E-18,817.3E-18,814.4E-18,810.0E-18,805.1E-18,802.2E-18,801.0E-18,800.6E-18,800.3E-18,800.2E-18,800.2E-18,800.2E-18,800.2E-18,1.634E-15,1.715E-15,1.820E-15,1.968E-15,2.085E-15,2.122E-15,2.125E-15,2.123E-15,2.120E-15,2.118E-15,2.117E-15,2.116E-15,2.116E-15,1.634E-15,1.520E-15,1.341E-15,1.037E-15,711.5E-18,534.3E-18,468.6E-18,444.2E-18,431.9E-18,421.5E-18,410.0E-18,398.6E-18,389.1E-18,819.3E-18,784.1E-18,751.9E-18,719.7E-18,687.9E-18,662.0E-18,642.0E-18,625.6E-18,611.5E-18,598.8E-18,587.4E-18,576.9E-18,567.3E-18
1.000,0.000,113.5E-3,305.8E-3,691.3E-3,1.385,2.279,3.106,3.778,4.317,4.762,5.139,5.469,5.761,-310.8E-3,-312.1E-3,-314.5E-3,-317.1E-3,-319.8E-3,-322.5E-3,-325.2E-3,-328.0E-3,-330.7E-3,-333.4E-3,-336.1E-3,-338.8E-3,-341.6E-3,0.000,151.3E-3,494.4E-3,1.292,2.845,4.884,6.742,8.199,9.314,10.18,10.88,11.45,11.93,1.000,1.000,1.000,1.000,2.000,2.000,2.000,2.000,2.000,2.000,2.000,2.000,2.000,18.44E-12,-445.4E-6,-767.5E-6,-957.8E-6,-1.062E-3,-1.123E-3,-1.166E-3,-1.200E-3,-1.230E-3,-1.257E-3,-1.283E-3,-1.307E-3,-1.331E-3,0.000,1.333,1.617,1.869,2.053,2.143,2.170,2.170,2.157,2.139,2.117,2.094,2.070,0.000,59.67E-6,108.1E-6,137.9E-6,155.0E-6,162.7E-6,164.8E-6,164.2E-6,162.2E-6,159.3E-6,155.9E-6,152.2E-6,148.1E-6,0.000,593.5E-6,1.241E-3,1.791E-3,2.180E-3,2.406E-3,2.530E-3,2.604E-3,2.653E-3,2.689E-3,2.716E-3,2.737E-3,2.755E-3,4.894E-3,3.923E-3,2.510E-3,1.386E-3,766.5E-6,492.7E-6,375.2E-6,317.6E-6,284.8E-6,264.0E-6,249.6E-6,239.0E-6,230.9E-6,0.000,28.80E9,61.27E9,91.79E9,118.7E9,138.1E9,149.4E9,155.8E9,159.8E9,162.7E9,165.1E9,167.2E9,169.0E9,819.9E-18,818.0E-18,815.5E-18,811.6E-18,807.0E-18,803.6E-18,802.0E-18,801.3E-18,801.0E-18,800.9E-18,800.8E-18,800.7E-18,800.7E-18,1.643E-15,1.718E-15,1.813E-15,1.947E-15,2.076E-15,2.134E-15,2.144E-15,2.143E-15,2.140E-15,2.138E-15,2.137E-15,2.136E-15,2.135E-15,1.643E-15,1.540E-15,1.386E-15,1.125E-15,801.7E-18,584.0E-18,490.4E-18,454.4E-18,438.3E-18,427.5E-18,416.3E-18,404.4E-18,393.8E-18,819.9E-18,784.9E-18,753.3E-18,722.5E-18,691.5E-18,664.6E-18,643.6E-18,626.7E-18,612.3E-18,599.5E-18,588.0E-18,577.5E-18,567.9E-18
1.050,0.000,111.9E-3,293.5E-3,645.1E-3,1.265,2.138,3.034,3.805,4.439,4.965,5.411,5.799,6.142,-337.3E-3,-338.6E-3,-341.0E-3,-343.7E-3,-346.5E-3,-349.2E-3,-352.0E-3,-354.7E-3,-357.5E-3,-360.2E-3,-363.0E-3,-365.8E-3,-368.6E-3,0.000,124.1E-3,398.7E-3,1.022,2.214,3.954,5.731,7.224,8.405,9.340,10.09,10.72,11.23,1.000,1.000,1.000,1.000,2.000,2.000,2.000,2.000,2.000,2.000,2.000,2.000,2.000,24.82E-12,-473.1E-6,-826.3E-6,-1.044E-3,-1.167E-3,-1.240E-3,-1.290E-3,-1.328E-3,-1.360E-3,-1.390E-3,-1.417E-3,-1.442E-3,-1.466E-3,0.000,1.109,1.358,1.584,1.751,1.849,1.889,1.898,1.893,1.881,1.865,1.848,1.829,0.000,53.21E-6,97.39E-6,125.0E-6,141.1E-6,149.3E-6,152.0E-6,151.7E-6,149.8E-6,147.0E-6,143.6E-6,139.8E-6,135.7E-6,0.000,524.8E-6,1.122E-3,1.654E-3,2.044E-3,2.294E-3,2.436E-3,2.521E-3,2.576E-3,2.614E-3,2.643E-3,2.665E-3,2.682E-3,5.142E-3,4.227E-3,2.815E-3,1.618E-3,922.9E-6,580.2E-6,425.1E-6,348.9E-6,306.4E-6,279.9E-6,261.8E-6,248.7E-6,238.7E-6,0.000,25.33E9,54.95E9,83.44E9,108.7E9,128.9E9,141.8E9,149.2E9,153.8E9,156.9E9,159.4E9,161.5E9,163.3E9,820.4E-18,818.6E-18,816.3E-18,813.0E-18,808.6E-18,804.9E-18,802.9E-18,802.0E-18,801.6E-18,801.4E-18,801.3E-18,801.2E-18,801.2E-18,1.650E-15,1.720E-15,1.806E-15,1.927E-15,2.060E-15,2.136E-15,2.158E-15,2.160E-15,2.157E-15,2.155E-15,2.153E-15,2.152E-15,2.151E-15,1.650E-15,1.557E-15,1.422E-15,1.198E-15,892.3E-18,644.6E-18,519.6E-18,468.1E-18,445.9E-18,433.5E-18,422.6E-18,410.7E-18,399.1E-18,820.4E-18,785.6E-18,754.4E-18,724.6E-18,694.7E-18,667.3E-18,645.4E-18,627.8E-18,613.0E-18,600.1E-18,588.5E-18,578.0E-18,568.3E-18
1.100,0.000,110.6E-3,283.3E-3,609.2E-3,1.167,1.992,2.921,3.776,4.503,5.113,5.633,6.084,6.483,-364.2E-3,-365.5E-3,-368.0E-3,-370.7E-3,-373.5E-3,-376.3E-3,-379.1E-3,-381.9E-3,-384.7E-3,-387.5E-3,-390.3E-3,-393.1E-3,-395.9E-3,0.000,102.8E-3,325.6E-3,826.6E-3,1.756,3.194,4.827,6.306,7.526,8.512,9.316,9.982,10.54,1.000,1.000,1.000,1.000,2.000,2.000,2.000,2.000,2.000,2.000,2.000,2.000,2.000,32.83E-12,-497.6E-6,-879.3E-6,-1.123E-3,-1.266E-3,-1.352E-3,-1.409E-3,-1.451E-3,-1.487E-3,-1.518E-3,-1.547E-3,-1.573E-3,-1.598E-3,0.000,929.5E-3,1.149,1.357,1.504,1.604,1.653,1.670,1.671,1.665,1.654,1.641,1.626,0.000,47.08E-6,86.91E-6,112.3E-6,126.5E-6,134.6E-6,137.7E-6,137.7E-6,135.9E-6,133.1E-6,129.7E-6,125.9E-6,121.8E-6,0.000,462.5E-6,1.011E-3,1.523E-3,1.904E-3,2.168E-3,2.328E-3,2.424E-3,2.485E-3,2.527E-3,2.558E-3,2.581E-3,2.599E-3,5.358E-3,4.500E-3,3.104E-3,1.843E-3,1.084E-3,678.6E-6,482.3E-6,384.4E-6,330.2E-6,296.9E-6,274.6E-6,258.6E-6,246.5E-6,0.000,22.23E9,49.14E9,75.91E9,99.26E9,119.3E9,133.4E9,142.0E9,147.2E9,150.7E9,153.2E9,155.3E9,157.2E9,820.8E-18,819.1E-18,817.0E-18,814.1E-18,810.1E-18,806.3E-18,803.8E-18,802.6E-18,802.1E-18,801.8E-18,801.7E-18,801.6E-18,801.5E-18,1.656E-15,1.722E-15,1.800E-15,1.910E-15,2.039E-15,2.131E-15,2.166E-15,2.173E-15,2.171E-15,2.169E-15,2.167E-15,2.166E-15,2.165E-15,1.656E-15,1.571E-15,1.452E-15,1.258E-15,978.3E-18,713.8E-18,557.2E-18,486.3E-18,455.5E-18,440.0E-18,428.8E-18,417.3E-18,405.1E-18,820.8E-18,786.2E-18,755.3E-18,726.3E-18,697.5E-18,670.1E-18,647.2E-18,629.0E-18,613.8E-18,600.6E-18,588.9E-18,578.3E-18,568.6E-18
1.150,0.000,109.4E-3,274.7E-3,579.6E-3,1.091,1.856,2.784,3.700,4.511,5.206,5.802,6.321,6.779,-391.5E-3,-392.8E-3,-395.3E-3,-398.1E-3,-400.9E-3,-403.7E-3,-406.6E-3,-409.4E-3,-412.2E-3,-415.0E-3,-417.9E-3,-420.7E-3,-423.6E-3,0.000,85.72E-3,268.7E-3,678.7E-3,1.422,2.594,4.043,5.463,6.691,7.711,8.554,9.258,9.853,1.000,1.000,1.000,1.000,1.000,2.000,2.000,2.000,2.000,2.000,2.000,2.000,2.000,42.83E-12,-519.2E-6,-926.9E-6,-1.196E-3,-1.357E-3,-1.457E-3,-1.522E-3,-1.570E-3,-1.609E-3,-1.642E-3,-1.672E-3,-1.700E-3,-1.726E-3,0.000,783.3E-3,978.1E-3,1.171,1.304,1.398,1.452,1.476,1.483,1.481,1.474,1.465,1.453,0.000,41.34E-6,76.83E-6,99.85E-6,112.0E-6,119.1E-6,122.3E-6,122.4E-6,120.8E-6,118.1E-6,114.7E-6,110.9E-6,106.8E-6,0.000,406.7E-6,906.6E-6,1.400E-3,1.769E-3,2.036E-3,2.210E-3,2.317E-3,2.386E-3,2.432E-3,2.465E-3,2.490E-3,2.509E-3,5.546E-3,4.744E-3,3.375E-3,2.063E-3,1.244E-3,785.0E-6,546.6E-6,424.2E-6,356.6E-6,315.4E-6,288.2E-6,268.9E-6,254.6E-6,0.000,19.48E9,43.84E9,69.07E9,90.70E9,109.9E9,124.6E9,134.2E9,140.2E9,144.0E9,146.8E9,148.9E9,150.8E9,821.2E-18,819.6E-18,817.6E-18,815.0E-18,811.4E-18,807.5E-18,804.8E-18,803.3E-18,802.5E-18,802.2E-18,802.0E-18,801.9E-18,801.8E-18,1.661E-15,1.723E-15,1.795E-15,1.894E-15,2.017E-15,2.119E-15,2.169E-15,2.182E-15,2.183E-15,2.181E-15,2.179E-15,2.177E-15,2.176E-15,1.661E-15,1.583E-15,1.477E-15,1.308E-15,1.056E-15,787.9E-18,603.1E-18,510.0E-18,467.8E-18,447.4E-18,435.0E-18,423.8E-18,411.5E-18,821.2E-18,786.6E-18,756.0E-18,727.7E-18,699.8E-18,672.8E-18,649.3E-18,630.2E-18,614.6E-18,601.1E-18,589.3E-18,578.6E-18,568.9E-18
1.200,0.000,108.5E-3,267.3E-3,554.0E-3,1.032,1.737,2.641,3.591,4.473,5.247,5.920,6.508,7.029,-419.2E-3,-420.4E-3,-423.0E-3,-425.8E-3,-428.6E-3,-431.5E-3,-434.3E-3,-437.2E-3,-440.0E-3,-442.9E-3,-445.8E-3,-448.6E-3,-451.5E-3,0.000,71.90E-3,223.6E-3,563.0E-3,1.176,2.128,3.383,4.706,5.912,6.946,7.817,8.552,9.177,1.000,1.000,1.000,1.000,1.000,2.000,2.000,2.000,2.000,2.000,2.000,2.000,2.000,55.28E-12,-538.1E-6,-969.6E-6,-1.262E-3,-1.442E-3,-1.555E-3,-1.629E-3,-1.683E-3,-1.725E-3,-1.761E-3,-1.793E-3,-1.822E-3,-1.849E-3,0.000,663.0E-3,836.3E-3,1.016,1.140,1.225,1.281,1.310,1.322,1.324,1.321,1.314,1.305,0.000,35.99E-6,67.24E-6,87.80E-6,97.95E-6,103.5E-6,106.2E-6,106.4E-6,104.9E-6,102.3E-6,98.92E-6,95.13E-6,91.02E-6,0.000,356.7E-6,810.9E-6,1.283E-3,1.644E-3,1.905E-3,2.087E-3,2.205E-3,2.281E-3,2.331E-3,2.367E-3,2.394E-3,2.414E-3,5.710E-3,4.962E-3,3.627E-3,2.279E-3,1.398E-3,895.1E-6,617.0E-6,468.6E-6,385.7E-6,335.6E-6,302.9E-6,279.9E-6,263.0E-6,0.000,17.04E9,39.04E9,62.80E9,83.10E9,100.9E9,115.8E9,126.2E9,132.9E9,137.2E9,140.2E9,142.4E9,144.3E9,821.5E-18,819.9E-18,818.1E-18,815.7E-18,812.5E-18,808.8E-18,805.7E-18,803.9E-18,803.0E-18,802.5E-18,802.3E-18,802.1E-18,802.1E-18,1.665E-15,1.724E-15,1.791E-15,1.880E-15,1.995E-15,2.103E-15,2.166E-15,2.188E-15,2.192E-15,2.191E-15,2.189E-15,2.187E-15,2.185E-15,1.665E-15,1.593E-15,1.497E-15,1.350E-15,1.126E-15,863.4E-18,656.6E-18,539.8E-18,483.4E-18,456.4E-18,441.4E-18,430.1E-18,418.2E-18,821.5E-18,787.0E-18,756.6E-18,728.7E-18,701.7E-18,675.2E-18,651.4E-18,631.6E-18,615.4E-18,601.7E-18,589.6E-18,578.9E-18,569.1E-18
